timestamp,city,state,lat,lon,aqi,pm25,pm10,co,no2,so2,o3,temperature,humidity,wind_speed,weather_main,weather_description
2026-07-20 09:52:28,Delhi,Delhi,28.6139,77.209,105,105,101,27.6,18.7,7.2,2.1,28.27,81,6.36,,
2026-07-20 09:52:28,Mumbai,Maharashtra,19.076,72.8777,82,82,75,5.9,5.8,4.4,4.4,28.65,78,8.56,,
2026-07-20 09:52:28,Bangalore,Karnataka,12.9716,77.5946,67,51,67,4.6,6.8,2.5,7,28.43,62,7.69,,
2026-07-20 09:52:28,Kolkata,West Bengal,22.5726,88.3639,172,172,,,,,,29.47,75,5.5,,
2026-07-20 09:52:28,Chennai,Tamil Nadu,13.0827,80.2707,46,46,,,,,,35.35,55,0.45,,
2026-07-20 09:52:28,Hyderabad,Telangana,17.385,78.4867,93,93,,,,,,28.79,62,7.05,,
2026-07-20 09:52:28,Pune,Maharashtra,18.5204,73.8567,82,82,75,5.9,5.8,4.4,4.4,24.63,76,6.32,,
2026-07-20 09:52:28,Lucknow,Uttar Pradesh,26.8467,80.9462,128,128,91,10.8,3,3.4,28.4,32.14,54,4.04,,
2026-07-20 09:52:28,Patna,Bihar,25.5941,85.1376,21,107,,1,0.5,0.6,20.9,33.42,56,4.37,,
2026-07-20 09:52:28,Ahmedabad,Gujarat,23.0225,72.5714,82,82,75,5.9,5.8,4.4,4.4,34.35,46,5.98,,
2026-07-20 09:52:28,Jaipur,Rajasthan,26.9124,75.7873,82,82,75,5.9,5.8,4.4,4.4,30.5,57,7.02,,
2026-07-20 09:52:28,Chandigarh,Chandigarh,30.7333,76.7794,163,163,126,6.8,7.2,4.2,4.2,30.89,63,2.04,,
2026-07-20 09:52:28,Bhopal,Madhya Pradesh,23.2599,77.4126,67,51,67,4.6,6.8,2.5,7,31.25,55,3.55,,
2026-07-20 09:52:28,Kanpur,Uttar Pradesh,26.4499,80.3319,150,150,86,6.3,9.9,0.4,5.4,28.41,73,2.8,,
2026-07-20 09:52:28,Guwahati,Assam,26.1445,91.7362,58,13,9,1.9,3.7,2.6,58.4,26.33,91,1.4,,
2026-07-20 12:22:11,Delhi,Delhi,28.6139,77.209,81,81,74,27.8,15.7,8.8,2,27.47,82,4.19,,
2026-07-20 12:22:11,Mumbai,Maharashtra,19.076,72.8777,154,154,79,7.1,10.7,4.2,4.9,28.21,80,9.26,,
2026-07-20 12:22:11,Bangalore,Karnataka,12.9716,77.5946,94,94,53,3.7,5.6,2.6,5,28.26,64,1.34,,
2026-07-20 12:22:11,Kolkata,West Bengal,22.5726,88.3639,172,172,,,,,,28.05,83,4.2,,
2026-07-20 12:22:11,Chennai,Tamil Nadu,13.0827,80.2707,46,46,,,,,,31.29,68,1.34,,
2026-07-20 12:22:11,Hyderabad,Telangana,17.385,78.4867,93,93,,,,,,27.75,66,6.5,,
2026-07-20 12:22:11,Pune,Maharashtra,18.5204,73.8567,154,154,79,7.1,10.7,4.2,4.9,25.18,69,5.11,,
2026-07-20 12:22:11,Lucknow,Uttar Pradesh,26.8467,80.9462,128,128,91,10.8,3,3.4,28.4,30.58,60,5.49,,
2026-07-20 12:22:11,Patna,Bihar,25.5941,85.1376,21,107,,1,0.5,0.6,20.9,31.91,63,5.76,,
2026-07-20 12:22:11,Ahmedabad,Gujarat,23.0225,72.5714,154,154,79,7.1,10.7,4.2,4.9,33.47,50,4.07,,
2026-07-20 12:22:11,Jaipur,Rajasthan,26.9124,75.7873,154,154,79,7.1,10.7,4.2,4.9,30.34,57,6.64,,
2026-07-20 12:22:11,Chandigarh,Chandigarh,30.7333,76.7794,170,170,100,7.3,7.4,3.5,8.2,31.89,60,6.14,,
2026-07-20 12:22:11,Bhopal,Madhya Pradesh,23.2599,77.4126,94,94,53,3.7,5.6,2.6,5,29.42,64,2.6,,
2026-07-20 12:22:11,Kanpur,Uttar Pradesh,26.4499,80.3319,150,150,86,6.3,9.9,0.4,5.4,28.83,73,3.23,,
2026-07-20 12:22:11,Guwahati,Assam,26.1445,91.7362,64,42,11,1.9,2.3,2.1,64.3,25.57,95,0.87,,
2026-07-20 12:57:54,Delhi,Delhi,28.6139,77.209,67,63,67,25.9,13.7,8.7,1.9,28.2,72,2.46,,
2026-07-20 12:57:54,Mumbai,Maharashtra,19.076,72.8777,65,65,60,6.4,9.2,3.5,4,28.19,80,8.91,,
2026-07-20 12:57:54,Bangalore,Karnataka,12.9716,77.5946,48,48,48,4.3,7,2.9,5,25.83,69,1.34,,
2026-07-20 12:57:54,Kolkata,West Bengal,22.5726,88.3639,172,172,,,,,,27.81,84,3.92,,
2026-07-20 12:57:54,Chennai,Tamil Nadu,13.0827,80.2707,46,46,,,,,,30.93,69,4.02,,
2026-07-20 12:57:54,Hyderabad,Telangana,17.385,78.4867,93,93,,,,,,26.5,72,5.81,,
2026-07-20 12:57:54,Pune,Maharashtra,18.5204,73.8567,65,65,60,6.4,9.2,3.5,4,24.63,78,4.74,,
2026-07-20 12:57:54,Lucknow,Uttar Pradesh,26.8467,80.9462,128,128,91,10.8,3,3.4,28.4,29.37,69,4.6,,
2026-07-20 12:57:54,Patna,Bihar,25.5941,85.1376,21,107,,1,0.5,0.6,20.9,30.54,70,5.65,,
2026-07-20 12:57:54,Ahmedabad,Gujarat,23.0225,72.5714,65,65,60,6.4,9.2,3.5,4,32.5,55,6.56,,
2026-07-20 12:57:54,Jaipur,Rajasthan,26.9124,75.7873,65,65,60,6.4,9.2,3.5,4,28.06,68,5.85,,
2026-07-20 12:57:54,Chandigarh,Chandigarh,30.7333,76.7794,124,124,76,6.1,6.5,3.8,3.8,28.49,77,5.57,,
2026-07-20 12:57:54,Bhopal,Madhya Pradesh,23.2599,77.4126,48,48,48,4.3,7,2.9,5,28.27,71,1.91,,
2026-07-20 12:57:54,Kanpur,Uttar Pradesh,26.4499,80.3319,150,150,86,6.3,9.9,0.4,5.4,30.7,64,2.7,,
2026-07-20 12:57:54,Guwahati,Assam,26.1445,91.7362,64,42,11,1.9,2.3,2.1,64.3,24.91,95,0.95,,
2026-07-20 12:57:54,Itanagar,Arunachal Pradesh,27.0844,93.6053,62,46,34,2.8,4.2,2.1,62.3,25.11,98,0.98,,
2026-07-20 12:57:54,Dispur,Assam,26.1433,91.7898,64,42,11,1.9,2.3,2.1,64.3,25.9,96,0.81,,
2026-07-20 12:57:54,Raipur,Chhattisgarh,21.2514,81.6296,113,113,90,3,3.4,0.5,16.8,30.19,68,3.48,,
2026-07-20 12:57:54,Panaji,Goa,15.4909,73.8278,65,65,60,6.4,9.2,3.5,4,27.35,84,6.67,,
2026-07-20 12:57:54,Gandhinagar,Gujarat,23.2156,72.6369,65,65,60,6.4,9.2,3.5,4,33.3,49,4.77,,
2026-07-20 12:57:54,Shimla,Himachal Pradesh,31.1048,77.1734,124,124,76,6.1,6.5,3.8,3.8,19.75,90,0.9,,
2026-07-20 12:57:54,Thiruvananthapuram,Kerala,8.5241,76.9366,40,40,,,,,,26.52,77,4.83,,
2026-07-20 12:57:54,Imphal,Manipur,24.817,93.9368,34,34,6,4.6,1.9,3.6,21.2,20.92,97,0.52,,
2026-07-20 12:57:54,Shillong,Meghalaya,25.5788,91.8933,64,42,11,1.9,2.3,2.1,64.3,18.99,98,1.63,,
2026-07-20 12:57:54,Aizawl,Mizoram,23.7271,92.7176,17,13,17,0.6,0.5,5.8,2.3,18.69,99,0.94,,
2026-07-20 12:57:54,Kohima,Nagaland,25.6751,94.1086,34,34,6,4.6,1.9,3.6,21.2,18.38,98,0.91,,
2026-07-20 12:57:54,Gangtok,Sikkim,27.3389,88.6065,69,69,48,0.7,2.5,0.4,4.3,21.92,94,0.63,,
2026-07-20 12:57:54,Agartala,Tripura,23.8315,91.2868,114,114,68,3.5,6.3,2.9,5.8,25.26,93,2.97,,
2026-07-20 12:57:54,Dehradun,Uttarakhand,30.3165,78.0322,122,122,78,4.6,13.9,3.2,2.4,24.17,97,0.69,,
2026-07-20 12:57:54,Port Blair,Andaman and Nicobar Islands,11.6234,92.7265,34,34,,,2.9,1.1,,28.27,79,6.35,,
2026-07-20 12:57:54,Daman,Dadra and Nagar Haveli and Daman and Diu,20.3974,72.8328,65,65,60,6.4,9.2,3.5,4,27.58,85,8.08,,
2026-07-20 12:57:54,Srinagar,Jammu and Kashmir,34.0837,74.7973,107,107,74,3.7,2.3,3.6,57.1,25.59,68,1.5,,
2026-07-20 12:57:54,Leh,Ladakh,34.1526,77.5771,58,30,27,1,2.8,3.1,58.4,25.58,21,2.47,,
2026-07-20 12:57:54,Kavaratti,Lakshadweep,10.5669,72.642,65,65,60,6.4,9.2,3.5,4,28.3,77,6.62,,
2026-07-20 12:57:54,Puducherry,Puducherry,11.9416,79.8083,44,44,30,3.4,4.6,3.9,17.7,31.85,74,7.48,,
2026-07-20 14:41:03,Delhi,Delhi,28.6139,77.209,64,13,64,26.5,16.6,8.8,2.1,29.1,67,1.59,,
2026-07-20 14:41:03,Mumbai,Maharashtra,19.076,72.8777,72,72,68,5.7,8.7,2.1,4.3,27.95,81,9.24,,
2026-07-20 14:41:03,Bangalore,Karnataka,12.9716,77.5946,48,37,48,4.8,6.9,2.8,4.3,24.72,72,0.45,,
2026-07-20 14:41:03,Kolkata,West Bengal,22.5726,88.3639,172,172,,,,,,27.83,84,3.23,,
2026-07-20 14:41:03,Chennai,Tamil Nadu,13.0827,80.2707,46,46,,,,,,30.33,74,2.24,,
2026-07-20 14:41:03,Hyderabad,Telangana,17.385,78.4867,93,93,,,,,,26.02,74,5.44,,
2026-07-20 14:41:03,Pune,Maharashtra,18.5204,73.8567,72,72,68,5.7,8.7,2.1,4.3,24.63,78,4.23,,
2026-07-20 14:41:03,Lucknow,Uttar Pradesh,26.8467,80.9462,128,128,91,10.8,3,3.4,28.4,27.41,82,1.42,,
2026-07-20 14:41:03,Patna,Bihar,25.5941,85.1376,21,107,,1,0.5,0.6,20.9,28.77,80,5.2,,
2026-07-20 14:41:03,Ahmedabad,Gujarat,23.0225,72.5714,72,72,68,5.7,8.7,2.1,4.3,30.72,62,4.11,,
2026-07-20 14:41:03,Jaipur,Rajasthan,26.9124,75.7873,72,72,68,5.7,8.7,2.1,4.3,26.85,76,4.17,,
2026-07-20 14:41:03,Chandigarh,Chandigarh,30.7333,76.7794,95,95,72,5.2,6.2,3.6,2.7,26.92,79,5.56,,
2026-07-20 14:41:03,Bhopal,Madhya Pradesh,23.2599,77.4126,48,37,48,4.8,6.9,2.8,4.3,27.35,74,2.5,,
2026-07-20 14:41:03,Kanpur,Uttar Pradesh,26.4499,80.3319,150,150,86,6.3,9.9,0.4,5.4,28.75,76,0.67,,
2026-07-20 14:41:03,Guwahati,Assam,26.1445,91.7362,62,25,9,1.9,2.8,2.1,62.3,24.48,95,1,,
2026-07-20 14:41:03,Itanagar,Arunachal Pradesh,27.0844,93.6053,65,13,8,2.8,4.6,2.1,64.9,24.9,98,0.81,,
2026-07-20 14:41:03,Dispur,Assam,26.1433,91.7898,62,25,9,1.9,2.8,2.1,62.3,25.42,96,0.84,,
2026-07-20 14:41:03,Raipur,Chhattisgarh,21.2514,81.6296,113,113,90,3,3.4,0.5,16.8,28.06,78,3.77,,
2026-07-20 14:41:03,Panaji,Goa,15.4909,73.8278,72,72,68,5.7,8.7,2.1,4.3,27.02,84,4.84,,
2026-07-20 14:41:03,Gandhinagar,Gujarat,23.2156,72.6369,72,72,68,5.7,8.7,2.1,4.3,30.59,61,4.73,,
2026-07-20 14:41:03,Shimla,Himachal Pradesh,31.1048,77.1734,95,95,72,5.2,6.2,3.6,2.7,18.5,93,1.08,,
2026-07-20 14:41:03,Thiruvananthapuram,Kerala,8.5241,76.9366,56,56,,,,,,25.74,81,4.19,,
2026-07-20 14:41:03,Imphal,Manipur,24.817,93.9368,46,46,6,4.6,3.2,3.1,15.5,20.59,97,0.53,,
2026-07-20 14:41:03,Shillong,Meghalaya,25.5788,91.8933,62,25,9,1.9,2.8,2.1,62.3,18.75,99,1.51,,
2026-07-20 14:41:03,Aizawl,Mizoram,23.7271,92.7176,17,13,17,0.6,0.5,5.8,2.3,18.49,99,0.56,,
2026-07-20 14:41:03,Kohima,Nagaland,25.6751,94.1086,46,46,6,4.6,3.2,3.1,15.5,17.35,98,1.86,,
2026-07-20 14:41:03,Gangtok,Sikkim,27.3389,88.6065,69,69,48,0.7,2.5,0.4,4.3,20.98,98,0.41,,
2026-07-20 14:41:03,Agartala,Tripura,23.8315,91.2868,114,114,68,3.5,6.3,2.9,5.8,24.58,95,2.06,,
2026-07-20 14:41:03,Dehradun,Uttarakhand,30.3165,78.0322,97,97,65,4.6,14,3.5,1.7,23.85,96,1.4,,
2026-07-20 14:41:03,Port Blair,Andaman and Nicobar Islands,11.6234,92.7265,34,34,,,2.9,1.1,,28.29,78,6.68,,
2026-07-20 14:41:03,Daman,Dadra and Nagar Haveli and Daman and Diu,20.3974,72.8328,72,72,68,5.7,8.7,2.1,4.3,27.09,86,8.3,,
2026-07-20 14:41:03,Srinagar,Jammu and Kashmir,34.0837,74.7973,117,117,76,4.6,5.1,3.6,51.9,24.47,76,1.23,,
2026-07-20 14:41:03,Leh,Ladakh,34.1526,77.5771,60,42,24,1,0.5,3.1,60.4,24.27,23,1.69,,
2026-07-20 14:41:03,Kavaratti,Lakshadweep,10.5669,72.642,72,72,68,5.7,8.7,2.1,4.3,28.5,77,6.48,,
2026-07-20 14:41:03,Puducherry,Puducherry,11.9416,79.8083,44,44,30,3.4,4.6,3.9,17.7,30.18,68,1.62,,
2026-07-20 16:38:04,Delhi,Delhi,28.6139,77.209,71,64,71,28.7,19.5,8.8,1.2,29.42,70,2.64,,
2026-07-20 16:38:04,Mumbai,Maharashtra,19.076,72.8777,109,109,50,7.3,7.3,3.2,4.1,27.87,80,9.53,,
2026-07-20 16:38:04,Bangalore,Karnataka,12.9716,77.5946,66,66,50,4.8,8.6,3.1,4,23.61,75,0.89,,
2026-07-20 16:38:04,Kolkata,West Bengal,22.5726,88.3639,172,172,,,,,,27.81,85,3.74,,
2026-07-20 16:38:04,Chennai,Tamil Nadu,13.0827,80.2707,46,46,,,,,,27.29,88,1.34,,
2026-07-20 16:38:04,Hyderabad,Telangana,17.385,78.4867,93,93,,,,,,25.51,76,6.53,,
2026-07-20 16:38:04,Pune,Maharashtra,18.5204,73.8567,109,109,50,7.3,7.3,3.2,4.1,24.63,80,3.76,,
2026-07-20 16:38:04,Lucknow,Uttar Pradesh,26.8467,80.9462,128,128,91,10.8,3,3.4,28.4,28.26,79,2.06,,
2026-07-20 16:38:04,Patna,Bihar,25.5941,85.1376,21,107,,1,0.5,0.6,20.9,28.47,81,5.37,,
2026-07-20 16:38:04,Ahmedabad,Gujarat,23.0225,72.5714,109,109,50,7.3,7.3,3.2,4.1,31.13,60,2.53,,
2026-07-20 16:38:04,Jaipur,Rajasthan,26.9124,75.7873,109,109,50,7.3,7.3,3.2,4.1,26.34,79,4.86,,
2026-07-20 16:38:04,Chandigarh,Chandigarh,30.7333,76.7794,114,114,87,5.5,8.8,3.8,4.2,26.61,81,6.28,,
2026-07-20 16:38:04,Bhopal,Madhya Pradesh,23.2599,77.4126,66,66,50,4.8,8.6,3.1,4,24.85,91,3.56,,
2026-07-20 16:38:04,Kanpur,Uttar Pradesh,26.4499,80.3319,150,150,86,6.3,9.9,0.4,5.4,26.59,91,1.19,,
2026-07-20 16:38:04,Guwahati,Assam,26.1445,91.7362,50,25,8,1.9,5.5,2.1,50,23.94,96,1.16,,
2026-07-20 16:38:04,Itanagar,Arunachal Pradesh,27.0844,93.6053,46,30,10,2.8,7.4,2.6,46.3,24.52,97,0.82,,
2026-07-20 16:38:04,Dispur,Assam,26.1433,91.7898,50,25,8,1.9,5.5,2.1,50,24.95,96,1.05,,
2026-07-20 16:38:04,Raipur,Chhattisgarh,21.2514,81.6296,113,113,90,3,3.4,0.5,16.8,27.48,81,2.87,,
2026-07-20 16:38:04,Panaji,Goa,15.4909,73.8278,109,109,50,7.3,7.3,3.2,4.1,26.36,86,3.9,,
2026-07-20 16:38:04,Gandhinagar,Gujarat,23.2156,72.6369,109,109,50,7.3,7.3,3.2,4.1,30.34,64,3.9,,
2026-07-20 16:38:04,Shimla,Himachal Pradesh,31.1048,77.1734,114,114,87,5.5,8.8,3.8,4.2,18,97,1.06,,
2026-07-20 16:38:04,Thiruvananthapuram,Kerala,8.5241,76.9366,26,26,,,,,,25.37,84,3.54,,
2026-07-20 16:38:04,Imphal,Manipur,24.817,93.9368,13,13,6,4.6,2.8,4.1,10.6,20.46,97,0.86,,
2026-07-20 16:38:04,Shillong,Meghalaya,25.5788,91.8933,50,25,8,1.9,5.5,2.1,50,18.78,99,1.37,,
2026-07-20 16:38:04,Aizawl,Mizoram,23.7271,92.7176,13,13,6,4.6,2.8,4.1,10.6,18.46,98,0.58,,
2026-07-20 16:38:04,Kohima,Nagaland,25.6751,94.1086,13,13,6,4.6,2.8,4.1,10.6,16.83,98,1.9,,
2026-07-20 16:38:04,Gangtok,Sikkim,27.3389,88.6065,69,69,48,0.7,2.5,0.4,4.3,20.72,98,0.53,,
2026-07-20 16:38:04,Agartala,Tripura,23.8315,91.2868,114,114,68,3.5,6.3,2.9,5.8,24.3,95,2.19,,
2026-07-20 16:38:04,Dehradun,Uttarakhand,30.3165,78.0322,98,98,67,6.4,17,3.4,2.7,23.76,97,1.73,,
2026-07-20 16:38:04,Port Blair,Andaman and Nicobar Islands,11.6234,92.7265,34,34,,,2.9,1.1,,27.96,79,6.52,,
2026-07-20 16:38:04,Daman,Dadra and Nagar Haveli and Daman and Diu,20.3974,72.8328,109,109,50,7.3,7.3,3.2,4.1,26.76,86,8.03,,
2026-07-20 16:38:04,Srinagar,Jammu and Kashmir,34.0837,74.7973,161,161,126,8.2,24.7,3.6,21.2,23.92,81,0.64,,
2026-07-20 16:38:04,Leh,Ladakh,34.1526,77.5771,59,13,8,1.9,1,3.1,59.1,22.73,31,1.29,,
2026-07-20 16:38:04,Kavaratti,Lakshadweep,10.5669,72.642,109,109,50,7.3,7.3,3.2,4.1,28.39,77,5.76,,
2026-07-20 16:38:04,Puducherry,Puducherry,11.9416,79.8083,44,44,30,3.4,4.6,3.9,17.7,29.62,67,6.14,,
2026-07-20 18:58:49,Delhi,Delhi,28.6139,77.209,88,88,85,27.5,17.5,9.3,2.5,29.26,71,1.62,,
2026-07-20 18:58:49,Mumbai,Maharashtra,19.076,72.8777,87,87,22,6.8,10.9,3.2,4.4,27.95,81,10.14,,
2026-07-20 18:58:49,Bangalore,Karnataka,12.9716,77.5946,91,91,73,4,7.3,2.5,4.3,22.5,79,5.25,,
2026-07-20 18:58:49,Kolkata,West Bengal,22.5726,88.3639,172,172,,,,,,26.91,89,2.76,,
2026-07-20 18:58:49,Chennai,Tamil Nadu,13.0827,80.2707,46,46,,,,,,27.87,84,0.89,,
2026-07-20 18:58:49,Hyderabad,Telangana,17.385,78.4867,93,93,,,,,,24.59,83,6.3,,
2026-07-20 18:58:49,Pune,Maharashtra,18.5204,73.8567,87,87,22,6.8,10.9,3.2,4.4,24.63,77,4.87,,
2026-07-20 18:58:49,Lucknow,Uttar Pradesh,26.8467,80.9462,128,128,91,10.8,3,3.4,28.4,28.37,76,0.21,,
2026-07-20 18:58:49,Patna,Bihar,25.5941,85.1376,21,107,,1,0.5,0.6,20.9,27.66,83,4.9,,
2026-07-20 18:58:49,Ahmedabad,Gujarat,23.0225,72.5714,87,87,22,6.8,10.9,3.2,4.4,30.31,64,4.67,,
2026-07-20 18:58:49,Jaipur,Rajasthan,26.9124,75.7873,87,87,22,6.8,10.9,3.2,4.4,26.63,77,4.21,,
2026-07-20 18:58:49,Chandigarh,Chandigarh,30.7333,76.7794,144,144,86,3.9,5.9,4.2,2.8,26.87,81,4.79,,
2026-07-20 18:58:49,Bhopal,Madhya Pradesh,23.2599,77.4126,91,91,73,4,7.3,2.5,4.3,23.81,99,3.1,,
2026-07-20 18:58:49,Kanpur,Uttar Pradesh,26.4499,80.3319,150,150,86,6.3,9.9,0.4,5.4,27.79,78,1.33,,
2026-07-20 18:58:49,Guwahati,Assam,26.1445,91.7362,44,30,9,1.9,6.4,2.1,44.3,23.5,96,0.82,,
2026-07-20 18:58:49,Itanagar,Arunachal Pradesh,27.0844,93.6053,44,30,10,2.8,8.3,2.6,43.5,23.99,96,1.32,,
2026-07-20 18:58:49,Dispur,Assam,26.1433,91.7898,44,30,9,1.9,6.4,2.1,44.3,24.51,96,0.73,,
2026-07-20 18:58:49,Raipur,Chhattisgarh,21.2514,81.6296,113,113,90,3,3.4,0.5,16.8,26.35,86,2.24,,
2026-07-20 18:58:49,Panaji,Goa,15.4909,73.8278,87,87,22,6.8,10.9,3.2,4.4,26.18,87,4.33,,
2026-07-20 18:58:49,Gandhinagar,Gujarat,23.2156,72.6369,87,87,22,6.8,10.9,3.2,4.4,29.26,71,4.64,,
2026-07-20 18:58:49,Shimla,Himachal Pradesh,31.1048,77.1734,144,144,86,3.9,5.9,4.2,2.8,16.93,92,1.45,,
2026-07-20 18:58:49,Thiruvananthapuram,Kerala,8.5241,76.9366,26,26,,,,,,25.01,86,2.35,,
2026-07-20 18:58:49,Imphal,Manipur,24.817,93.9368,13,13,6,4.6,2.3,4.1,10.2,20.58,97,0.66,,
2026-07-20 18:58:49,Shillong,Meghalaya,25.5788,91.8933,44,30,9,1.9,6.4,2.1,44.3,18.68,98,1.25,,
2026-07-20 18:58:49,Aizawl,Mizoram,23.7271,92.7176,13,13,6,4.6,2.3,4.1,10.2,18.45,99,0.63,,
2026-07-20 18:58:49,Kohima,Nagaland,25.6751,94.1086,13,13,6,4.6,2.3,4.1,10.2,16.85,97,1.63,,
2026-07-20 18:58:49,Gangtok,Sikkim,27.3389,88.6065,69,69,48,0.7,2.5,0.4,4.3,20.56,99,0.59,,
2026-07-20 18:58:49,Agartala,Tripura,23.8315,91.2868,114,114,68,3.5,6.3,2.9,5.8,24.47,96,2.09,,
2026-07-20 18:58:49,Dehradun,Uttarakhand,30.3165,78.0322,137,137,74,5.8,16.2,3.1,2.2,23.74,97,1.19,,
2026-07-20 18:58:49,Port Blair,Andaman and Nicobar Islands,11.6234,92.7265,26,26,,,,,,27.96,80,6.52,,
2026-07-20 18:58:49,Daman,Dadra and Nagar Haveli and Daman and Diu,20.3974,72.8328,87,87,22,6.8,10.9,3.2,4.4,26.94,87,8.87,,
2026-07-20 18:58:49,Srinagar,Jammu and Kashmir,34.0837,74.7973,161,161,124,7.3,20.2,3.6,21.2,23.36,79,1.36,,
2026-07-20 18:58:49,Leh,Ladakh,34.1526,77.5771,60,13,7,1,0.5,3.1,60.4,20.92,41,1.59,,
2026-07-20 18:58:49,Kavaratti,Lakshadweep,10.5669,72.642,87,87,22,6.8,10.9,3.2,4.4,28.27,77,5.76,,
2026-07-20 18:58:49,Puducherry,Puducherry,11.9416,79.8083,44,44,30,3.4,4.6,3.9,17.7,29.07,71,6.14,,
2026-07-20 20:37:08,Delhi,Delhi,28.6139,77.209,78,78,72,53.6,17.4,7.3,3,28.98,73,2.46,,
2026-07-20 20:37:08,Mumbai,Maharashtra,19.076,72.8777,74,74,37,9.1,11.5,3.2,4.4,27.81,80,9.94,,
2026-07-20 20:37:08,Bangalore,Karnataka,12.9716,77.5946,65,65,51,3.7,7,2.7,3.5,21.42,82,4.79,,
2026-07-20 20:37:08,Kolkata,West Bengal,22.5726,88.3639,172,172,,,,,,26.67,90,1.76,,
2026-07-20 20:37:08,Chennai,Tamil Nadu,13.0827,80.2707,46,46,,,,,,27.31,84,0.89,,
2026-07-20 20:37:08,Hyderabad,Telangana,17.385,78.4867,93,93,,,,,,24.03,86,6.63,,
2026-07-20 20:37:08,Pune,Maharashtra,18.5204,73.8567,74,74,37,9.1,11.5,3.2,4.4,24.63,73,4.38,,
2026-07-20 20:37:08,Lucknow,Uttar Pradesh,26.8467,80.9462,128,128,91,10.8,3,3.4,28.4,28.01,77,1.17,,
2026-07-20 20:37:08,Patna,Bihar,25.5941,85.1376,21,107,,1,0.5,0.6,20.9,27.47,84,5.05,,
2026-07-20 20:37:08,Ahmedabad,Gujarat,23.0225,72.5714,74,74,37,9.1,11.5,3.2,4.4,29.68,65,5.14,,
2026-07-20 20:37:08,Jaipur,Rajasthan,26.9124,75.7873,74,74,37,9.1,11.5,3.2,4.4,25.88,81,3.63,,
2026-07-20 20:37:08,Chandigarh,Chandigarh,30.7333,76.7794,89,89,54,2.8,3.8,5.2,5,26.59,82,4.59,,
2026-07-20 20:37:08,Bhopal,Madhya Pradesh,23.2599,77.4126,65,65,51,3.7,7,2.7,3.5,23.72,96,1.32,,
2026-07-20 20:37:08,Kanpur,Uttar Pradesh,26.4499,80.3319,150,150,86,6.3,9.9,0.4,5.4,27.59,78,1.67,,
2026-07-20 20:37:08,Guwahati,Assam,26.1445,91.7362,50,13,8,1.9,3.2,2.6,50,23.21,96,0.9,,
2026-07-20 20:37:08,Itanagar,Arunachal Pradesh,27.0844,93.6053,43,25,10,1.9,5.5,2.6,42.7,23.61,97,1.29,,
2026-07-20 20:37:08,Dispur,Assam,26.1433,91.7898,50,13,8,1.9,3.2,2.6,50,24.23,97,0.83,,
2026-07-20 20:37:08,Raipur,Chhattisgarh,21.2514,81.6296,113,113,90,3,3.4,0.5,16.8,26.02,87,1.68,,
2026-07-20 20:37:08,Panaji,Goa,15.4909,73.8278,74,74,37,9.1,11.5,3.2,4.4,26.38,86,5.79,,
2026-07-20 20:37:08,Gandhinagar,Gujarat,23.2156,72.6369,74,74,37,9.1,11.5,3.2,4.4,29.08,70,4.44,,
2026-07-20 20:37:08,Shimla,Himachal Pradesh,31.1048,77.1734,89,89,54,2.8,3.8,5.2,5,17.86,95,1.76,,
2026-07-20 20:37:08,Thiruvananthapuram,Kerala,8.5241,76.9366,48,48,,,,,,24.41,89,2.52,,
2026-07-20 20:37:08,Imphal,Manipur,24.817,93.9368,13,13,6,4.6,1.9,4.1,9.8,20.36,98,0.67,,
2026-07-20 20:37:08,Shillong,Meghalaya,25.5788,91.8933,50,13,8,1.9,3.2,2.6,50,18.62,98,0.91,,
2026-07-20 20:37:08,Aizawl,Mizoram,23.7271,92.7176,13,13,6,4.6,1.9,4.1,9.8,18.29,99,0.71,,
2026-07-20 20:37:08,Kohima,Nagaland,25.6751,94.1086,13,13,6,4.6,1.9,4.1,9.8,16.62,97,1.54,,
2026-07-20 20:37:08,Gangtok,Sikkim,27.3389,88.6065,69,69,48,0.7,2.5,0.4,4.3,20.67,99,0.57,,
2026-07-20 20:37:08,Agartala,Tripura,23.8315,91.2868,114,114,68,3.5,6.3,2.9,5.8,24.21,96,2.41,,
2026-07-20 20:37:08,Dehradun,Uttarakhand,30.3165,78.0322,99,99,53,4.3,14.3,3.5,2.3,23.72,95,1.14,,
2026-07-20 20:37:08,Port Blair,Andaman and Nicobar Islands,11.6234,92.7265,48,48,,,,,,27.9,81,6.41,,
2026-07-20 20:37:08,Daman,Dadra and Nagar Haveli and Daman and Diu,20.3974,72.8328,74,74,37,9.1,11.5,3.2,4.4,26.8,87,8.78,,
2026-07-20 20:37:08,Srinagar,Jammu and Kashmir,34.0837,74.7973,157,157,105,8.2,23.8,4.6,13,21.7,86,0.45,,
2026-07-20 20:37:08,Leh,Ladakh,34.1526,77.5771,57,13,10,1,0.5,2.6,57.1,19.64,47,2,,
2026-07-20 20:37:08,Kavaratti,Lakshadweep,10.5669,72.642,74,74,37,9.1,11.5,3.2,4.4,28.15,77,5.23,,
2026-07-20 20:37:08,Puducherry,Puducherry,11.9416,79.8083,44,44,30,3.4,4.6,3.9,17.7,28.51,73,5.79,,
2026-07-20 22:07:00,Delhi,Delhi,28.6139,77.209,132,132,67,43.9,17.1,11.1,0.7,28.63,75,3.06,,
2026-07-20 22:07:00,Mumbai,Maharashtra,19.076,72.8777,129,129,54,8.2,12.7,2.8,3.7,27.82,80,9.71,,
2026-07-20 22:07:00,Bangalore,Karnataka,12.9716,77.5946,49,31,49,3.7,6.2,2.8,3.4,20.86,85,4.74,,
2026-07-20 22:07:00,Kolkata,West Bengal,22.5726,88.3639,172,172,,,,,,26.55,90,2.02,,
2026-07-20 22:07:00,Chennai,Tamil Nadu,13.0827,80.2707,46,46,,,,,,27.79,84,0.45,,
2026-07-20 22:07:00,Hyderabad,Telangana,17.385,78.4867,93,93,,,,,,24,86,6.44,,
2026-07-20 22:07:00,Pune,Maharashtra,18.5204,73.8567,129,129,54,8.2,12.7,2.8,3.7,24.67,78,5.58,,
2026-07-20 22:07:00,Lucknow,Uttar Pradesh,26.8467,80.9462,128,128,91,10.8,3,3.4,28.4,27.73,79,1.55,,
2026-07-20 22:07:00,Patna,Bihar,25.5941,85.1376,21,107,,1,0.5,0.6,20.9,27.12,85,4.95,,
2026-07-20 22:07:00,Ahmedabad,Gujarat,23.0225,72.5714,129,129,54,8.2,12.7,2.8,3.7,29.11,68,4.87,,
2026-07-20 22:07:00,Jaipur,Rajasthan,26.9124,75.7873,129,129,54,8.2,12.7,2.8,3.7,25.4,85,4.29,,
2026-07-20 22:07:00,Chandigarh,Chandigarh,30.7333,76.7794,28,9,28,3,5.9,5.6,3.1,26.36,83,5.41,,
2026-07-20 22:07:00,Bhopal,Madhya Pradesh,23.2599,77.4126,49,31,49,3.7,6.2,2.8,3.4,23.9,96,3.23,,
2026-07-20 22:07:00,Kanpur,Uttar Pradesh,26.4499,80.3319,150,150,86,6.3,9.9,0.4,5.4,27.28,79,2.1,,
2026-07-20 22:07:00,Guwahati,Assam,26.1445,91.7362,53,13,6,1.9,2.3,2.1,52.6,23.04,96,0.9,,
2026-07-20 22:07:00,Itanagar,Arunachal Pradesh,27.0844,93.6053,39,13,10,1.9,6,3.6,39.4,23.41,97,1.44,,
2026-07-20 22:07:00,Dispur,Assam,26.1433,91.7898,53,13,6,1.9,2.3,2.1,52.6,24.07,97,0.87,,
2026-07-20 22:07:00,Raipur,Chhattisgarh,21.2514,81.6296,113,113,90,3,3.4,0.5,16.8,25.17,93,1.53,,
2026-07-20 22:07:00,Panaji,Goa,15.4909,73.8278,129,129,54,8.2,12.7,2.8,3.7,26.34,86,6.05,,
2026-07-20 22:07:00,Gandhinagar,Gujarat,23.2156,72.6369,129,129,54,8.2,12.7,2.8,3.7,29.03,68,4.83,,
2026-07-20 22:07:00,Shimla,Himachal Pradesh,31.1048,77.1734,28,9,28,3,5.9,5.6,3.1,17.66,96,1.47,,
2026-07-20 22:07:00,Thiruvananthapuram,Kerala,8.5241,76.9366,41,41,,,,,,24.21,90,2.36,,
2026-07-20 22:07:00,Imphal,Manipur,24.817,93.9368,13,13,6,4.6,1.9,4.1,9.8,20.13,98,0.62,,
2026-07-20 22:07:00,Shillong,Meghalaya,25.5788,91.8933,53,13,6,1.9,2.3,2.1,52.6,18.52,98,0.86,,
2026-07-20 22:07:00,Aizawl,Mizoram,23.7271,92.7176,13,13,6,4.6,1.9,4.1,9.8,18.28,99,0.64,,
2026-07-20 22:07:00,Kohima,Nagaland,25.6751,94.1086,13,13,6,4.6,1.9,4.1,9.8,16.47,97,1.74,,
2026-07-20 22:07:00,Gangtok,Sikkim,27.3389,88.6065,69,69,48,0.7,2.5,0.4,4.3,20.31,99,0.2,,
2026-07-20 22:07:00,Agartala,Tripura,23.8315,91.2868,114,114,68,3.5,6.3,2.9,5.8,24.15,96,2.5,,
2026-07-20 22:07:00,Dehradun,Uttarakhand,30.3165,78.0322,68,68,42,3.7,16.5,3.8,1.8,23.74,95,0.78,,
2026-07-20 22:07:00,Port Blair,Andaman and Nicobar Islands,11.6234,92.7265,41,41,,,,,,27.99,80,6.49,,
2026-07-20 22:07:00,Daman,Dadra and Nagar Haveli and Daman and Diu,20.3974,72.8328,129,129,54,8.2,12.7,2.8,3.7,26.78,87,8.95,,
2026-07-20 22:07:00,Srinagar,Jammu and Kashmir,34.0837,74.7973,159,159,111,8.2,25.2,3.6,8.6,20.59,90,0.91,,
2026-07-20 22:07:00,Leh,Ladakh,34.1526,77.5771,60,13,9,1,0.5,2.6,59.7,18.47,54,3.31,,
2026-07-20 22:07:00,Kavaratti,Lakshadweep,10.5669,72.642,129,129,54,8.2,12.7,2.8,3.7,28.13,78,5.27,,
2026-07-20 22:07:00,Puducherry,Puducherry,11.9416,79.8083,44,44,30,3.4,4.6,3.9,17.7,27.96,75,5.04,,
2026-07-20 23:33:10,Delhi,Delhi,28.6139,77.209,54,38,54,39.8,17.5,5.4,1.6,28.16,77,2.6,,
2026-07-20 23:33:10,Mumbai,Maharashtra,19.076,72.8777,74,74,23,8.6,10.5,2.7,3.4,27.92,79,9.5,,
2026-07-20 23:33:10,Bangalore,Karnataka,12.9716,77.5946,48,48,40,3.7,5.9,1.7,4.3,20.83,88,4.95,,
2026-07-20 23:33:10,Kolkata,West Bengal,22.5726,88.3639,172,172,,,,,,26.25,91,2.88,,
2026-07-20 23:33:10,Chennai,Tamil Nadu,13.0827,80.2707,46,46,,,,,,27.71,85,3.86,,
2026-07-20 23:33:10,Hyderabad,Telangana,17.385,78.4867,93,93,,,,,,23.83,85,6.79,,
2026-07-20 23:33:10,Pune,Maharashtra,18.5204,73.8567,74,74,23,8.6,10.5,2.7,3.4,24.63,71,4.77,,
2026-07-20 23:33:10,Lucknow,Uttar Pradesh,26.8467,80.9462,128,128,91,10.8,3,3.4,28.4,27.07,82,1.59,,
2026-07-20 23:33:10,Patna,Bihar,25.5941,85.1376,21,107,,1,0.5,0.6,20.9,26.9,85,5.17,,
2026-07-20 23:33:10,Ahmedabad,Gujarat,23.0225,72.5714,74,74,23,8.6,10.5,2.7,3.4,28.33,72,4.44,,
2026-07-20 23:33:10,Jaipur,Rajasthan,26.9124,75.7873,74,74,23,8.6,10.5,2.7,3.4,25.5,85,4.4,,
2026-07-20 23:33:10,Chandigarh,Chandigarh,30.7333,76.7794,59,59,44,3.7,6.2,6,3.3,25.83,87,5.11,,
2026-07-20 23:33:10,Bhopal,Madhya Pradesh,23.2599,77.4126,48,48,40,3.7,5.9,1.7,4.3,23.5,97,3.95,,
2026-07-20 23:33:10,Kanpur,Uttar Pradesh,26.4499,80.3319,150,150,86,6.3,9.9,0.4,5.4,26.93,81,1.75,,
2026-07-20 23:33:10,Guwahati,Assam,26.1445,91.7362,49,25,6,1.9,2.3,2.1,49.2,23.52,96,0.97,,
2026-07-20 23:33:10,Itanagar,Arunachal Pradesh,27.0844,93.6053,39,13,11,1.9,4.6,3.6,39,24.02,95,1.33,,
2026-07-20 23:33:10,Dispur,Assam,26.1433,91.7898,49,25,6,1.9,2.3,2.1,49.2,24.56,96,0.92,,
2026-07-20 23:33:10,Raipur,Chhattisgarh,21.2514,81.6296,113,113,90,3,3.4,0.5,16.8,25.22,92,3.23,,
2026-07-20 23:33:10,Panaji,Goa,15.4909,73.8278,74,74,23,8.6,10.5,2.7,3.4,26.37,85,5.78,,
2026-07-20 23:33:10,Gandhinagar,Gujarat,23.2156,72.6369,74,74,23,8.6,10.5,2.7,3.4,28.18,72,4.69,,
2026-07-20 23:33:10,Shimla,Himachal Pradesh,31.1048,77.1734,59,59,44,3.7,6.2,6,3.3,17.36,95,1.52,,
2026-07-20 23:33:10,Thiruvananthapuram,Kerala,8.5241,76.9366,41,41,,,,,,23.7,92,2.03,,
2026-07-20 23:33:10,Imphal,Manipur,24.817,93.9368,13,13,6,4.6,1.9,5.1,9.4,20.65,97,0.54,,
2026-07-20 23:33:10,Shillong,Meghalaya,25.5788,91.8933,49,25,6,1.9,2.3,2.1,49.2,18.69,98,0.84,,
2026-07-20 23:33:10,Aizawl,Mizoram,23.7271,92.7176,13,13,6,4.6,1.9,5.1,9.4,18.32,99,0.51,,
2026-07-20 23:33:10,Kohima,Nagaland,25.6751,94.1086,13,13,6,4.6,1.9,5.1,9.4,17.42,96,1.55,,
2026-07-20 23:33:10,Gangtok,Sikkim,27.3389,88.6065,69,69,48,0.7,2.5,0.4,4.3,20.86,96,0.35,,
2026-07-20 23:33:10,Agartala,Tripura,23.8315,91.2868,114,114,68,3.5,6.3,2.9,5.8,24.25,96,2.41,,
2026-07-20 23:33:10,Dehradun,Uttarakhand,30.3165,78.0322,79,79,51,4.6,13.2,3.3,2.7,23.33,97,0.61,,
2026-07-20 23:33:10,Port Blair,Andaman and Nicobar Islands,11.6234,92.7265,41,41,,,,,,27.91,81,6.79,,
2026-07-20 23:33:10,Daman,Dadra and Nagar Haveli and Daman and Diu,20.3974,72.8328,74,74,23,8.6,10.5,2.7,3.4,26.95,86,8.1,,
2026-07-20 23:33:10,Srinagar,Jammu and Kashmir,34.0837,74.7973,158,158,110,6.4,18.3,3.1,11.4,20.59,91,0.33,,
2026-07-20 23:33:10,Leh,Ladakh,34.1526,77.5771,59,13,6,1,0.5,3.1,59.1,16.99,66,3.06,,
2026-07-20 23:33:10,Kavaratti,Lakshadweep,10.5669,72.642,74,74,23,8.6,10.5,2.7,3.4,28.25,77,6.16,,
2026-07-20 23:33:10,Puducherry,Puducherry,11.9416,79.8083,44,44,30,3.4,4.6,3.9,17.7,26.85,72,3.74,,
2026-07-21 03:29:02,Delhi,Delhi,28.6139,77.209,50,22,50,31.2,12.3,6.6,1.9,29.39,72,4.11,,
2026-07-21 03:29:02,Mumbai,Maharashtra,19.076,72.8777,85,85,11,9.5,11.1,3.7,8.3,28.12,79,9.28,,
2026-07-21 03:29:02,Bangalore,Karnataka,12.9716,77.5946,59,59,19,3.9,8.7,2,4.8,22.98,81,0.45,,
2026-07-21 03:29:02,Kolkata,West Bengal,22.5726,88.3639,172,172,,,,,,26.83,87,3.94,,
2026-07-21 03:29:02,Chennai,Tamil Nadu,13.0827,80.2707,46,46,,,,,,30.27,79,0.45,,
2026-07-21 03:29:02,Hyderabad,Telangana,17.385,78.4867,93,93,,,,,,24.18,81,6.45,,
2026-07-21 03:29:02,Pune,Maharashtra,18.5204,73.8567,85,85,11,9.5,11.1,3.7,8.3,25.22,70,5.6,,
2026-07-21 03:29:02,Lucknow,Uttar Pradesh,26.8467,80.9462,128,128,91,10.8,3,3.4,28.4,29.57,71,5.92,,
2026-07-21 03:29:02,Patna,Bihar,25.5941,85.1376,21,107,,1,0.5,0.6,20.9,27.27,80,5.4,,
2026-07-21 03:29:02,Ahmedabad,Gujarat,23.0225,72.5714,85,85,11,9.5,11.1,3.7,8.3,30.05,65,4.62,,
2026-07-21 03:29:02,Jaipur,Rajasthan,26.9124,75.7873,85,85,11,9.5,11.1,3.7,8.3,25.37,86,0.96,,
2026-07-21 03:29:02,Chandigarh,Chandigarh,30.7333,76.7794,50,50,46,3.9,2.6,6.4,4.3,25.64,88,3.02,,
2026-07-21 03:29:02,Bhopal,Madhya Pradesh,23.2599,77.4126,59,59,19,3.9,8.7,2,4.8,23.8,95,3.78,,
2026-07-21 03:29:02,Kanpur,Uttar Pradesh,26.4499,80.3319,150,150,86,6.3,9.9,0.4,5.4,28.31,74,1.78,,
2026-07-21 03:29:02,Guwahati,Assam,26.1445,91.7362,48,25,8,2.8,7.8,2.6,48,26.84,86,2.12,,
2026-07-21 03:29:02,Itanagar,Arunachal Pradesh,27.0844,93.6053,51,25,6,1.9,5.5,2.6,50.6,29.88,76,1.4,,
2026-07-21 03:29:02,Dispur,Assam,26.1433,91.7898,48,25,8,2.8,7.8,2.6,48,29.01,83,2.29,,
2026-07-21 03:29:02,Raipur,Chhattisgarh,21.2514,81.6296,113,113,90,3,3.4,0.5,16.8,25.63,88,4.54,,
2026-07-21 03:29:02,Panaji,Goa,15.4909,73.8278,85,85,11,9.5,11.1,3.7,8.3,27.46,82,5.63,,
2026-07-21 03:29:02,Gandhinagar,Gujarat,23.2156,72.6369,85,85,11,9.5,11.1,3.7,8.3,31.19,60,4.57,,
2026-07-21 03:29:02,Shimla,Himachal Pradesh,31.1048,77.1734,50,50,46,3.9,2.6,6.4,4.3,17.13,95,1.28,,
2026-07-21 03:29:02,Thiruvananthapuram,Kerala,8.5241,76.9366,13,13,,,,,,27.1,74,3.01,,
2026-07-21 03:29:02,Imphal,Manipur,24.817,93.9368,34,34,9,5.5,6,7.1,6.1,24.48,88,1.54,,
2026-07-21 03:29:02,Shillong,Meghalaya,25.5788,91.8933,48,25,8,2.8,7.8,2.6,48,20.42,95,1.04,,
2026-07-21 03:29:02,Aizawl,Mizoram,23.7271,92.7176,34,34,9,5.5,6,7.1,6.1,19.5,98,0.44,,
2026-07-21 03:29:02,Kohima,Nagaland,25.6751,94.1086,34,34,9,5.5,6,7.1,6.1,23.13,80,0.53,,
2026-07-21 03:29:02,Gangtok,Sikkim,27.3389,88.6065,69,69,48,0.7,2.5,0.4,4.3,24.89,83,2.22,,
2026-07-21 03:29:02,Agartala,Tripura,23.8315,91.2868,114,114,68,3.5,6.3,2.9,5.8,28.11,82,2.44,,
2026-07-21 03:29:02,Dehradun,Uttarakhand,30.3165,78.0322,30,30,51,3.7,18.5,3.2,2.9,24.05,93,0.74,,
2026-07-21 03:29:02,Port Blair,Andaman and Nicobar Islands,11.6234,92.7265,43,43,,,2.9,0.6,,29.07,77,7.76,,
2026-07-21 03:29:02,Daman,Dadra and Nagar Haveli and Daman and Diu,20.3974,72.8328,85,85,11,9.5,11.1,3.7,8.3,27.9,83,7.59,,
2026-07-21 03:29:02,Srinagar,Jammu and Kashmir,34.0837,74.7973,164,164,123,5.5,12.8,4.1,30.5,21.7,86,0.45,,
2026-07-21 03:29:02,Leh,Ladakh,34.1526,77.5771,56,13,10,1.9,2.8,2.6,55.8,16.26,70,2.99,,
2026-07-21 03:29:02,Kavaratti,Lakshadweep,10.5669,72.642,85,85,11,9.5,11.1,3.7,8.3,28.2,76,5.27,,
2026-07-21 03:29:02,Puducherry,Puducherry,11.9416,79.8083,44,44,30,3.4,4.6,3.9,17.7,31.94,49,5.74,,
2026-07-21 06:13:55,Delhi,Delhi,28.6139,77.209,58,13,58,17.2,17.4,6.8,5.6,31.78,62,5.39,,
2026-07-21 06:13:55,Mumbai,Maharashtra,19.076,72.8777,55,55,16,9.1,9.8,2.4,4.1,28.95,76,10.17,,
2026-07-21 06:13:55,Bangalore,Karnataka,12.9716,77.5946,17,5,17,4.3,5.2,1.8,5.6,26.96,70,1.34,,
2026-07-21 06:13:55,Kolkata,West Bengal,22.5726,88.3639,172,172,,,,,,26.94,89,3.5,,
2026-07-21 06:13:55,Chennai,Tamil Nadu,13.0827,80.2707,46,46,,,,,,33.46,58,0.89,,
2026-07-21 06:13:55,Hyderabad,Telangana,17.385,78.4867,93,93,,,,,,26.06,71,6.86,,
2026-07-21 06:13:55,Pune,Maharashtra,18.5204,73.8567,55,55,16,9.1,9.8,2.4,4.1,26.85,59,5.78,,
2026-07-21 06:13:55,Lucknow,Uttar Pradesh,26.8467,80.9462,128,128,91,10.8,3,3.4,28.4,31.31,64,6.88,,
2026-07-21 06:13:55,Patna,Bihar,25.5941,85.1376,21,107,,1,0.5,0.6,20.9,31.03,62,5.78,,
2026-07-21 06:13:55,Ahmedabad,Gujarat,23.0225,72.5714,55,55,16,9.1,9.8,2.4,4.1,32.61,53,5.07,,
2026-07-21 06:13:55,Jaipur,Rajasthan,26.9124,75.7873,55,55,16,9.1,9.8,2.4,4.1,25.98,82,1.13,,
2026-07-21 06:13:55,Chandigarh,Chandigarh,30.7333,76.7794,38,38,23,4.6,4.7,5.8,5.4,25.81,88,6.01,,
2026-07-21 06:13:55,Bhopal,Madhya Pradesh,23.2599,77.4126,17,5,17,4.3,5.2,1.8,5.6,24.68,90,3.71,,
2026-07-21 06:13:55,Kanpur,Uttar Pradesh,26.4499,80.3319,150,150,86,6.3,9.9,0.4,5.4,31.35,62,1.74,,
2026-07-21 06:13:55,Guwahati,Assam,26.1445,91.7362,61,25,8,1.9,3.7,2.1,61,29.23,77,0.92,,
2026-07-21 06:13:55,Itanagar,Arunachal Pradesh,27.0844,93.6053,64,13,6,1.9,4.2,2.1,63.6,32.15,66,1.44,,
2026-07-21 06:13:55,Dispur,Assam,26.1433,91.7898,61,25,8,1.9,3.7,2.1,61,30.52,76,1.01,,
2026-07-21 06:13:55,Raipur,Chhattisgarh,21.2514,81.6296,113,113,90,3,3.4,0.5,16.8,25.46,88,4.37,,
2026-07-21 06:13:55,Panaji,Goa,15.4909,73.8278,55,55,16,9.1,9.8,2.4,4.1,27.67,80,5.94,,
2026-07-21 06:13:55,Gandhinagar,Gujarat,23.2156,72.6369,55,55,16,9.1,9.8,2.4,4.1,33.42,50,4.85,,
2026-07-21 06:13:55,Shimla,Himachal Pradesh,31.1048,77.1734,38,38,23,4.6,4.7,5.8,5.4,17.45,88,0.92,,
2026-07-21 06:13:55,Thiruvananthapuram,Kerala,8.5241,76.9366,13,13,,,,,,29.83,61,4.75,,
2026-07-21 06:13:55,Imphal,Manipur,24.817,93.9368,21,13,6,4.6,2.3,5.6,20.8,25.55,85,1.9,,
2026-07-21 06:13:55,Shillong,Meghalaya,25.5788,91.8933,61,25,8,1.9,3.7,2.1,61,21.78,87,0.45,,
2026-07-21 06:13:55,Aizawl,Mizoram,23.7271,92.7176,21,13,6,4.6,2.3,5.6,20.8,21.27,90,0.95,,
2026-07-21 06:13:55,Kohima,Nagaland,25.6751,94.1086,21,13,6,4.6,2.3,5.6,20.8,22.99,87,0.81,,
2026-07-21 06:13:55,Gangtok,Sikkim,27.3389,88.6065,69,69,48,0.7,2.5,0.4,4.3,24.7,86,2.34,,
2026-07-21 06:13:55,Agartala,Tripura,23.8315,91.2868,114,114,68,3.5,6.3,2.9,5.8,30.13,75,3.03,,
2026-07-21 06:13:55,Dehradun,Uttarakhand,30.3165,78.0322,61,61,22,3.7,27.4,3.1,2.7,23.93,94,1.24,,
2026-07-21 06:13:55,Port Blair,Andaman and Nicobar Islands,11.6234,92.7265,38,38,,,2.4,0.6,,29.4,75,7.53,,
2026-07-21 06:13:55,Daman,Dadra and Nagar Haveli and Daman and Diu,20.3974,72.8328,55,55,16,9.1,9.8,2.4,4.1,28.53,81,8.24,,
2026-07-21 06:13:55,Srinagar,Jammu and Kashmir,34.0837,74.7973,161,161,132,2.8,3.7,3.6,49.6,23.36,82,0.89,,
2026-07-21 06:13:55,Leh,Ladakh,34.1526,77.5771,56,13,7,1,1.9,2.6,55.8,17.38,60,3.56,,
2026-07-21 06:13:55,Kavaratti,Lakshadweep,10.5669,72.642,55,55,16,9.1,9.8,2.4,4.1,28.33,76,5.2,,
2026-07-21 06:13:55,Puducherry,Puducherry,11.9416,79.8083,44,44,30,3.4,4.6,3.9,17.7,34.07,44,4.34,,
2026-07-21 09:12:27,Delhi,Delhi,28.6139,77.209,65,65,52,7.7,13.1,5.1,2.8,30.25,68,3.47,,
2026-07-21 09:12:27,Mumbai,Maharashtra,19.076,72.8777,82,82,18,9.1,6.5,2.3,4.1,28.73,78,10.6,,
2026-07-21 09:12:27,Bangalore,Karnataka,12.9716,77.5946,158,158,62,4.1,5.4,1.8,7.3,28.62,59,0.89,,
2026-07-21 09:12:27,Kolkata,West Bengal,22.5726,88.3639,172,172,,,,,,30.28,71,5.06,,
2026-07-21 09:12:27,Chennai,Tamil Nadu,13.0827,80.2707,46,46,,,,,,36.26,54,1.34,,
2026-07-21 09:12:27,Hyderabad,Telangana,17.385,78.4867,93,93,,,,,,26.83,70,6.8,,
2026-07-21 09:12:27,Pune,Maharashtra,18.5204,73.8567,82,82,18,9.1,6.5,2.3,4.1,26.39,89,6.07,,
2026-07-21 09:12:27,Lucknow,Uttar Pradesh,26.8467,80.9462,128,128,91,10.8,3,3.4,28.4,32.89,58,6.81,,
2026-07-21 09:12:27,Patna,Bihar,25.5941,85.1376,21,107,,1,0.5,0.6,20.9,34.27,48,6.22,,
2026-07-21 09:12:27,Ahmedabad,Gujarat,23.0225,72.5714,82,82,18,9.1,6.5,2.3,4.1,34.03,48,4.68,,
2026-07-21 09:12:27,Jaipur,Rajasthan,26.9124,75.7873,82,82,18,9.1,6.5,2.3,4.1,24.78,92,0.87,,
2026-07-21 09:12:27,Chandigarh,Chandigarh,30.7333,76.7794,34,34,28,3.2,5.8,5.7,8.2,32.56,55,7.28,,
2026-07-21 09:12:27,Bhopal,Madhya Pradesh,23.2599,77.4126,158,158,62,4.1,5.4,1.8,7.3,24.2,93,4.33,,
2026-07-21 09:12:27,Kanpur,Uttar Pradesh,26.4499,80.3319,150,150,86,6.3,9.9,0.4,5.4,32.3,61,4.36,,
2026-07-21 09:12:27,Guwahati,Assam,26.1445,91.7362,62,13,8,1.9,2.8,2.6,61.7,29.04,81,1.94,,
2026-07-21 09:12:27,Itanagar,Arunachal Pradesh,27.0844,93.6053,70,13,8,1.9,3.7,2.6,69.5,31.29,72,2.09,,
2026-07-21 09:12:27,Dispur,Assam,26.1433,91.7898,62,13,8,1.9,2.8,2.6,61.7,30.11,81,1.85,,
2026-07-21 09:12:27,Raipur,Chhattisgarh,21.2514,81.6296,113,113,90,3,3.4,0.5,16.8,24.86,91,6.13,,
2026-07-21 09:12:27,Panaji,Goa,15.4909,73.8278,82,82,18,9.1,6.5,2.3,4.1,27.72,81,5.75,,
2026-07-21 09:12:27,Gandhinagar,Gujarat,23.2156,72.6369,82,82,18,9.1,6.5,2.3,4.1,33.66,49,4.82,,
2026-07-21 09:12:27,Shimla,Himachal Pradesh,31.1048,77.1734,34,34,28,3.2,5.8,5.7,8.2,18.12,92,0.48,,
2026-07-21 09:12:27,Thiruvananthapuram,Kerala,8.5241,76.9366,158,158,62,4.1,5.4,1.8,7.3,30.1,61,6.16,,
2026-07-21 09:12:27,Imphal,Manipur,24.817,93.9368,34,34,6,4.6,1.9,4.1,21.2,26.99,80,1.17,,
2026-07-21 09:12:27,Shillong,Meghalaya,25.5788,91.8933,62,13,8,1.9,2.8,2.6,61.7,21.07,94,1.3,,
2026-07-21 09:12:27,Aizawl,Mizoram,23.7271,92.7176,34,34,6,4.6,1.9,4.1,21.2,23.68,90,0.85,,
2026-07-21 09:12:27,Kohima,Nagaland,25.6751,94.1086,34,34,6,4.6,1.9,4.1,21.2,22.81,92,0.82,,
2026-07-21 09:12:27,Gangtok,Sikkim,27.3389,88.6065,69,69,48,0.7,2.5,0.4,4.3,24.4,88,1.52,,
2026-07-21 09:12:27,Agartala,Tripura,23.8315,91.2868,114,114,68,3.5,6.3,2.9,5.8,29.57,80,3.94,,
2026-07-21 09:12:27,Dehradun,Uttarakhand,30.3165,78.0322,66,63,66,3.7,27.8,3.5,3.4,26.76,83,1.57,,
2026-07-21 09:12:27,Port Blair,Andaman and Nicobar Islands,11.6234,92.7265,45,45,,,2.9,0.6,,29.31,75,7.35,,
2026-07-21 09:12:27,Daman,Dadra and Nagar Haveli and Daman and Diu,20.3974,72.8328,82,82,18,9.1,6.5,2.3,4.1,28.56,81,9.08,,
2026-07-21 09:12:27,Srinagar,Jammu and Kashmir,34.0837,74.7973,163,163,127,2.8,1.9,2.6,55.2,22.81,84,3.71,,
2026-07-21 09:12:27,Leh,Ladakh,34.1526,77.5771,52,13,6,1,1,3.1,51.9,16.51,63,1.7,,
2026-07-21 09:12:27,Kavaratti,Lakshadweep,10.5669,72.642,82,82,18,9.1,6.5,2.3,4.1,28.37,77,5,,
2026-07-21 09:12:27,Puducherry,Puducherry,11.9416,79.8083,44,44,30,3.4,4.6,3.9,17.7,35.53,44,4.55,,
2026-07-21 11:25:19,Delhi,Delhi,28.6139,77.209,53,53,51,7.9,12.6,4.8,4.1,29.16,74,3.24,,
2026-07-21 11:25:19,Mumbai,Maharashtra,19.076,72.8777,65,65,3,9.4,5.8,4.1,4.1,28.44,79,10.67,,
2026-07-21 11:25:19,Bangalore,Karnataka,12.9716,77.5946,49,49,41,4.3,4.6,1.5,7.7,28.49,61,0.89,,
2026-07-21 11:25:19,Kolkata,West Bengal,22.5726,88.3639,172,172,,,,,,28.5,80,4.63,,
2026-07-21 11:25:19,Chennai,Tamil Nadu,13.0827,80.2707,46,46,,,,,,32.22,71,0.89,,
2026-07-21 11:25:19,Hyderabad,Telangana,17.385,78.4867,93,93,,,,,,26.88,67,6.07,,
2026-07-21 11:25:19,Pune,Maharashtra,18.5204,73.8567,65,65,3,9.4,5.8,4.1,4.1,24.63,85,7.36,,
2026-07-21 11:25:19,Lucknow,Uttar Pradesh,26.8467,80.9462,128,128,91,10.8,3,3.4,28.4,32.81,57,6.33,,
2026-07-21 11:25:19,Patna,Bihar,25.5941,85.1376,21,107,,1,0.5,0.6,20.9,33.23,52,6.1,,
2026-07-21 11:25:19,Ahmedabad,Gujarat,23.0225,72.5714,65,65,3,9.4,5.8,4.1,4.1,33.37,50,6.89,,
2026-07-21 11:25:19,Jaipur,Rajasthan,26.9124,75.7873,65,65,3,9.4,5.8,4.1,4.1,25.02,92,2.44,,
2026-07-21 11:25:19,Chandigarh,Chandigarh,30.7333,76.7794,46,46,29,2.2,2.5,6.1,6.3,31.07,61,3.76,,
2026-07-21 11:25:19,Bhopal,Madhya Pradesh,23.2599,77.4126,49,49,41,4.3,4.6,1.5,7.7,24.14,91,4.14,,
2026-07-21 11:25:19,Kanpur,Uttar Pradesh,26.4499,80.3319,150,150,86,6.3,9.9,0.4,5.4,31.67,64,4.67,,
2026-07-21 11:25:19,Guwahati,Assam,26.1445,91.7362,64,13,9,1,2.8,2.1,64.3,27.73,85,1.96,,
2026-07-21 11:25:19,Itanagar,Arunachal Pradesh,27.0844,93.6053,66,25,6,1.9,3.7,2.6,65.6,29.68,83,1.15,,
2026-07-21 11:25:19,Dispur,Assam,26.1433,91.7898,64,13,9,1,2.8,2.1,64.3,28.68,87,1.88,,
2026-07-21 11:25:19,Raipur,Chhattisgarh,21.2514,81.6296,113,113,90,3,3.4,0.5,16.8,24.68,91,5.91,,
2026-07-21 11:25:19,Panaji,Goa,15.4909,73.8278,65,65,3,9.4,5.8,4.1,4.1,27.54,82,5.5,,
2026-07-21 11:25:19,Gandhinagar,Gujarat,23.2156,72.6369,65,65,3,9.4,5.8,4.1,4.1,33.99,48,4.24,,
2026-07-21 11:25:19,Shimla,Himachal Pradesh,31.1048,77.1734,46,46,29,2.2,2.5,6.1,6.3,17.49,97,0.93,,
2026-07-21 11:25:19,Thiruvananthapuram,Kerala,8.5241,76.9366,49,49,41,4.3,4.6,1.5,7.7,28.88,67,5.89,,
2026-07-21 11:25:19,Imphal,Manipur,24.817,93.9368,22,13,6,4.6,1,3.6,22,25.55,89,0.65,,
2026-07-21 11:25:19,Shillong,Meghalaya,25.5788,91.8933,64,13,9,1,2.8,2.1,64.3,20.4,96,1.5,,
2026-07-21 11:25:19,Aizawl,Mizoram,23.7271,92.7176,22,13,6,4.6,1,3.6,22,21.12,97,1.03,,
2026-07-21 11:25:19,Kohima,Nagaland,25.6751,94.1086,22,13,6,4.6,1,3.6,22,22.08,95,0.74,,
2026-07-21 11:25:19,Gangtok,Sikkim,27.3389,88.6065,69,69,48,0.7,2.5,0.4,4.3,23.92,89,1.02,,
2026-07-21 11:25:19,Agartala,Tripura,23.8315,91.2868,114,114,68,3.5,6.3,2.9,5.8,27.34,89,4.48,,
2026-07-21 11:25:19,Dehradun,Uttarakhand,30.3165,78.0322,74,68,74,4.6,40.2,3.3,4.7,27.1,81,1.51,,
2026-07-21 11:25:19,Port Blair,Andaman and Nicobar Islands,11.6234,92.7265,45,45,,,2.9,0.6,,28.84,77,7.03,,
2026-07-21 11:25:19,Daman,Dadra and Nagar Haveli and Daman and Diu,20.3974,72.8328,65,65,3,9.4,5.8,4.1,4.1,28.06,82,9.22,,
2026-07-21 11:25:19,Srinagar,Jammu and Kashmir,34.0837,74.7973,157,157,119,3.7,1.9,3.1,67.5,24.57,64,3.85,,
2026-07-21 11:25:19,Leh,Ladakh,34.1526,77.5771,48,13,6,1,1,3.1,48.4,18.88,53,2.17,,
2026-07-21 11:25:19,Kavaratti,Lakshadweep,10.5669,72.642,65,65,3,9.4,5.8,4.1,4.1,28.46,76,5.22,,
2026-07-21 11:25:19,Puducherry,Puducherry,11.9416,79.8083,44,44,30,3.4,4.6,3.9,17.7,34.62,62,8.53,,
2026-07-21 12:57:32,Delhi,Delhi,28.6139,77.209,74,74,69,8.4,14.2,6,3.4,29.58,71,3.21,,
2026-07-21 12:57:32,Mumbai,Maharashtra,19.076,72.8777,72,72,35,9.1,6.4,3.3,12.2,28.19,80,10.53,,
2026-07-21 12:57:32,Bangalore,Karnataka,12.9716,77.5946,43,24,43,3.9,6.1,1.8,7.2,27.97,60,4.81,,
2026-07-21 12:57:32,Kolkata,West Bengal,22.5726,88.3639,172,172,,,,,,26.4,90,4.68,,
2026-07-21 12:57:32,Chennai,Tamil Nadu,13.0827,80.2707,46,46,,,,,,30.23,74,1.79,,
2026-07-21 12:57:32,Hyderabad,Telangana,17.385,78.4867,93,93,,,,,,25.02,77,4.28,,
2026-07-21 12:57:32,Pune,Maharashtra,18.5204,73.8567,72,72,35,9.1,6.4,3.3,12.2,24.07,84,6.02,,
2026-07-21 12:57:32,Lucknow,Uttar Pradesh,26.8467,80.9462,128,128,91,10.8,3,3.4,28.4,30.71,67,4.55,,
2026-07-21 12:57:32,Patna,Bihar,25.5941,85.1376,21,107,,1,0.5,0.6,20.9,31.69,58,5.97,,
2026-07-21 12:57:32,Ahmedabad,Gujarat,23.0225,72.5714,72,72,35,9.1,6.4,3.3,12.2,32.18,56,3,,
2026-07-21 12:57:32,Jaipur,Rajasthan,26.9124,75.7873,72,72,35,9.1,6.4,3.3,12.2,26.33,82,2.11,,
2026-07-21 12:57:32,Chandigarh,Chandigarh,30.7333,76.7794,87,87,51,7.3,2.7,6.2,3.8,29.52,70,4.02,,
2026-07-21 12:57:32,Bhopal,Madhya Pradesh,23.2599,77.4126,43,24,43,3.9,6.1,1.8,7.2,24.15,91,4.21,,
2026-07-21 12:57:32,Kanpur,Uttar Pradesh,26.4499,80.3319,150,150,86,6.3,9.9,0.4,5.4,29.93,73,2.67,,
2026-07-21 12:57:32,Guwahati,Assam,26.1445,91.7362,61,13,10,1.9,2.8,2.1,61,25.69,93,1.61,,
2026-07-21 12:57:32,Itanagar,Arunachal Pradesh,27.0844,93.6053,68,13,8,1.9,3.2,2.6,67.5,26.22,96,1.43,,
2026-07-21 12:57:32,Dispur,Assam,26.1433,91.7898,61,13,10,1.9,2.8,2.1,61,26.65,94,1.59,,
2026-07-21 12:57:32,Raipur,Chhattisgarh,21.2514,81.6296,113,113,90,3,3.4,0.5,16.8,24.5,91,5.39,,
2026-07-21 12:57:32,Panaji,Goa,15.4909,73.8278,72,72,35,9.1,6.4,3.3,12.2,26.85,85,5.27,,
2026-07-21 12:57:32,Gandhinagar,Gujarat,23.2156,72.6369,72,72,35,9.1,6.4,3.3,12.2,28.21,78,2.79,,
2026-07-21 12:57:32,Shimla,Himachal Pradesh,31.1048,77.1734,87,87,51,7.3,2.7,6.2,3.8,18.45,90,1.31,,
2026-07-21 12:57:32,Thiruvananthapuram,Kerala,8.5241,76.9366,43,24,43,3.9,6.1,1.8,7.2,26.47,82,4.27,,
2026-07-21 12:57:32,Imphal,Manipur,24.817,93.9368,57,57,6,4.6,1.4,2.6,23.6,22.52,93,0.99,,
2026-07-21 12:57:32,Shillong,Meghalaya,25.5788,91.8933,61,13,10,1.9,2.8,2.1,61,19.18,98,1.85,,
2026-07-21 12:57:32,Aizawl,Mizoram,23.7271,92.7176,57,57,6,4.6,1.4,2.6,23.6,19.8,98,1.09,,
2026-07-21 12:57:32,Kohima,Nagaland,25.6751,94.1086,57,57,6,4.6,1.4,2.6,23.6,18.86,99,1.47,,
2026-07-21 12:57:32,Gangtok,Sikkim,27.3389,88.6065,69,69,48,0.7,2.5,0.4,4.3,21.69,97,0.7,,
2026-07-21 12:57:32,Agartala,Tripura,23.8315,91.2868,114,114,68,3.5,6.3,2.9,5.8,25.73,94,4.29,,
2026-07-21 12:57:32,Dehradun,Uttarakhand,30.3165,78.0322,66,50,66,4.6,50.8,3.1,4.7,25.52,86,1.51,,
2026-07-21 12:57:32,Port Blair,Andaman and Nicobar Islands,11.6234,92.7265,35,35,,,2.9,0.6,,28.39,80,6.43,,
2026-07-21 12:57:32,Daman,Dadra and Nagar Haveli and Daman and Diu,20.3974,72.8328,72,72,35,9.1,6.4,3.3,12.2,27.54,84,9.82,,
2026-07-21 12:57:32,Srinagar,Jammu and Kashmir,34.0837,74.7973,152,152,116,3.7,1.9,2.6,51.9,21.14,88,0.45,,
2026-07-21 12:57:32,Leh,Ladakh,34.1526,77.5771,46,13,6,1.9,1,3.1,45.9,19.11,52,2.09,,
2026-07-21 12:57:32,Kavaratti,Lakshadweep,10.5669,72.642,72,72,35,9.1,6.4,3.3,12.2,28.37,77,5.11,,
2026-07-21 12:57:32,Puducherry,Puducherry,11.9416,79.8083,44,44,30,3.4,4.6,3.9,17.7,31.85,73,6.3,,
2026-07-21 15:12:39,Delhi,Delhi,28.6139,77.209,59,5,59,9.3,18.6,5.3,2.8,30.16,69,3.91,,
2026-07-21 15:12:39,Mumbai,Maharashtra,19.076,72.8777,63,63,40,9.5,6.5,1.3,3.3,27.99,80,10.58,,
2026-07-21 15:12:39,Bangalore,Karnataka,12.9716,77.5946,43,24,43,3.9,6.1,1.8,7.2,24.59,72,0.45,,
2026-07-21 15:12:39,Kolkata,West Bengal,22.5726,88.3639,172,172,,,,,,26.22,92,4.18,,
2026-07-21 15:12:39,Chennai,Tamil Nadu,13.0827,80.2707,46,46,,,,,,29.86,78,2.24,,
2026-07-21 15:12:39,Hyderabad,Telangana,17.385,78.4867,93,93,,,,,,25.23,75,5.89,,
2026-07-21 15:12:39,Pune,Maharashtra,18.5204,73.8567,63,63,40,9.5,6.5,1.3,3.3,24.07,85,5.73,,
2026-07-21 15:12:39,Lucknow,Uttar Pradesh,26.8467,80.9462,128,128,91,10.8,3,3.4,28.4,29.83,71,3.1,,
2026-07-21 15:12:39,Patna,Bihar,25.5941,85.1376,21,107,,1,0.5,0.6,20.9,29.74,68,5.7,,
2026-07-21 15:12:39,Ahmedabad,Gujarat,23.0225,72.5714,63,63,40,9.5,6.5,1.3,3.3,30.92,63,3.83,,
2026-07-21 15:12:39,Jaipur,Rajasthan,26.9124,75.7873,63,63,40,9.5,6.5,1.3,3.3,26.22,84,1.78,,
2026-07-21 15:12:39,Chandigarh,Chandigarh,30.7333,76.7794,68,68,43,7.7,10.2,5.6,7.9,28.72,73,1.79,,
2026-07-21 15:12:39,Bhopal,Madhya Pradesh,23.2599,77.4126,43,24,43,3.9,6.1,1.8,7.2,23.43,91,3.41,,
2026-07-21 15:12:39,Kanpur,Uttar Pradesh,26.4499,80.3319,150,150,86,6.3,9.9,0.4,5.4,29.1,77,2.52,,
2026-07-21 15:12:39,Guwahati,Assam,26.1445,91.7362,61,13,10,1.9,2.8,2.1,61,25.11,92,1.56,,
2026-07-21 15:12:39,Itanagar,Arunachal Pradesh,27.0844,93.6053,68,13,8,1.9,3.2,2.6,67.5,24.96,98,1.7,,
2026-07-21 15:12:39,Dispur,Assam,26.1433,91.7898,61,13,10,1.9,2.8,2.1,61,26.1,93,1.51,,
2026-07-21 15:12:39,Raipur,Chhattisgarh,21.2514,81.6296,113,113,90,3,3.4,0.5,16.8,24.25,92,5.28,,
2026-07-21 15:12:39,Panaji,Goa,15.4909,73.8278,63,63,40,9.5,6.5,1.3,3.3,26.61,88,4.9,,
2026-07-21 15:12:39,Gandhinagar,Gujarat,23.2156,72.6369,63,63,40,9.5,6.5,1.3,3.3,28.9,73,3.13,,
2026-07-21 15:12:39,Shimla,Himachal Pradesh,31.1048,77.1734,68,68,43,7.7,10.2,5.6,7.9,16.47,89,1.84,,
2026-07-21 15:12:39,Thiruvananthapuram,Kerala,8.5241,76.9366,43,24,43,3.9,6.1,1.8,7.2,25.69,87,3.28,,
2026-07-21 15:12:39,Imphal,Manipur,24.817,93.9368,57,57,6,4.6,1.4,2.6,23.6,21.6,96,0.27,,
2026-07-21 15:12:39,Shillong,Meghalaya,25.5788,91.8933,61,13,10,1.9,2.8,2.1,61,18.2,99,2.32,,
2026-07-21 15:12:39,Aizawl,Mizoram,23.7271,92.7176,57,57,6,4.6,1.4,2.6,23.6,19.71,100,1.17,,
2026-07-21 15:12:39,Kohima,Nagaland,25.6751,94.1086,57,57,6,4.6,1.4,2.6,23.6,18.3,98,1.78,,
2026-07-21 15:12:39,Gangtok,Sikkim,27.3389,88.6065,69,69,48,0.7,2.5,0.4,4.3,21.5,96,0.68,,
2026-07-21 15:12:39,Agartala,Tripura,23.8315,91.2868,114,114,68,3.5,6.3,2.9,5.8,25.38,94,4.87,,
2026-07-21 15:12:39,Dehradun,Uttarakhand,30.3165,78.0322,66,50,66,4.6,50.8,3.1,4.7,24.21,87,1.71,,
2026-07-21 15:12:39,Port Blair,Andaman and Nicobar Islands,11.6234,92.7265,35,35,,,2.9,0.6,,28.15,80,6.02,,
2026-07-21 15:12:39,Daman,Dadra and Nagar Haveli and Daman and Diu,20.3974,72.8328,63,63,40,9.5,6.5,1.3,3.3,27.52,85,9.53,,
2026-07-21 15:12:39,Srinagar,Jammu and Kashmir,34.0837,74.7973,152,152,116,3.7,1.9,2.6,51.9,20.59,90,1.6,,
2026-07-21 15:12:39,Leh,Ladakh,34.1526,77.5771,46,13,6,1.9,1,3.1,45.9,17.37,63,2.72,,
2026-07-21 15:12:39,Kavaratti,Lakshadweep,10.5669,72.642,63,63,40,9.5,6.5,1.3,3.3,28.26,77,5.49,,
2026-07-21 15:12:39,Puducherry,Puducherry,11.9416,79.8083,44,44,30,3.4,4.6,3.9,17.7,29.07,76,6.48,,
2026-07-21 16:57:03,Delhi,Delhi,28.6139,77.209,59,5,59,9.3,18.6,5.3,2.8,29.58,72,4.61,,
2026-07-21 16:57:03,Mumbai,Maharashtra,19.076,72.8777,63,63,40,9.5,6.5,1.3,3.3,27.95,80,10.47,,
2026-07-21 16:57:03,Bangalore,Karnataka,12.9716,77.5946,46,46,35,6.4,7.7,1.2,4.4,24.12,73,0.45,,
2026-07-21 16:57:03,Kolkata,West Bengal,22.5726,88.3639,172,172,,,,,,26.17,92,2.6,,
2026-07-21 16:57:03,Chennai,Tamil Nadu,13.0827,80.2707,46,46,,,,,,29.54,83,3.13,,
2026-07-21 16:57:03,Hyderabad,Telangana,17.385,78.4867,93,93,,,,,,24.61,75,6.9,,
2026-07-21 16:57:03,Pune,Maharashtra,18.5204,73.8567,63,63,40,9.5,6.5,1.3,3.3,23.52,90,6.09,,
2026-07-21 16:57:03,Lucknow,Uttar Pradesh,26.8467,80.9462,128,128,91,10.8,3,3.4,28.4,29.45,72,3.83,,
2026-07-21 16:57:03,Patna,Bihar,25.5941,85.1376,21,107,,1,0.5,0.6,20.9,28.54,76,5.59,,
2026-07-21 16:57:03,Ahmedabad,Gujarat,23.0225,72.5714,63,63,40,9.5,6.5,1.3,3.3,30.4,65,6.23,,
2026-07-21 16:57:03,Jaipur,Rajasthan,26.9124,75.7873,63,63,40,9.5,6.5,1.3,3.3,26.21,84,1.19,,
2026-07-21 16:57:03,Chandigarh,Chandigarh,30.7333,76.7794,68,68,43,7.7,10.2,5.6,7.9,28.68,72,2.76,,
2026-07-21 16:57:03,Bhopal,Madhya Pradesh,23.2599,77.4126,46,46,35,6.4,7.7,1.2,4.4,23.31,92,2.87,,
2026-07-21 16:57:03,Kanpur,Uttar Pradesh,26.4499,80.3319,150,150,86,6.3,9.9,0.4,5.4,29.37,75,2.48,,
2026-07-21 16:57:03,Guwahati,Assam,26.1445,91.7362,55,30,12,1.9,2.3,2.6,54.5,24.21,95,1.73,,
2026-07-21 16:57:03,Itanagar,Arunachal Pradesh,27.0844,93.6053,57,46,8,2.8,4.2,2.1,57.1,24.95,96,1.63,,
2026-07-21 16:57:03,Dispur,Assam,26.1433,91.7898,55,30,12,1.9,2.3,2.6,54.5,25.21,95,1.73,,
2026-07-21 16:57:03,Raipur,Chhattisgarh,21.2514,81.6296,113,113,90,3,3.4,0.5,16.8,24.24,92,5.49,,
2026-07-21 16:57:03,Panaji,Goa,15.4909,73.8278,63,63,40,9.5,6.5,1.3,3.3,26.48,88,4.51,,
2026-07-21 16:57:03,Gandhinagar,Gujarat,23.2156,72.6369,63,63,40,9.5,6.5,1.3,3.3,29.38,72,4.65,,
2026-07-21 16:57:03,Shimla,Himachal Pradesh,31.1048,77.1734,68,68,43,7.7,10.2,5.6,7.9,17.66,87,1.1,,
2026-07-21 16:57:03,Thiruvananthapuram,Kerala,8.5241,76.9366,46,46,35,6.4,7.7,1.2,4.4,25.28,87,3.13,,
2026-07-21 16:57:03,Imphal,Manipur,24.817,93.9368,61,61,20,5.5,4.6,3.1,13.5,21.06,97,0.49,,
2026-07-21 16:57:03,Shillong,Meghalaya,25.5788,91.8933,55,30,12,1.9,2.3,2.6,54.5,17.63,98,2.17,,
2026-07-21 16:57:03,Aizawl,Mizoram,23.7271,92.7176,61,61,20,5.5,4.6,3.1,13.5,19.15,99,1.24,,
2026-07-21 16:57:03,Kohima,Nagaland,25.6751,94.1086,61,61,20,5.5,4.6,3.1,13.5,17.93,98,1.86,,
2026-07-21 16:57:03,Gangtok,Sikkim,27.3389,88.6065,69,69,48,0.7,2.5,0.4,4.3,21.01,97,0.85,,
2026-07-21 16:57:03,Agartala,Tripura,23.8315,91.2868,114,114,68,3.5,6.3,2.9,5.8,24.96,93,4.5,,
2026-07-21 16:57:03,Dehradun,Uttarakhand,30.3165,78.0322,75,72,75,4.6,38.7,3.5,3.4,23.89,85,1.64,,
2026-07-21 16:57:03,Port Blair,Andaman and Nicobar Islands,11.6234,92.7265,35,35,,,2.9,0.6,,28.09,80,6.42,,
2026-07-21 16:57:03,Daman,Dadra and Nagar Haveli and Daman and Diu,20.3974,72.8328,63,63,40,9.5,6.5,1.3,3.3,27.1,87,9.35,,
2026-07-21 16:57:03,Srinagar,Jammu and Kashmir,34.0837,74.7973,117,117,74,6.4,7.4,2.6,35.8,20.03,90,0.45,,
2026-07-21 16:57:03,Leh,Ladakh,34.1526,77.5771,44,13,10,1.9,1.4,2.6,44.3,16.06,69,2.75,,
2026-07-21 16:57:03,Kavaratti,Lakshadweep,10.5669,72.642,63,63,40,9.5,6.5,1.3,3.3,28.24,78,5.4,,
2026-07-21 16:57:03,Puducherry,Puducherry,11.9416,79.8083,44,44,30,3.4,4.6,3.9,17.7,29.07,65,6.22,,
2026-07-21 18:21:32,Delhi,Delhi,28.6139,77.209,59,5,59,9.3,18.6,5.3,2.8,29.55,70,3.95,,
2026-07-21 18:21:32,Mumbai,Maharashtra,19.076,72.8777,63,63,40,9.5,6.5,1.3,3.3,27.99,81,10.51,,
2026-07-21 18:21:32,Bangalore,Karnataka,12.9716,77.5946,46,46,35,6.4,7.7,1.2,4.4,23.05,77,0.45,,
2026-07-21 18:21:32,Kolkata,West Bengal,22.5726,88.3639,172,172,,,,,,26.37,90,2.42,,
2026-07-21 18:21:32,Chennai,Tamil Nadu,13.0827,80.2707,46,46,,,,,,29.35,80,3.13,,
2026-07-21 18:21:32,Hyderabad,Telangana,17.385,78.4867,93,93,,,,,,23.65,85,7.19,,
2026-07-21 18:21:32,Pune,Maharashtra,18.5204,73.8567,63,63,40,9.5,6.5,1.3,3.3,24.07,86,5.7,,
2026-07-21 18:21:32,Lucknow,Uttar Pradesh,26.8467,80.9462,128,128,91,10.8,3,3.4,28.4,29.42,70,4.52,,
2026-07-21 18:21:32,Patna,Bihar,25.5941,85.1376,21,107,,1,0.5,0.6,20.9,28,79,5.55,,
2026-07-21 18:21:32,Ahmedabad,Gujarat,23.0225,72.5714,63,63,40,9.5,6.5,1.3,3.3,29.75,68,4.47,,
2026-07-21 18:21:32,Jaipur,Rajasthan,26.9124,75.7873,63,63,40,9.5,6.5,1.3,3.3,25.88,85,0.74,,
2026-07-21 18:21:32,Chandigarh,Chandigarh,30.7333,76.7794,68,68,43,7.7,10.2,5.6,7.9,28.68,72,5.77,,
2026-07-21 18:21:32,Bhopal,Madhya Pradesh,23.2599,77.4126,46,46,35,6.4,7.7,1.2,4.4,23.46,93,2.04,,
2026-07-21 18:21:32,Kanpur,Uttar Pradesh,26.4499,80.3319,150,150,86,6.3,9.9,0.4,5.4,29.02,76,2.88,,
2026-07-21 18:21:32,Guwahati,Assam,26.1445,91.7362,55,30,12,1.9,2.3,2.6,54.5,24.06,95,1.62,,
2026-07-21 18:21:32,Itanagar,Arunachal Pradesh,27.0844,93.6053,57,46,8,2.8,4.2,2.1,57.1,24.57,96,1.37,,
2026-07-21 18:21:32,Dispur,Assam,26.1433,91.7898,55,30,12,1.9,2.3,2.6,54.5,25.08,95,1.64,,
2026-07-21 18:21:32,Raipur,Chhattisgarh,21.2514,81.6296,113,113,90,3,3.4,0.5,16.8,24.25,92,5.79,,
2026-07-21 18:21:32,Panaji,Goa,15.4909,73.8278,63,63,40,9.5,6.5,1.3,3.3,26.79,89,5.2,,
2026-07-21 18:21:32,Gandhinagar,Gujarat,23.2156,72.6369,63,63,40,9.5,6.5,1.3,3.3,29.45,72,4.48,,
2026-07-21 18:21:32,Shimla,Himachal Pradesh,31.1048,77.1734,68,68,43,7.7,10.2,5.6,7.9,17.2,95,0.89,,
2026-07-21 18:21:32,Thiruvananthapuram,Kerala,8.5241,76.9366,46,46,35,6.4,7.7,1.2,4.4,25.18,89,2.56,,
2026-07-21 18:21:32,Imphal,Manipur,24.817,93.9368,61,61,20,5.5,4.6,3.1,13.5,20.85,97,0.74,,
2026-07-21 18:21:32,Shillong,Meghalaya,25.5788,91.8933,55,30,12,1.9,2.3,2.6,54.5,18.03,99,2.19,,
2026-07-21 18:21:32,Aizawl,Mizoram,23.7271,92.7176,17,13,17,0.6,0.5,5.8,2.3,19.21,99,1.18,,
2026-07-21 18:21:32,Kohima,Nagaland,25.6751,94.1086,61,61,20,5.5,4.6,3.1,13.5,17.86,97,1.92,,
2026-07-21 18:21:32,Gangtok,Sikkim,27.3389,88.6065,69,69,48,0.7,2.5,0.4,4.3,20.54,96,0.68,,
2026-07-21 18:21:32,Agartala,Tripura,23.8315,91.2868,114,114,68,3.5,6.3,2.9,5.8,24.93,94,4.16,,
2026-07-21 18:21:32,Dehradun,Uttarakhand,30.3165,78.0322,75,72,75,4.6,38.7,3.5,3.4,23.63,93,0.89,,
2026-07-21 18:21:32,Port Blair,Andaman and Nicobar Islands,11.6234,92.7265,35,35,,,2.9,0.6,,27.98,80,6.4,,
2026-07-21 18:21:32,Daman,Dadra and Nagar Haveli and Daman and Diu,20.3974,72.8328,63,63,40,9.5,6.5,1.3,3.3,27.32,87,9.22,,
2026-07-21 18:21:32,Srinagar,Jammu and Kashmir,34.0837,74.7973,117,117,74,6.4,7.4,2.6,35.8,20.03,91,0.88,,
2026-07-21 18:21:32,Leh,Ladakh,34.1526,77.5771,44,13,10,1.9,1.4,2.6,44.3,14.46,77,2.45,,
2026-07-21 18:21:32,Kavaratti,Lakshadweep,10.5669,72.642,63,63,40,9.5,6.5,1.3,3.3,28.33,78,5.49,,
2026-07-21 18:21:32,Puducherry,Puducherry,11.9416,79.8083,44,44,30,3.4,4.6,3.9,17.7,29.07,74,7.32,,
2026-07-21 20:02:56,Delhi,Delhi,28.6139,77.209,60,34,60,8.2,15.5,7.6,78.3,29.34,70,3.58,,
2026-07-21 20:02:56,Mumbai,Maharashtra,19.076,72.8777,46,46,30,7.1,7.2,3,4.6,27.84,83,10.61,,
2026-07-21 20:02:56,Bangalore,Karnataka,12.9716,77.5946,31,28,31,4.6,3.9,1.1,5.9,21.94,81,4.54,,
2026-07-21 20:02:56,Kolkata,West Bengal,22.5726,88.3639,172,172,,,,,,26.33,89,2.89,,
2026-07-21 20:02:56,Chennai,Tamil Nadu,13.0827,80.2707,46,46,,,,,,29.35,82,1.79,,
2026-07-21 20:02:56,Hyderabad,Telangana,17.385,78.4867,93,93,,,,,,23.09,87,6.49,,
2026-07-21 20:02:56,Pune,Maharashtra,18.5204,73.8567,46,46,30,7.1,7.2,3,4.6,24.04,88,6.59,,
2026-07-21 20:02:56,Lucknow,Uttar Pradesh,26.8467,80.9462,128,128,91,10.8,3,3.4,28.4,28.75,73,5.17,,
2026-07-21 20:02:56,Patna,Bihar,25.5941,85.1376,21,107,,1,0.5,0.6,20.9,27.46,82,5.48,,
2026-07-21 20:02:56,Ahmedabad,Gujarat,23.0225,72.5714,46,46,30,7.1,7.2,3,4.6,29.52,70,5.72,,
2026-07-21 20:02:56,Jaipur,Rajasthan,26.9124,75.7873,46,46,30,7.1,7.2,3,4.6,25.59,86,0.4,,
2026-07-21 20:02:56,Chandigarh,Chandigarh,30.7333,76.7794,54,50,54,4.8,7.9,5.2,2.8,27.8,72,6.33,,
2026-07-21 20:02:56,Bhopal,Madhya Pradesh,23.2599,77.4126,31,28,31,4.6,3.9,1.1,5.9,23.41,93,2.29,,
2026-07-21 20:02:56,Kanpur,Uttar Pradesh,26.4499,80.3319,150,150,86,6.3,9.9,0.4,5.4,28.62,74,3.73,,
2026-07-21 20:02:56,Guwahati,Assam,26.1445,91.7362,55,13,6,1.9,2.3,2.1,54.5,23.67,94,1.28,,
2026-07-21 20:02:56,Itanagar,Arunachal Pradesh,27.0844,93.6053,60,13,6,1.9,3.2,2.6,60.4,24.19,96,1.18,,
2026-07-21 20:02:56,Dispur,Assam,26.1433,91.7898,55,13,6,1.9,2.3,2.1,54.5,24.66,95,1.32,,
2026-07-21 20:02:56,Raipur,Chhattisgarh,21.2514,81.6296,113,113,90,3,3.4,0.5,16.8,23.96,94,5.84,,
2026-07-21 20:02:56,Panaji,Goa,15.4909,73.8278,46,46,30,7.1,7.2,3,4.6,26.65,89,5.35,,
2026-07-21 20:02:56,Gandhinagar,Gujarat,23.2156,72.6369,46,46,30,7.1,7.2,3,4.6,28.26,78,5.7,,
2026-07-21 20:02:56,Shimla,Himachal Pradesh,31.1048,77.1734,54,50,54,4.8,7.9,5.2,2.8,16.98,94,1.48,,
2026-07-21 20:02:56,Thiruvananthapuram,Kerala,8.5241,76.9366,31,28,31,4.6,3.9,1.1,5.9,24.68,92,2.5,,
2026-07-21 20:02:56,Imphal,Manipur,24.817,93.9368,46,46,11,4.6,4.2,4.1,7,20.45,98,0.6,,
2026-07-21 20:02:56,Shillong,Meghalaya,25.5788,91.8933,55,13,6,1.9,2.3,2.1,54.5,18.72,99,1.94,,
2026-07-21 20:02:56,Aizawl,Mizoram,23.7271,92.7176,17,13,17,0.6,0.5,5.8,2.3,18.93,99,0.99,,
2026-07-21 20:02:56,Kohima,Nagaland,25.6751,94.1086,46,46,11,4.6,4.2,4.1,7,17.58,97,1.64,,
2026-07-21 20:02:56,Gangtok,Sikkim,27.3389,88.6065,69,69,48,0.7,2.5,0.4,4.3,20.18,97,0.67,,
2026-07-21 20:02:56,Agartala,Tripura,23.8315,91.2868,114,114,68,3.5,6.3,2.9,5.8,24.59,96,3.99,,
2026-07-21 20:02:56,Dehradun,Uttarakhand,30.3165,78.0322,81,76,81,4.6,60.3,3.9,2.2,23.33,94,1.41,,
2026-07-21 20:02:56,Port Blair,Andaman and Nicobar Islands,11.6234,92.7265,31,31,,,2.4,0.6,,27.72,82,6.74,,
2026-07-21 20:02:56,Daman,Dadra and Nagar Haveli and Daman and Diu,20.3974,72.8328,46,46,30,7.1,7.2,3,4.6,27.2,88,9.29,,
2026-07-21 20:02:56,Srinagar,Jammu and Kashmir,34.0837,74.7973,65,65,57,2.8,1,2.1,45.5,19.47,92,0.5,,
2026-07-21 20:02:56,Leh,Ladakh,34.1526,77.5771,49,13,6,1,0.5,3.1,48.8,13.84,82,1.26,,
2026-07-21 20:02:56,Kavaratti,Lakshadweep,10.5669,72.642,46,46,30,7.1,7.2,3,4.6,28.12,78,5.99,,
2026-07-21 20:02:56,Puducherry,Puducherry,11.9416,79.8083,44,44,30,3.4,4.6,3.9,17.7,27.96,75,6.56,,
2026-07-21 21:41:43,Delhi,Delhi,28.6139,77.209,57,38,57,7.3,12.9,8.7,128.8,28.96,70,3.85,,
2026-07-21 21:41:43,Mumbai,Maharashtra,19.076,72.8777,50,50,36,5.9,7.2,1.2,3.9,27.73,83,11.07,,
2026-07-21 21:41:43,Bangalore,Karnataka,12.9716,77.5946,21,21,18,4.6,3.2,1.1,5.8,21.39,83,4.35,,
2026-07-21 21:41:43,Kolkata,West Bengal,22.5726,88.3639,172,172,,,,,,26.08,89,2.81,,
2026-07-21 21:41:43,Chennai,Tamil Nadu,13.0827,80.2707,46,46,,,,,,28.81,83,0.45,,
2026-07-21 21:41:43,Hyderabad,Telangana,17.385,78.4867,93,93,,,,,,23.2,86,6.83,,
2026-07-21 21:41:43,Pune,Maharashtra,18.5204,73.8567,50,50,36,5.9,7.2,1.2,3.9,24.07,77,7.52,,
2026-07-21 21:41:43,Lucknow,Uttar Pradesh,26.8467,80.9462,128,128,91,10.8,3,3.4,28.4,27.91,77,5.66,,
2026-07-21 21:41:43,Patna,Bihar,25.5941,85.1376,21,107,,1,0.5,0.6,20.9,26.88,84,5.03,,
2026-07-21 21:41:43,Ahmedabad,Gujarat,23.0225,72.5714,50,50,36,5.9,7.2,1.2,3.9,28.46,75,5.19,,
2026-07-21 21:41:43,Jaipur,Rajasthan,26.9124,75.7873,50,50,36,5.9,7.2,1.2,3.9,25.45,87,1.29,,
2026-07-21 21:41:43,Chandigarh,Chandigarh,30.7333,76.7794,51,25,51,3.9,5,5.4,4.7,27.7,71,5.97,,
2026-07-21 21:41:43,Bhopal,Madhya Pradesh,23.2599,77.4126,21,21,18,4.6,3.2,1.1,5.8,23.7,93,1.61,,
2026-07-21 21:41:43,Kanpur,Uttar Pradesh,26.4499,80.3319,150,150,86,6.3,9.9,0.4,5.4,27.78,78,3.7,,
2026-07-21 21:41:43,Guwahati,Assam,26.1445,91.7362,51,13,7,1.9,3.7,2.6,50.6,23.25,97,0.95,,
2026-07-21 21:41:43,Itanagar,Arunachal Pradesh,27.0844,93.6053,60,13,6,1.9,2.8,2.6,60.4,24.03,96,1.46,,
2026-07-21 21:41:43,Dispur,Assam,26.1433,91.7898,51,13,7,1.9,3.7,2.6,50.6,24.21,97,1.1,,
2026-07-21 21:41:43,Raipur,Chhattisgarh,21.2514,81.6296,113,113,90,3,3.4,0.5,16.8,23.79,94,5.67,,
2026-07-21 21:41:43,Panaji,Goa,15.4909,73.8278,50,50,36,5.9,7.2,1.2,3.9,26.28,88,6.17,,
2026-07-21 21:41:43,Gandhinagar,Gujarat,23.2156,72.6369,50,50,36,5.9,7.2,1.2,3.9,27.59,81,4.86,,
2026-07-21 21:41:43,Shimla,Himachal Pradesh,31.1048,77.1734,51,25,51,3.9,5,5.4,4.7,16.92,95,0.83,,
2026-07-21 21:41:43,Thiruvananthapuram,Kerala,8.5241,76.9366,21,21,18,4.6,3.2,1.1,5.8,24.27,93,2.31,,
2026-07-21 21:41:43,Imphal,Manipur,24.817,93.9368,55,55,11,4.6,2.8,4.1,8.2,20.35,98,0.43,,
2026-07-21 21:41:43,Shillong,Meghalaya,25.5788,91.8933,51,13,7,1.9,3.7,2.6,50.6,18.56,99,1.63,,
2026-07-21 21:41:43,Aizawl,Mizoram,23.7271,92.7176,55,55,11,4.6,2.8,4.1,8.2,18.77,99,0.82,,
2026-07-21 21:41:43,Kohima,Nagaland,25.6751,94.1086,55,55,11,4.6,2.8,4.1,8.2,17.41,97,1.52,,
2026-07-21 21:41:43,Gangtok,Sikkim,27.3389,88.6065,69,69,48,0.7,2.5,0.4,4.3,19.96,98,0.55,,
2026-07-21 21:41:43,Agartala,Tripura,23.8315,91.2868,114,114,68,3.5,6.3,2.9,5.8,24.41,95,3.89,,
2026-07-21 21:41:43,Dehradun,Uttarakhand,30.3165,78.0322,73,68,73,3.2,72.2,4.4,2.7,23.23,93,1.68,,
2026-07-21 21:41:43,Port Blair,Andaman and Nicobar Islands,11.6234,92.7265,31,31,,,2.4,0.6,,27.7,83,6.95,,
2026-07-21 21:41:43,Daman,Dadra and Nagar Haveli and Daman and Diu,20.3974,72.8328,50,50,36,5.9,7.2,1.2,3.9,27.16,86,9.93,,
2026-07-21 21:41:43,Srinagar,Jammu and Kashmir,34.0837,74.7973,87,80,87,2.8,1,2.1,48,18.92,91,0.45,,
2026-07-21 21:41:43,Leh,Ladakh,34.1526,77.5771,48,13,6,1,1,3.1,48.4,13.92,80,1.5,,
2026-07-21 21:41:43,Kavaratti,Lakshadweep,10.5669,72.642,50,50,36,5.9,7.2,1.2,3.9,28.14,78,6.28,,
2026-07-21 21:41:43,Puducherry,Puducherry,11.9416,79.8083,44,44,30,3.4,4.6,3.9,17.7,27.4,73,6.21,,
2026-07-21 23:04:03,Delhi,Delhi,28.6139,77.209,62,50,62,7.3,11,8.8,235.4,28.84,70,3.89,,
2026-07-21 23:04:03,Mumbai,Maharashtra,19.076,72.8777,63,63,31,6.1,7.5,1.4,3.4,27.56,84,11.07,,
2026-07-21 23:04:03,Bangalore,Karnataka,12.9716,77.5946,37,37,18,4.6,3.7,1.7,5.9,20.86,85,4.59,,
2026-07-21 23:04:03,Kolkata,West Bengal,22.5726,88.3639,172,172,,,,,,25.91,89,2.33,,
2026-07-21 23:04:03,Chennai,Tamil Nadu,13.0827,80.2707,46,46,,,,,,28.73,82,1.34,,
2026-07-21 23:04:03,Hyderabad,Telangana,17.385,78.4867,93,93,,,,,,23.2,86,6.87,,
2026-07-21 23:04:03,Pune,Maharashtra,18.5204,73.8567,63,63,31,6.1,7.5,1.4,3.4,24.07,78,7.2,,
2026-07-21 23:04:03,Lucknow,Uttar Pradesh,26.8467,80.9462,128,128,91,10.8,3,3.4,28.4,27.56,79,5.27,,
2026-07-21 23:04:03,Patna,Bihar,25.5941,85.1376,21,107,,1,0.5,0.6,20.9,26.85,85,4.91,,
2026-07-21 23:04:03,Ahmedabad,Gujarat,23.0225,72.5714,63,63,31,6.1,7.5,1.4,3.4,27.93,78,5.17,,
2026-07-21 23:04:03,Jaipur,Rajasthan,26.9124,75.7873,63,63,31,6.1,7.5,1.4,3.4,25.32,87,1.61,,
2026-07-21 23:04:03,Chandigarh,Chandigarh,30.7333,76.7794,55,55,53,7.1,6.7,5.2,5.1,27.45,71,5.74,,
2026-07-21 23:04:03,Bhopal,Madhya Pradesh,23.2599,77.4126,37,37,18,4.6,3.7,1.7,5.9,23.83,92,1.76,,
2026-07-21 23:04:03,Kanpur,Uttar Pradesh,26.4499,80.3319,150,150,86,6.3,9.9,0.4,5.4,27.76,77,4.55,,
2026-07-21 23:04:03,Guwahati,Assam,26.1445,91.7362,55,13,6,1.9,4.2,2.1,54.5,23.19,97,0.98,,
2026-07-21 23:04:03,Itanagar,Arunachal Pradesh,27.0844,93.6053,55,13,6,2.8,3.2,2.6,55.2,23.9,96,1.43,,
2026-07-21 23:04:03,Dispur,Assam,26.1433,91.7898,55,13,6,1.9,4.2,2.1,54.5,24.19,97,1.08,,
2026-07-21 23:04:03,Raipur,Chhattisgarh,21.2514,81.6296,113,113,90,3,3.4,0.5,16.8,23.68,94,5.41,,
2026-07-21 23:04:03,Panaji,Goa,15.4909,73.8278,63,63,31,6.1,7.5,1.4,3.4,26.4,88,6.38,,
2026-07-21 23:04:03,Gandhinagar,Gujarat,23.2156,72.6369,63,63,31,6.1,7.5,1.4,3.4,27.18,83,4.48,,
2026-07-21 23:04:03,Shimla,Himachal Pradesh,31.1048,77.1734,55,55,53,7.1,6.7,5.2,5.1,16.85,95,0.74,,
2026-07-21 23:04:03,Thiruvananthapuram,Kerala,8.5241,76.9366,37,37,18,4.6,3.7,1.7,5.9,24.11,93,2.49,,
2026-07-21 23:04:03,Imphal,Manipur,24.817,93.9368,53,53,13,5.5,3.7,3.6,4.5,20.46,98,0.47,,
2026-07-21 23:04:03,Shillong,Meghalaya,25.5788,91.8933,55,13,6,1.9,4.2,2.1,54.5,18.64,98,1.45,,
2026-07-21 23:04:03,Aizawl,Mizoram,23.7271,92.7176,53,53,13,5.5,3.7,3.6,4.5,18.74,99,0.8,,
2026-07-21 23:04:03,Kohima,Nagaland,25.6751,94.1086,53,53,13,5.5,3.7,3.6,4.5,17.4,96,1.38,,
2026-07-21 23:04:03,Gangtok,Sikkim,27.3389,88.6065,69,69,48,0.7,2.5,0.4,4.3,19.73,98,0.43,,
2026-07-21 23:04:03,Agartala,Tripura,23.8315,91.2868,114,114,68,3.5,6.3,2.9,5.8,24.26,95,3.77,,
2026-07-21 23:04:03,Dehradun,Uttarakhand,30.3165,78.0322,71,61,71,4.3,45.8,4.4,2.5,23.21,93,1.79,,
2026-07-21 23:04:03,Port Blair,Andaman and Nicobar Islands,11.6234,92.7265,31,31,,,2.4,0.6,,27.74,82,6.95,,
2026-07-21 23:04:03,Daman,Dadra and Nagar Haveli and Daman and Diu,20.3974,72.8328,63,63,31,6.1,7.5,1.4,3.4,27.07,86,9.97,,
2026-07-21 23:04:03,Srinagar,Jammu and Kashmir,34.0837,74.7973,89,70,89,2.8,1,2.1,47.2,18.92,93,0.86,,
2026-07-21 23:04:03,Leh,Ladakh,34.1526,77.5771,47,13,6,1,0.5,3.1,46.8,13.86,80,1.63,,
2026-07-21 23:04:03,Kavaratti,Lakshadweep,10.5669,72.642,63,63,31,6.1,7.5,1.4,3.4,28.27,78,6.61,,
2026-07-21 23:04:03,Puducherry,Puducherry,11.9416,79.8083,44,44,30,3.4,4.6,3.9,17.7,27.4,74,5.76,,
2026-07-22 00:57:53,Delhi,Delhi,28.6139,77.209,50,50,50,7.3,16.2,8.8,123.5,28.47,72,4.74,,
2026-07-22 00:57:53,Mumbai,Maharashtra,19.076,72.8777,74,74,26,7.5,7.8,2.5,4.2,27.5,85,11.44,,
2026-07-22 00:57:53,Bangalore,Karnataka,12.9716,77.5946,68,68,40,4.6,4.8,2,4.7,20.31,89,4.98,,
2026-07-22 00:57:53,Kolkata,West Bengal,22.5726,88.3639,172,172,,,,,,26.92,85,2.56,,
2026-07-22 00:57:53,Chennai,Tamil Nadu,13.0827,80.2707,46,46,,,,,,28.53,82,0.89,,
2026-07-22 00:57:53,Hyderabad,Telangana,17.385,78.4867,93,93,,,,,,23.26,84,6.91,,
2026-07-22 00:57:53,Pune,Maharashtra,18.5204,73.8567,74,74,26,7.5,7.8,2.5,4.2,23.52,80,7.76,,
2026-07-22 00:57:53,Lucknow,Uttar Pradesh,26.8467,80.9462,128,128,91,10.8,3,3.4,28.4,27.44,81,5.44,,
2026-07-22 00:57:53,Patna,Bihar,25.5941,85.1376,21,107,,1,0.5,0.6,20.9,27.46,81,6.72,,
2026-07-22 00:57:53,Ahmedabad,Gujarat,23.0225,72.5714,74,74,26,7.5,7.8,2.5,4.2,28.15,78,4.23,,
2026-07-22 00:57:53,Jaipur,Rajasthan,26.9124,75.7873,74,74,26,7.5,7.8,2.5,4.2,25.39,85,3.06,,
2026-07-22 00:57:53,Chandigarh,Chandigarh,30.7333,76.7794,85,85,55,5.5,2.3,5.2,4.9,27.54,71,3.86,,
2026-07-22 00:57:53,Bhopal,Madhya Pradesh,23.2599,77.4126,68,68,40,4.6,4.8,2,4.7,23.94,92,1.98,,
2026-07-22 00:57:53,Kanpur,Uttar Pradesh,26.4499,80.3319,150,150,86,6.3,9.9,0.4,5.4,27.22,82,6.13,,
2026-07-22 00:57:53,Guwahati,Assam,26.1445,91.7362,44,13,6,1.9,9.6,2.1,43.5,24.67,93,0.95,,
2026-07-22 00:57:53,Itanagar,Arunachal Pradesh,27.0844,93.6053,53,34,6,1.9,3.7,2.6,52.6,26.62,88,0.52,,
2026-07-22 00:57:53,Dispur,Assam,26.1433,91.7898,44,13,6,1.9,9.6,2.1,43.5,25.88,93,0.89,,
2026-07-22 00:57:53,Raipur,Chhattisgarh,21.2514,81.6296,113,113,90,3,3.4,0.5,16.8,24.03,90,4.98,,
2026-07-22 00:57:53,Panaji,Goa,15.4909,73.8278,74,74,26,7.5,7.8,2.5,4.2,26.45,87,7.23,,
2026-07-22 00:57:53,Gandhinagar,Gujarat,23.2156,72.6369,74,74,26,7.5,7.8,2.5,4.2,26.87,87,4.03,,
2026-07-22 00:57:53,Shimla,Himachal Pradesh,31.1048,77.1734,85,85,55,5.5,2.3,5.2,4.9,15.87,95,1.2,,
2026-07-22 00:57:53,Thiruvananthapuram,Kerala,8.5241,76.9366,68,68,40,4.6,4.8,2,4.7,24.11,92,2.24,,
2026-07-22 00:57:53,Imphal,Manipur,24.817,93.9368,30,30,11,5.5,3.7,3.6,4.1,21.99,95,0.42,,
2026-07-22 00:57:53,Shillong,Meghalaya,25.5788,91.8933,44,13,6,1.9,9.6,2.1,43.5,19.58,92,1.09,,
2026-07-22 00:57:53,Aizawl,Mizoram,23.7271,92.7176,30,30,11,5.5,3.7,3.6,4.1,19.34,99,0.46,,
2026-07-22 00:57:53,Kohima,Nagaland,25.6751,94.1086,30,30,11,5.5,3.7,3.6,4.1,20.74,93,0.76,,
2026-07-22 00:57:53,Gangtok,Sikkim,27.3389,88.6065,69,69,48,0.7,2.5,0.4,4.3,21.73,91,0.55,,
2026-07-22 00:57:53,Agartala,Tripura,23.8315,91.2868,114,114,68,3.5,6.3,2.9,5.8,25.16,93,3.81,,
2026-07-22 00:57:53,Dehradun,Uttarakhand,30.3165,78.0322,80,63,80,3.7,38.2,4.5,2.8,24.09,90,1.34,,
2026-07-22 00:57:53,Port Blair,Andaman and Nicobar Islands,11.6234,92.7265,35,35,,,2.4,0.6,,28.24,79,6.96,,
2026-07-22 00:57:53,Daman,Dadra and Nagar Haveli and Daman and Diu,20.3974,72.8328,74,74,26,7.5,7.8,2.5,4.2,27.03,88,10.11,,
2026-07-22 00:57:53,Srinagar,Jammu and Kashmir,34.0837,74.7973,63,63,63,2.8,1,1.6,48,18.36,92,0.52,,
2026-07-22 00:57:53,Leh,Ladakh,34.1526,77.5771,42,13,6,1.9,3.2,3.1,41.5,14.33,78,1.54,,
2026-07-22 00:57:53,Kavaratti,Lakshadweep,10.5669,72.642,74,74,26,7.5,7.8,2.5,4.2,28.34,76,7.12,,
2026-07-22 00:57:53,Puducherry,Puducherry,11.9416,79.8083,44,44,30,3.4,4.6,3.9,17.7,27.4,75,4.71,,
2026-07-22 04:26:36,Delhi,Delhi,28.6139,77.209,49,34,49,7.1,14.3,8.1,42,31.86,57,5.49,,
2026-07-22 04:26:36,Mumbai,Maharashtra,19.076,72.8777,91,91,31,7.3,8.8,2.3,4.4,27.92,83,11.75,,
2026-07-22 04:26:36,Bangalore,Karnataka,12.9716,77.5946,46,46,15,4.8,5.2,2.2,4.9,24.09,76,1.34,,
2026-07-22 04:26:36,Kolkata,West Bengal,22.5726,88.3639,172,172,,,,,,26.84,86,3.42,,
2026-07-22 04:26:36,Chennai,Tamil Nadu,13.0827,80.2707,46,46,,,,,,32.55,61,1.79,,
2026-07-22 04:26:36,Hyderabad,Telangana,17.385,78.4867,93,93,,,,,,25.06,73,8.62,,
2026-07-22 04:26:36,Pune,Maharashtra,18.5204,73.8567,91,91,31,7.3,8.8,2.3,4.4,24.63,79,8.21,,
2026-07-22 04:26:36,Lucknow,Uttar Pradesh,26.8467,80.9462,128,128,91,10.8,3,3.4,28.4,31.32,65,7.57,,
2026-07-22 04:26:36,Patna,Bihar,25.5941,85.1376,21,107,,1,0.5,0.6,20.9,29.95,70,7.82,,
2026-07-22 04:26:36,Ahmedabad,Gujarat,23.0225,72.5714,91,91,31,7.3,8.8,2.3,4.4,27.13,84,4.76,,
2026-07-22 04:26:36,Jaipur,Rajasthan,26.9124,75.7873,91,91,31,7.3,8.8,2.3,4.4,29.45,65,5.28,,
2026-07-22 04:26:36,Chandigarh,Chandigarh,30.7333,76.7794,65,65,27,6.4,2.7,4.8,3.2,32.12,53,4.94,,
2026-07-22 04:26:36,Bhopal,Madhya Pradesh,23.2599,77.4126,46,46,15,4.8,5.2,2.2,4.9,25.89,84,2.99,,
2026-07-22 04:26:36,Kanpur,Uttar Pradesh,26.4499,80.3319,150,150,86,6.3,9.9,0.4,5.4,31.26,64,7.59,,
2026-07-22 04:26:36,Guwahati,Assam,26.1445,91.7362,41,13,13,2.8,14.2,2.6,40.7,30.01,70,1.64,,
2026-07-22 04:26:36,Itanagar,Arunachal Pradesh,27.0844,93.6053,58,46,12,2.8,5.1,3.1,58.4,29.73,77,1.13,,
2026-07-22 04:26:36,Dispur,Assam,26.1433,91.7898,41,13,13,2.8,14.2,2.6,40.7,31.23,69,1.48,,
2026-07-22 04:26:36,Raipur,Chhattisgarh,21.2514,81.6296,113,113,90,3,3.4,0.5,16.8,24.32,90,5.44,,
2026-07-22 04:26:36,Panaji,Goa,15.4909,73.8278,91,91,31,7.3,8.8,2.3,4.4,27.46,85,6.69,,
2026-07-22 04:26:36,Gandhinagar,Gujarat,23.2156,72.6369,91,91,31,7.3,8.8,2.3,4.4,26.1,93,4.66,,
2026-07-22 04:26:36,Shimla,Himachal Pradesh,31.1048,77.1734,65,65,27,6.4,2.7,4.8,3.2,17.38,93,1.21,,
2026-07-22 04:26:36,Thiruvananthapuram,Kerala,8.5241,76.9366,46,46,15,4.8,5.2,2.2,4.9,28.8,67,3.85,,
2026-07-22 04:26:36,Imphal,Manipur,24.817,93.9368,61,61,18,4.6,3.2,4.6,19.1,25.6,81,1.57,,
2026-07-22 04:26:36,Shillong,Meghalaya,25.5788,91.8933,41,13,13,2.8,14.2,2.6,40.7,22.43,84,1.25,,
2026-07-22 04:26:36,Aizawl,Mizoram,23.7271,92.7176,17,13,17,0.6,0.5,5.8,2.3,22.8,94,0.44,,
2026-07-22 04:26:36,Kohima,Nagaland,25.6751,94.1086,61,61,18,4.6,3.2,4.6,19.1,23.44,83,0.83,,
2026-07-22 04:26:36,Gangtok,Sikkim,27.3389,88.6065,69,69,48,0.7,2.5,0.4,4.3,23.99,87,2.28,,
2026-07-22 04:26:36,Agartala,Tripura,23.8315,91.2868,114,114,68,3.5,6.3,2.9,5.8,27.59,85,4.06,,
2026-07-22 04:26:36,Dehradun,Uttarakhand,30.3165,78.0322,60,50,60,3.7,49,3.9,3,28.29,72,1.1,,
2026-07-22 04:26:36,Port Blair,Andaman and Nicobar Islands,11.6234,92.7265,43,43,,,2.4,0.6,,29.28,77,7.16,,
2026-07-22 04:26:36,Daman,Dadra and Nagar Haveli and Daman and Diu,20.3974,72.8328,91,91,31,7.3,8.8,2.3,4.4,26.16,91,10.36,,
2026-07-22 04:26:36,Srinagar,Jammu and Kashmir,34.0837,74.7973,68,68,62,2.8,1.4,2.1,45.1,18.92,90,0.45,,
2026-07-22 04:26:36,Leh,Ladakh,34.1526,77.5771,43,13,7,1.9,1.9,2.6,42.7,16.73,61,2.9,,
2026-07-22 04:26:36,Kavaratti,Lakshadweep,10.5669,72.642,91,91,31,7.3,8.8,2.3,4.4,28.44,76,6.69,,
2026-07-22 04:26:36,Puducherry,Puducherry,11.9416,79.8083,44,44,30,3.4,4.6,3.9,17.7,32.96,53,3.1,,
2026-07-22 07:15:37,Delhi,Delhi,28.6139,77.209,112,112,68,9.1,13.7,6.5,1.5,34.77,46,4.74,,
2026-07-22 07:15:37,Mumbai,Maharashtra,19.076,72.8777,25,25,10,6.6,4.4,1.6,4.4,27.63,80,11.65,,
2026-07-22 07:15:37,Bangalore,Karnataka,12.9716,77.5946,45,45,6,4.6,3,1.9,7.8,27.32,66,0.89,,
2026-07-22 07:15:37,Kolkata,West Bengal,22.5726,88.3639,172,172,,,,,,29.61,71,6.85,,
2026-07-22 07:15:37,Chennai,Tamil Nadu,13.0827,80.2707,46,46,,,,,,36.81,50,1.34,,
2026-07-22 07:15:37,Hyderabad,Telangana,17.385,78.4867,93,93,,,,,,24.96,73,7.17,,
2026-07-22 07:15:37,Pune,Maharashtra,18.5204,73.8567,25,25,10,6.6,4.4,1.6,4.4,24.63,77,8,,
2026-07-22 07:15:37,Lucknow,Uttar Pradesh,26.8467,80.9462,128,128,91,10.8,3,3.4,28.4,32.74,55,7.34,,
2026-07-22 07:15:37,Patna,Bihar,25.5941,85.1376,21,107,,1,0.5,0.6,20.9,32.83,55,6.68,,
2026-07-22 07:15:37,Ahmedabad,Gujarat,23.0225,72.5714,25,25,10,6.6,4.4,1.6,4.4,32.46,57,3.69,,
2026-07-22 07:15:37,Jaipur,Rajasthan,26.9124,75.7873,25,25,10,6.6,4.4,1.6,4.4,32.77,52,4.01,,
2026-07-22 07:15:37,Chandigarh,Chandigarh,30.7333,76.7794,63,63,46,6.6,5,5.3,7.2,34.54,47,7.3,,
2026-07-22 07:15:37,Bhopal,Madhya Pradesh,23.2599,77.4126,45,45,6,4.6,3,1.9,7.8,27.49,79,3.77,,
2026-07-22 07:15:37,Kanpur,Uttar Pradesh,26.4499,80.3319,150,150,86,6.3,9.9,0.4,5.4,32.79,56,6.98,,
2026-07-22 07:15:37,Guwahati,Assam,26.1445,91.7362,45,30,12,1.9,4.6,3.6,45.1,31.24,70,2.25,,
2026-07-22 07:15:37,Itanagar,Arunachal Pradesh,27.0844,93.6053,53,50,12,1.9,5.1,2.6,53.2,30.35,74,0.94,,
2026-07-22 07:15:37,Dispur,Assam,26.1433,91.7898,45,30,12,1.9,4.6,3.6,45.1,32.59,69,2.14,,
2026-07-22 07:15:37,Raipur,Chhattisgarh,21.2514,81.6296,113,113,90,3,3.4,0.5,16.8,24.06,93,5.79,,
2026-07-22 07:15:37,Panaji,Goa,15.4909,73.8278,25,25,10,6.6,4.4,1.6,4.4,27.9,83,7.54,,
2026-07-22 07:15:37,Gandhinagar,Gujarat,23.2156,72.6369,25,25,10,6.6,4.4,1.6,4.4,31.91,61,4.11,,
2026-07-22 07:15:37,Shimla,Himachal Pradesh,31.1048,77.1734,63,63,46,6.6,5,5.3,7.2,21.14,77,1.53,,
2026-07-22 07:15:37,Thiruvananthapuram,Kerala,8.5241,76.9366,37,37,,,,,,30.82,60,5.68,,
2026-07-22 07:15:37,Imphal,Manipur,24.817,93.9368,53,53,18,4.6,1.9,4.1,28.1,28.29,69,1.25,,
2026-07-22 07:15:37,Shillong,Meghalaya,25.5788,91.8933,45,30,12,1.9,4.6,3.6,45.1,22.56,89,2.48,,
2026-07-22 07:15:37,Aizawl,Mizoram,23.7271,92.7176,17,13,17,0.6,0.5,5.8,2.3,23.35,93,1.61,,
2026-07-22 07:15:37,Kohima,Nagaland,25.6751,94.1086,53,53,18,4.6,1.9,4.1,28.1,23.52,87,0.72,,
2026-07-22 07:15:37,Gangtok,Sikkim,27.3389,88.6065,69,69,48,0.7,2.5,0.4,4.3,24.29,88,1.83,,
2026-07-22 07:15:37,Agartala,Tripura,23.8315,91.2868,114,114,68,3.5,6.3,2.9,5.8,29.27,78,6.97,,
2026-07-22 07:15:37,Dehradun,Uttarakhand,30.3165,78.0322,91,91,81,3.7,42.8,4.3,3.9,29.43,71,1.48,,
2026-07-22 07:15:37,Port Blair,Andaman and Nicobar Islands,11.6234,92.7265,37,37,,,2.4,0.6,,29.6,74,7.24,,
2026-07-22 07:15:37,Daman,Dadra and Nagar Haveli and Daman and Diu,20.3974,72.8328,25,25,10,6.6,4.4,1.6,4.4,25.93,93,10.56,,
2026-07-22 07:15:37,Srinagar,Jammu and Kashmir,34.0837,74.7973,74,74,61,2.8,0.5,1.6,47.2,20.03,89,2.42,,
2026-07-22 07:15:37,Leh,Ladakh,34.1526,77.5771,40,13,6,1,0.5,2.6,40.3,20.71,42,3.65,,
2026-07-22 07:15:37,Kavaratti,Lakshadweep,10.5669,72.642,25,25,10,6.6,4.4,1.6,4.4,28.35,77,6.44,,
2026-07-22 07:15:37,Puducherry,Puducherry,11.9416,79.8083,44,44,30,3.4,4.6,3.9,17.7,36.85,40,2,,
2026-07-22 10:02:47,Delhi,Delhi,28.6139,77.209,70,30,70,7.3,13.2,5.8,3.3,35.5,43,5.25,,
2026-07-22 10:02:47,Mumbai,Maharashtra,19.076,72.8777,97,97,43,5.5,5.9,2.3,6.8,26.94,84,10.67,,
2026-07-22 10:02:47,Bangalore,Karnataka,12.9716,77.5946,35,35,24,4.3,2.5,1.8,8.7,26.67,72,0.89,,
2026-07-22 10:02:47,Kolkata,West Bengal,22.5726,88.3639,172,172,,,,,,27.93,80,6.89,,
2026-07-22 10:02:47,Chennai,Tamil Nadu,13.0827,80.2707,46,46,,,,,,32.19,70,3.13,,
2026-07-22 10:02:47,Hyderabad,Telangana,17.385,78.4867,93,93,,,,,,24.13,77,7.24,,
2026-07-22 10:02:47,Pune,Maharashtra,18.5204,73.8567,97,97,43,5.5,5.9,2.3,6.8,24.07,81,9.05,,
2026-07-22 10:02:47,Lucknow,Uttar Pradesh,26.8467,80.9462,128,128,91,10.8,3,3.4,28.4,33.94,50,8.09,,
2026-07-22 10:02:47,Patna,Bihar,25.5941,85.1376,21,107,,1,0.5,0.6,20.9,33.94,49,5.81,,
2026-07-22 10:02:47,Ahmedabad,Gujarat,23.0225,72.5714,97,97,43,5.5,5.9,2.3,6.8,31.74,60,3.15,,
2026-07-22 10:02:47,Jaipur,Rajasthan,26.9124,75.7873,97,97,43,5.5,5.9,2.3,6.8,31.92,53,5.16,,
2026-07-22 10:02:47,Chandigarh,Chandigarh,30.7333,76.7794,74,74,47,5.5,1.4,5.4,6,34.46,45,6.26,,
2026-07-22 10:02:47,Bhopal,Madhya Pradesh,23.2599,77.4126,35,35,24,4.3,2.5,1.8,8.7,27.86,78,4.9,,
2026-07-22 10:02:47,Kanpur,Uttar Pradesh,26.4499,80.3319,150,150,86,6.3,9.9,0.4,5.4,33.61,54,6.96,,
2026-07-22 10:02:47,Guwahati,Assam,26.1445,91.7362,41,13,6,1.9,2.3,3.1,41.1,30.38,75,0.01,,
2026-07-22 10:02:47,Itanagar,Arunachal Pradesh,27.0844,93.6053,45,13,6,2.8,3.2,2.6,44.7,30.32,72,0.55,,
2026-07-22 10:02:47,Dispur,Assam,26.1433,91.7898,41,13,6,1.9,2.3,3.1,41.1,31.18,77,0.26,,
2026-07-22 10:02:47,Raipur,Chhattisgarh,21.2514,81.6296,113,113,90,3,3.4,0.5,16.8,24.06,91,6.78,,
2026-07-22 10:02:47,Panaji,Goa,15.4909,73.8278,97,97,43,5.5,5.9,2.3,6.8,27.88,81,8.19,,
2026-07-22 10:02:47,Gandhinagar,Gujarat,23.2156,72.6369,97,97,43,5.5,5.9,2.3,6.8,31.29,63,3.55,,
2026-07-22 10:02:47,Shimla,Himachal Pradesh,31.1048,77.1734,74,74,47,5.5,1.4,5.4,6,20.18,82,1.02,,
2026-07-22 10:02:47,Thiruvananthapuram,Kerala,8.5241,76.9366,58,58,,,,,,29.82,63,5.98,,
2026-07-22 10:02:47,Imphal,Manipur,24.817,93.9368,34,34,18,4.6,1.4,3.6,25.6,26.69,83,1.04,,
2026-07-22 10:02:47,Shillong,Meghalaya,25.5788,91.8933,41,13,6,1.9,2.3,3.1,41.1,21.98,88,2.59,,
2026-07-22 10:02:47,Aizawl,Mizoram,23.7271,92.7176,17,13,17,0.6,0.5,5.8,2.3,22.44,94,1.87,,
2026-07-22 10:02:47,Kohima,Nagaland,25.6751,94.1086,34,34,18,4.6,1.4,3.6,25.6,21.84,97,0.72,,
2026-07-22 10:02:47,Gangtok,Sikkim,27.3389,88.6065,69,69,48,0.7,2.5,0.4,4.3,23.74,90,1.27,,
2026-07-22 10:02:47,Agartala,Tripura,23.8315,91.2868,114,114,68,3.5,6.3,2.9,5.8,26.52,89,6.74,,
2026-07-22 10:02:47,Dehradun,Uttarakhand,30.3165,78.0322,78,78,77,3.7,28.9,2.9,4.2,28.47,77,0.41,,
2026-07-22 10:02:47,Port Blair,Andaman and Nicobar Islands,11.6234,92.7265,37,37,,,2.4,0.6,,29.03,78,6.84,,
2026-07-22 10:02:47,Daman,Dadra and Nagar Haveli and Daman and Diu,20.3974,72.8328,97,97,43,5.5,5.9,2.3,6.8,26.16,91,11.16,,
2026-07-22 10:02:47,Srinagar,Jammu and Kashmir,34.0837,74.7973,57,57,44,2.8,1,2.1,49.2,20.03,92,1.59,,
2026-07-22 10:02:47,Leh,Ladakh,34.1526,77.5771,40,13,6,1,0.5,2.6,39.8,21.52,41,5.27,,
2026-07-22 10:02:47,Kavaratti,Lakshadweep,10.5669,72.642,97,97,43,5.5,5.9,2.3,6.8,28.41,76,6.91,,
2026-07-22 10:02:47,Puducherry,Puducherry,11.9416,79.8083,44,44,30,3.4,4.6,3.9,17.7,38.51,57,7.66,,
2026-07-22 12:13:18,Delhi,Delhi,28.6139,77.209,55,21,55,7.3,11.7,7,4.3,34.26,47,4.9,,
2026-07-22 12:13:18,Mumbai,Maharashtra,19.076,72.8777,74,74,35,5.5,5.8,1.8,4.7,26.62,81,10.63,,
2026-07-22 12:13:18,Bangalore,Karnataka,12.9716,77.5946,58,58,23,3,2,1.8,8.3,28.11,62,6.9,,
2026-07-22 12:13:18,Kolkata,West Bengal,22.5726,88.3639,172,172,,,,,,27.3,82,6.61,,
2026-07-22 12:13:18,Chennai,Tamil Nadu,13.0827,80.2707,46,46,,,,,,31.71,66,1.79,,
2026-07-22 12:13:18,Hyderabad,Telangana,17.385,78.4867,93,93,,,,,,24.32,79,7.03,,
2026-07-22 12:13:18,Pune,Maharashtra,18.5204,73.8567,74,74,35,5.5,5.8,1.8,4.7,24.6,70,6.11,,
2026-07-22 12:13:18,Lucknow,Uttar Pradesh,26.8467,80.9462,128,128,91,10.8,3,3.4,28.4,33.3,53,7.52,,
2026-07-22 12:13:18,Patna,Bihar,25.5941,85.1376,21,107,,1,0.5,0.6,20.9,32.74,55,6.58,,
2026-07-22 12:13:18,Ahmedabad,Gujarat,23.0225,72.5714,74,74,35,5.5,5.8,1.8,4.7,29.85,70,3.73,,
2026-07-22 12:13:18,Jaipur,Rajasthan,26.9124,75.7873,74,74,35,5.5,5.8,1.8,4.7,32.63,51,6.18,,
2026-07-22 12:13:18,Chandigarh,Chandigarh,30.7333,76.7794,89,89,33,7.1,2.3,5.4,4.8,33.53,50,5.49,,
2026-07-22 12:13:18,Bhopal,Madhya Pradesh,23.2599,77.4126,58,58,23,3,2,1.8,8.3,25.58,88,5.31,,
2026-07-22 12:13:18,Kanpur,Uttar Pradesh,26.4499,80.3319,150,150,86,6.3,9.9,0.4,5.4,33.4,53,7.65,,
2026-07-22 12:13:18,Guwahati,Assam,26.1445,91.7362,37,13,6,2.8,4.2,3.1,37,27.47,85,0.68,,
2026-07-22 12:13:18,Itanagar,Arunachal Pradesh,27.0844,93.6053,46,13,6,2.8,5.1,2.6,45.9,27.71,88,0.59,,
2026-07-22 12:13:18,Dispur,Assam,26.1433,91.7898,37,13,6,2.8,4.2,3.1,37,28.3,86,0.34,,
2026-07-22 12:13:18,Raipur,Chhattisgarh,21.2514,81.6296,113,113,90,3,3.4,0.5,16.8,24.02,88,7.56,,
2026-07-22 12:13:18,Panaji,Goa,15.4909,73.8278,74,74,35,5.5,5.8,1.8,4.7,25.73,85,8.57,,
2026-07-22 12:13:18,Gandhinagar,Gujarat,23.2156,72.6369,74,74,35,5.5,5.8,1.8,4.7,30.38,69,3.24,,
2026-07-22 12:13:18,Shimla,Himachal Pradesh,31.1048,77.1734,89,89,33,7.1,2.3,5.4,4.8,19.43,85,0.22,,
2026-07-22 12:13:18,Thiruvananthapuram,Kerala,8.5241,76.9366,36,36,,,,,,28.24,71,5.24,,
2026-07-22 12:13:18,Imphal,Manipur,24.817,93.9368,42,42,18,4.6,1.9,3.6,26.9,24.15,89,0.97,,
2026-07-22 12:13:18,Shillong,Meghalaya,25.5788,91.8933,37,13,6,2.8,4.2,3.1,37,20.32,97,3.02,,
2026-07-22 12:13:18,Aizawl,Mizoram,23.7271,92.7176,42,42,18,4.6,1.9,3.6,26.9,19.94,98,1.54,,
2026-07-22 12:13:18,Kohima,Nagaland,25.6751,94.1086,42,42,18,4.6,1.9,3.6,26.9,19.96,95,1.02,,
2026-07-22 12:13:18,Gangtok,Sikkim,27.3389,88.6065,69,69,48,0.7,2.5,0.4,4.3,22.65,96,0.36,,
2026-07-22 12:13:18,Agartala,Tripura,23.8315,91.2868,114,114,68,3.5,6.3,2.9,5.8,25.83,91,4.94,,
2026-07-22 12:13:18,Dehradun,Uttarakhand,30.3165,78.0322,71,65,71,3.7,33.7,2.9,5.1,27.14,84,1.7,,
2026-07-22 12:13:18,Port Blair,Andaman and Nicobar Islands,11.6234,92.7265,35,35,,,2.9,0.6,,28.5,81,6.24,,
2026-07-22 12:13:18,Daman,Dadra and Nagar Haveli and Daman and Diu,20.3974,72.8328,74,74,35,5.5,5.8,1.8,4.7,25.89,94,10.46,,
2026-07-22 12:13:18,Srinagar,Jammu and Kashmir,34.0837,74.7973,85,85,60,2.8,1,3.1,55.2,20.03,90,1.39,,
2026-07-22 12:13:18,Leh,Ladakh,34.1526,77.5771,52,50,52,1.9,1.9,2.6,37,19.36,49,4.88,,
2026-07-22 12:13:18,Kavaratti,Lakshadweep,10.5669,72.642,74,74,35,5.5,5.8,1.8,4.7,28.66,75,6.93,,
2026-07-22 12:13:18,Puducherry,Puducherry,11.9416,79.8083,44,44,30,3.4,4.6,3.9,17.7,31.85,71,7.02,,
2026-07-22 14:36:15,Delhi,Delhi,28.6139,77.209,52,5,52,7.5,14.8,6.4,2.5,33.12,52,5.27,,
2026-07-22 14:36:15,Mumbai,Maharashtra,19.076,72.8777,61,61,41,5.7,7.1,1.9,5.2,27.21,84,13.16,,
2026-07-22 14:36:15,Bangalore,Karnataka,12.9716,77.5946,38,30,38,5.2,6.9,1.8,6.1,22.46,84,6.12,,
2026-07-22 14:36:15,Kolkata,West Bengal,22.5726,88.3639,172,172,,,,,,26.8,83,5.43,,
2026-07-22 14:36:15,Chennai,Tamil Nadu,13.0827,80.2707,46,46,,,,,,30.34,80,1.34,,
2026-07-22 14:36:15,Hyderabad,Telangana,17.385,78.4867,93,93,,,,,,23.12,87,7.33,,
2026-07-22 14:36:15,Pune,Maharashtra,18.5204,73.8567,61,61,41,5.7,7.1,1.9,5.2,24.63,69,8.88,,
2026-07-22 14:36:15,Lucknow,Uttar Pradesh,26.8467,80.9462,128,128,91,10.8,3,3.4,28.4,31.43,58,6.21,,
2026-07-22 14:36:15,Patna,Bihar,25.5941,85.1376,21,107,,1,0.5,0.6,20.9,30.28,67,5.93,,
2026-07-22 14:36:15,Ahmedabad,Gujarat,23.0225,72.5714,61,61,41,5.7,7.1,1.9,5.2,28.8,78,4.67,,
2026-07-22 14:36:15,Jaipur,Rajasthan,26.9124,75.7873,61,61,41,5.7,7.1,1.9,5.2,30.65,60,4.82,,
2026-07-22 14:36:15,Chandigarh,Chandigarh,30.7333,76.7794,78,78,64,8,6,5.9,8.3,28.78,69,3.2,,
2026-07-22 14:36:15,Bhopal,Madhya Pradesh,23.2599,77.4126,38,30,38,5.2,6.9,1.8,6.1,24.41,93,6.29,,
2026-07-22 14:36:15,Kanpur,Uttar Pradesh,26.4499,80.3319,150,150,86,6.3,9.9,0.4,5.4,30.9,61,5.37,,
2026-07-22 14:36:15,Guwahati,Assam,26.1445,91.7362,34,34,17,2.8,13.8,3.6,32.9,25.64,91,2.23,,
2026-07-22 14:36:15,Itanagar,Arunachal Pradesh,27.0844,93.6053,38,34,17,3.7,7.8,2.6,38.2,25.29,93,1.62,,
2026-07-22 14:36:15,Dispur,Assam,26.1433,91.7898,34,34,17,2.8,13.8,3.6,32.9,26.63,91,2,,
2026-07-22 14:36:15,Raipur,Chhattisgarh,21.2514,81.6296,113,113,90,3,3.4,0.5,16.8,23.87,89,7.39,,
2026-07-22 14:36:15,Panaji,Goa,15.4909,73.8278,61,61,41,5.7,7.1,1.9,5.2,25.34,89,4.6,,
2026-07-22 14:36:15,Gandhinagar,Gujarat,23.2156,72.6369,61,61,41,5.7,7.1,1.9,5.2,28.43,80,4.32,,
2026-07-22 14:36:15,Shimla,Himachal Pradesh,31.1048,77.1734,78,78,64,8,6,5.9,8.3,17.77,88,1.71,,
2026-07-22 14:36:15,Thiruvananthapuram,Kerala,8.5241,76.9366,81,81,,,,,,26.21,82,3.5,,
2026-07-22 14:36:15,Imphal,Manipur,24.817,93.9368,42,42,11,4.6,2.8,3.6,20.4,21.51,96,0.7,,
2026-07-22 14:36:15,Shillong,Meghalaya,25.5788,91.8933,34,34,17,2.8,13.8,3.6,32.9,19.39,97,2.34,,
2026-07-22 14:36:15,Aizawl,Mizoram,23.7271,92.7176,17,13,17,0.6,0.5,5.8,2.3,19.28,97,1.7,,
2026-07-22 14:36:15,Kohima,Nagaland,25.6751,94.1086,42,42,11,4.6,2.8,3.6,20.4,18.71,98,1.23,,
2026-07-22 14:36:15,Gangtok,Sikkim,27.3389,88.6065,69,69,48,0.7,2.5,0.4,4.3,20.81,95,1.1,,
2026-07-22 14:36:15,Agartala,Tripura,23.8315,91.2868,114,114,68,3.5,6.3,2.9,5.8,25.16,94,5.01,,
2026-07-22 14:36:15,Dehradun,Uttarakhand,30.3165,78.0322,78,78,77,3.7,36.4,2.9,3.9,24.39,89,2.09,,
2026-07-22 14:36:15,Port Blair,Andaman and Nicobar Islands,11.6234,92.7265,35,35,,,2.9,0.6,,28.38,81,6.46,,
2026-07-22 14:36:15,Daman,Dadra and Nagar Haveli and Daman and Diu,20.3974,72.8328,61,61,41,5.7,7.1,1.9,5.2,26.13,94,10.8,,
2026-07-22 14:36:15,Srinagar,Jammu and Kashmir,34.0837,74.7973,174,97,174,2.8,1,2.6,49.2,18.92,91,2.05,,
2026-07-22 14:36:15,Leh,Ladakh,34.1526,77.5771,32,13,14,1.9,3.2,2.6,31.7,13.45,79,3.2,,
2026-07-22 14:36:15,Kavaratti,Lakshadweep,10.5669,72.642,61,61,41,5.7,7.1,1.9,5.2,28.6,76,7.3,,
2026-07-22 14:36:15,Puducherry,Puducherry,11.9416,79.8083,44,44,30,3.4,4.6,3.9,17.7,30.18,73,8.85,,
2026-07-22 16:25:55,Delhi,Delhi,28.6139,77.209,41,5,41,10.4,20,9,1.9,32.45,54,4.43,,
2026-07-22 16:25:55,Mumbai,Maharashtra,19.076,72.8777,53,53,49,7.7,11.6,1.2,5.1,27.2,84,12.4,,
2026-07-22 16:25:55,Bangalore,Karnataka,12.9716,77.5946,70,70,53,7.1,11.6,2.4,4.6,21.9,82,6.15,,
2026-07-22 16:25:55,Kolkata,West Bengal,22.5726,88.3639,172,172,,,,,,26.61,85,4.95,,
2026-07-22 16:25:55,Chennai,Tamil Nadu,13.0827,80.2707,46,46,,,,,,29.91,81,2.24,,
2026-07-22 16:25:55,Hyderabad,Telangana,17.385,78.4867,93,93,,,,,,23.26,85,7.53,,
2026-07-22 16:25:55,Pune,Maharashtra,18.5204,73.8567,53,53,49,7.7,11.6,1.2,5.1,24.63,67,10.2,,
2026-07-22 16:25:55,Lucknow,Uttar Pradesh,26.8467,80.9462,128,128,91,10.8,3,3.4,28.4,30.93,60,5.84,,
2026-07-22 16:25:55,Patna,Bihar,25.5941,85.1376,21,107,,1,0.5,0.6,20.9,29.8,69,5.85,,
2026-07-22 16:25:55,Ahmedabad,Gujarat,23.0225,72.5714,53,53,49,7.7,11.6,1.2,5.1,27.91,82,4.2,,
2026-07-22 16:25:55,Jaipur,Rajasthan,26.9124,75.7873,53,53,49,7.7,11.6,1.2,5.1,30.22,62,4.45,,
2026-07-22 16:25:55,Chandigarh,Chandigarh,30.7333,76.7794,99,99,71,9.1,8.2,6.4,8.9,28.9,68,3.34,,
2026-07-22 16:25:55,Bhopal,Madhya Pradesh,23.2599,77.4126,70,70,53,7.1,11.6,2.4,4.6,23.89,95,5.82,,
2026-07-22 16:25:55,Kanpur,Uttar Pradesh,26.4499,80.3319,150,150,86,6.3,9.9,0.4,5.4,30.49,62,4.79,,
2026-07-22 16:25:55,Guwahati,Assam,26.1445,91.7362,35,25,7,1.9,2.8,2.1,35.4,24.35,98,2.13,,
2026-07-22 16:25:55,Itanagar,Arunachal Pradesh,27.0844,93.6053,34,34,12,3.7,8.3,3.6,30.9,25.16,91,1.68,,
2026-07-22 16:25:55,Dispur,Assam,26.1433,91.7898,35,25,7,1.9,2.8,2.1,35.4,25.42,98,2.23,,
2026-07-22 16:25:55,Raipur,Chhattisgarh,21.2514,81.6296,113,113,90,3,3.4,0.5,16.8,23.62,90,6.87,,
2026-07-22 16:25:55,Panaji,Goa,15.4909,73.8278,53,53,49,7.7,11.6,1.2,5.1,25.89,85,3.9,,
2026-07-22 16:25:55,Gandhinagar,Gujarat,23.2156,72.6369,53,53,49,7.7,11.6,1.2,5.1,27.5,85,4.28,,
2026-07-22 16:25:55,Shimla,Himachal Pradesh,31.1048,77.1734,99,99,71,9.1,8.2,6.4,8.9,17.51,89,1.66,,
2026-07-22 16:25:55,Thiruvananthapuram,Kerala,8.5241,76.9366,68,68,,,,,,26.07,82,3.45,,
2026-07-22 16:25:55,Imphal,Manipur,24.817,93.9368,25,25,7,4.6,2.8,4.6,14.7,21.2,98,0.72,,
2026-07-22 16:25:55,Shillong,Meghalaya,25.5788,91.8933,35,25,7,1.9,2.8,2.1,35.4,19.37,97,2.63,,
2026-07-22 16:25:55,Aizawl,Mizoram,23.7271,92.7176,17,13,17,0.6,0.5,5.8,2.3,19.09,97,1.49,,
2026-07-22 16:25:55,Kohima,Nagaland,25.6751,94.1086,25,25,7,4.6,2.8,4.6,14.7,18.44,98,1.02,,
2026-07-22 16:25:55,Gangtok,Sikkim,27.3389,88.6065,69,69,48,0.7,2.5,0.4,4.3,20.9,93,1.2,,
2026-07-22 16:25:55,Agartala,Tripura,23.8315,91.2868,114,114,68,3.5,6.3,2.9,5.8,24.97,95,4.68,,
2026-07-22 16:25:55,Dehradun,Uttarakhand,30.3165,78.0322,72,72,69,4.1,30.5,3.1,3.3,23.95,88,2.11,,
2026-07-22 16:25:55,Port Blair,Andaman and Nicobar Islands,11.6234,92.7265,35,35,,,2.9,0.6,,28.42,80,5.8,,
2026-07-22 16:25:55,Daman,Dadra and Nagar Haveli and Daman and Diu,20.3974,72.8328,53,53,49,7.7,11.6,1.2,5.1,26.27,94,10.45,,
2026-07-22 16:25:55,Srinagar,Jammu and Kashmir,34.0837,74.7973,70,70,48,2.8,2.3,1.6,47.2,18.92,93,0.45,,
2026-07-22 16:25:55,Leh,Ladakh,34.1526,77.5771,34,34,9,1.9,2.3,3.1,30.5,13.5,77,2.81,,
2026-07-22 16:25:55,Kavaratti,Lakshadweep,10.5669,72.642,53,53,49,7.7,11.6,1.2,5.1,28.58,77,7.18,,
2026-07-22 16:25:55,Puducherry,Puducherry,11.9416,79.8083,44,44,30,3.4,4.6,3.9,17.7,30.18,68,6.78,,
2026-07-22 17:50:39,Delhi,Delhi,28.6139,77.209,57,38,57,9.8,24.8,7.8,1.1,31.95,55,4.26,,
2026-07-22 17:50:39,Mumbai,Maharashtra,19.076,72.8777,78,78,56,9.1,17.4,1.4,4.6,27.16,82,12.95,,
2026-07-22 17:50:39,Bangalore,Karnataka,12.9716,77.5946,91,91,72,5.2,9.2,2.2,5.5,21.42,83,5.9,,
2026-07-22 17:50:39,Kolkata,West Bengal,22.5726,88.3639,172,172,,,,,,26.64,85,4.75,,
2026-07-22 17:50:39,Chennai,Tamil Nadu,13.0827,80.2707,46,46,,,,,,29.84,80,1.34,,
2026-07-22 17:50:39,Hyderabad,Telangana,17.385,78.4867,93,93,,,,,,22.88,84,7.72,,
2026-07-22 17:50:39,Pune,Maharashtra,18.5204,73.8567,78,78,56,9.1,17.4,1.4,4.6,24.63,64,10.15,,
2026-07-22 17:50:39,Lucknow,Uttar Pradesh,26.8467,80.9462,128,128,91,10.8,3,3.4,28.4,30.44,63,6.22,,
2026-07-22 17:50:39,Patna,Bihar,25.5941,85.1376,21,107,,1,0.5,0.6,20.9,29.29,71,5.46,,
2026-07-22 17:50:39,Ahmedabad,Gujarat,23.0225,72.5714,78,78,56,9.1,17.4,1.4,4.6,29.39,75,5.21,,
2026-07-22 17:50:39,Jaipur,Rajasthan,26.9124,75.7873,78,78,56,9.1,17.4,1.4,4.6,29.68,65,5.16,,
2026-07-22 17:50:39,Chandigarh,Chandigarh,30.7333,76.7794,91,91,68,6.6,4.4,5.6,4.1,28.45,69,2.59,,
2026-07-22 17:50:39,Bhopal,Madhya Pradesh,23.2599,77.4126,87,87,70,5,8.5,2.2,5.5,23.72,97,4.79,,
2026-07-22 17:50:39,Kanpur,Uttar Pradesh,26.4499,80.3319,150,150,86,6.3,9.9,0.4,5.4,29.9,66,4.93,,
2026-07-22 17:50:39,Guwahati,Assam,26.1445,91.7362,32,25,7,1.9,4.6,2.6,31.7,23.97,97,1.25,,
2026-07-22 17:50:39,Itanagar,Arunachal Pradesh,27.0844,93.6053,36,13,9,2.8,4.2,2.6,35.8,24.65,89,1.64,,
2026-07-22 17:50:39,Dispur,Assam,26.1433,91.7898,32,25,7,1.9,4.6,2.6,31.7,25.13,97,1.36,,
2026-07-22 17:50:39,Raipur,Chhattisgarh,21.2514,81.6296,113,113,90,3,3.4,0.5,16.8,23.31,93,7.43,,
2026-07-22 17:50:39,Panaji,Goa,15.4909,73.8278,78,78,56,9.1,17.4,1.4,4.6,26.32,80,5.95,,
2026-07-22 17:50:39,Gandhinagar,Gujarat,23.2156,72.6369,78,78,56,9.1,17.4,1.4,4.6,28.33,81,4.35,,
2026-07-22 17:50:39,Shimla,Himachal Pradesh,31.1048,77.1734,91,91,68,6.6,4.4,5.6,4.1,17.46,89,1.56,,
2026-07-22 17:50:39,Thiruvananthapuram,Kerala,8.5241,76.9366,68,68,,,,,,25.83,82,3.27,,
2026-07-22 17:50:39,Imphal,Manipur,24.817,93.9368,25,25,7,4.6,2.8,5.1,14.3,21.07,99,0.7,,
2026-07-22 17:50:39,Shillong,Meghalaya,25.5788,91.8933,32,25,7,1.9,4.6,2.6,31.7,19.04,98,1.65,,
2026-07-22 17:50:39,Aizawl,Mizoram,23.7271,92.7176,17,13,17,0.6,0.5,5.8,2.3,18.9,98,1.18,,
2026-07-22 17:50:39,Kohima,Nagaland,25.6751,94.1086,25,25,7,4.6,2.8,5.1,14.3,18.31,99,0.83,,
2026-07-22 17:50:39,Gangtok,Sikkim,27.3389,88.6065,69,69,48,0.7,2.5,0.4,4.3,20.68,92,0.29,,
2026-07-22 17:50:39,Agartala,Tripura,23.8315,91.2868,114,114,68,3.5,6.3,2.9,5.8,24.87,96,3.34,,
2026-07-22 17:50:39,Dehradun,Uttarakhand,30.3165,78.0322,91,91,84,4.6,27.5,3.4,2.9,23.64,85,1.74,,
2026-07-22 17:50:39,Port Blair,Andaman and Nicobar Islands,11.6234,92.7265,35,35,,,2.9,0.6,,28.34,79,5.64,,
2026-07-22 17:50:39,Daman,Dadra and Nagar Haveli and Daman and Diu,20.3974,72.8328,78,78,56,9.1,17.4,1.4,4.6,26.47,93,10.95,,
2026-07-22 17:50:39,Srinagar,Jammu and Kashmir,34.0837,74.7973,68,68,47,1.9,1.4,1.6,48.4,18.92,93,1.08,,
2026-07-22 17:50:39,Leh,Ladakh,34.1526,77.5771,30,13,7,1.9,1.4,2.6,30.1,13.54,78,2.78,,
2026-07-22 17:50:39,Kavaratti,Lakshadweep,10.5669,72.642,78,78,56,9.1,17.4,1.4,4.6,28.59,78,7.14,,
2026-07-22 17:50:39,Puducherry,Puducherry,11.9416,79.8083,44,44,30,3.4,4.6,3.9,17.7,29.62,73,6.67,,
2026-07-22 19:37:24,Delhi,Delhi,28.6139,77.209,34,25,34,6.4,18.4,7.8,1.7,30.49,60,4.81,,
2026-07-22 19:37:24,Mumbai,Maharashtra,19.076,72.8777,63,63,55,6.4,10.1,2.2,4.8,27.19,83,13.27,,
2026-07-22 19:37:24,Bangalore,Karnataka,12.9716,77.5946,31,30,31,3.4,5.1,2,5.5,20.86,88,5.22,,
2026-07-22 19:37:24,Kolkata,West Bengal,22.5726,88.3639,172,172,,,,,,26.55,87,5.88,,
2026-07-22 19:37:24,Chennai,Tamil Nadu,13.0827,80.2707,46,46,,,,,,29.84,80,1.34,,
2026-07-22 19:37:24,Hyderabad,Telangana,17.385,78.4867,93,93,,,,,,23.07,83,7.59,,
2026-07-22 19:37:24,Pune,Maharashtra,18.5204,73.8567,63,63,55,6.4,10.1,2.2,4.8,24.07,71,11.18,,
2026-07-22 19:37:24,Lucknow,Uttar Pradesh,26.8467,80.9462,128,128,91,10.8,3,3.4,28.4,28.33,75,5.7,,
2026-07-22 19:37:24,Patna,Bihar,25.5941,85.1376,21,107,,1,0.5,0.6,20.9,28.27,75,3.9,,
2026-07-22 19:37:24,Ahmedabad,Gujarat,23.0225,72.5714,63,63,55,6.4,10.1,2.2,4.8,27.86,82,6.66,,
2026-07-22 19:37:24,Jaipur,Rajasthan,26.9124,75.7873,63,63,55,6.4,10.1,2.2,4.8,28.15,71,4.34,,
2026-07-22 19:37:24,Chandigarh,Chandigarh,30.7333,76.7794,91,91,59,8.2,7.3,4.1,3.4,27.18,74,2.25,,
2026-07-22 19:37:24,Bhopal,Madhya Pradesh,23.2599,77.4126,31,30,31,3.4,5.1,2,5.5,23.47,98,6.08,,
2026-07-22 19:37:24,Kanpur,Uttar Pradesh,26.4499,80.3319,150,150,86,6.3,9.9,0.4,5.4,28.72,71,5.26,,
2026-07-22 19:37:24,Guwahati,Assam,26.1445,91.7362,39,25,7,1.9,2.3,2.6,38.6,23.96,96,1.06,,
2026-07-22 19:37:24,Itanagar,Arunachal Pradesh,27.0844,93.6053,38,13,7,2.8,3.2,2.6,37.8,23.81,93,1.78,,
2026-07-22 19:37:24,Dispur,Assam,26.1433,91.7898,39,25,7,1.9,2.3,2.6,38.6,24.98,97,1.14,,
2026-07-22 19:37:24,Raipur,Chhattisgarh,21.2514,81.6296,113,113,90,3,3.4,0.5,16.8,23.86,91,7.12,,
2026-07-22 19:37:24,Panaji,Goa,15.4909,73.8278,63,63,55,6.4,10.1,2.2,4.8,25.94,86,5.32,,
2026-07-22 19:37:24,Gandhinagar,Gujarat,23.2156,72.6369,63,63,55,6.4,10.1,2.2,4.8,26.85,89,6.36,,
2026-07-22 19:37:24,Shimla,Himachal Pradesh,31.1048,77.1734,91,91,59,8.2,7.3,4.1,3.4,16.68,89,1.38,,
2026-07-22 19:37:24,Thiruvananthapuram,Kerala,8.5241,76.9366,58,58,,,,,,25.13,86,2.84,,
2026-07-22 19:37:24,Imphal,Manipur,24.817,93.9368,14,13,7,4.6,2.3,5.1,13.5,21.23,98,0.21,,
2026-07-22 19:37:24,Shillong,Meghalaya,25.5788,91.8933,39,25,7,1.9,2.3,2.6,38.6,18.9,98,1.47,,
2026-07-22 19:37:24,Aizawl,Mizoram,23.7271,92.7176,17,13,17,0.6,0.5,5.8,2.3,18.87,99,1.2,,
2026-07-22 19:37:24,Kohima,Nagaland,25.6751,94.1086,14,13,7,4.6,2.3,5.1,13.5,18.21,99,0.92,,
2026-07-22 19:37:24,Gangtok,Sikkim,27.3389,88.6065,69,69,48,0.7,2.5,0.4,4.3,20.52,93,0.78,,
2026-07-22 19:37:24,Agartala,Tripura,23.8315,91.2868,114,114,68,3.5,6.3,2.9,5.8,24.54,95,3.83,,
2026-07-22 19:37:24,Dehradun,Uttarakhand,30.3165,78.0322,117,117,108,4.6,32.3,1.2,2.4,23.49,85,1.34,,
2026-07-22 19:37:24,Port Blair,Andaman and Nicobar Islands,11.6234,92.7265,58,58,,,,,,28.3,79,6.15,,
2026-07-22 19:37:24,Daman,Dadra and Nagar Haveli and Daman and Diu,20.3974,72.8328,63,63,55,6.4,10.1,2.2,4.8,26.84,91,12.08,,
2026-07-22 19:37:24,Srinagar,Jammu and Kashmir,34.0837,74.7973,59,59,25,1.9,0.5,1.6,47.2,18.92,92,0.46,,
2026-07-22 19:37:24,Leh,Ladakh,34.1526,77.5771,26,13,8,1.9,3.2,3.1,25.6,13.47,77,2.24,,
2026-07-22 19:37:24,Kavaratti,Lakshadweep,10.5669,72.642,63,63,55,6.4,10.1,2.2,4.8,28.49,77,7.37,,
2026-07-22 19:37:24,Puducherry,Puducherry,11.9416,79.8083,44,44,30,3.4,4.6,3.9,17.7,29.07,72,4.39,,
2026-07-22 21:16:28,Delhi,Delhi,28.6139,77.209,46,25,46,6.8,18.9,8.1,1.3,29.88,63,4.86,,
2026-07-22 21:16:28,Mumbai,Maharashtra,19.076,72.8777,91,91,49,5.5,7.2,2.7,3.6,26.96,81,12.67,,
2026-07-22 21:16:28,Bangalore,Karnataka,12.9716,77.5946,52,52,35,3,4.5,2.1,5.9,20.83,88,5.2,,
2026-07-22 21:16:28,Kolkata,West Bengal,22.5726,88.3639,172,172,,,,,,26.36,87,5.39,,
2026-07-22 21:16:28,Chennai,Tamil Nadu,13.0827,80.2707,46,46,,,,,,29.64,81,0.89,,
2026-07-22 21:16:28,Hyderabad,Telangana,17.385,78.4867,93,93,,,,,,23.08,82,7.29,,
2026-07-22 21:16:28,Pune,Maharashtra,18.5204,73.8567,91,91,49,5.5,7.2,2.7,3.6,24.63,60,11.46,,
2026-07-22 21:16:28,Lucknow,Uttar Pradesh,26.8467,80.9462,128,128,91,10.8,3,3.4,28.4,27.79,77,6.73,,
2026-07-22 21:16:28,Patna,Bihar,25.5941,85.1376,21,107,,1,0.5,0.6,20.9,27.97,75,3.17,,
2026-07-22 21:16:28,Ahmedabad,Gujarat,23.0225,72.5714,91,91,49,5.5,7.2,2.7,3.6,28.01,81,7.3,,
2026-07-22 21:16:28,Jaipur,Rajasthan,26.9124,75.7873,91,91,49,5.5,7.2,2.7,3.6,27.74,73,4.42,,
2026-07-22 21:16:28,Chandigarh,Chandigarh,30.7333,76.7794,58,25,58,7.1,6.3,3.6,6.9,27.1,74,2.41,,
2026-07-22 21:16:28,Bhopal,Madhya Pradesh,23.2599,77.4126,52,52,35,3,4.5,2.1,5.9,23.35,96,6.53,,
2026-07-22 21:16:28,Kanpur,Uttar Pradesh,26.4499,80.3319,150,150,86,6.3,9.9,0.4,5.4,28.45,73,5.22,,
2026-07-22 21:16:28,Guwahati,Assam,26.1445,91.7362,40,13,6,1.9,1,2.1,39.8,23.96,97,1.26,,
2026-07-22 21:16:28,Itanagar,Arunachal Pradesh,27.0844,93.6053,37,13,7,2.8,2.8,2.6,36.6,23.88,94,1.43,,
2026-07-22 21:16:28,Dispur,Assam,26.1433,91.7898,40,13,6,1.9,1,2.1,39.8,24.98,97,1.25,,
2026-07-22 21:16:28,Raipur,Chhattisgarh,21.2514,81.6296,113,113,90,3,3.4,0.5,16.8,23.92,88,7.42,,
2026-07-22 21:16:28,Panaji,Goa,15.4909,73.8278,91,91,49,5.5,7.2,2.7,3.6,25.91,86,4.18,,
2026-07-22 21:16:28,Gandhinagar,Gujarat,23.2156,72.6369,91,91,49,5.5,7.2,2.7,3.6,27.35,86,6.45,,
2026-07-22 21:16:28,Shimla,Himachal Pradesh,31.1048,77.1734,58,25,58,7.1,6.3,3.6,6.9,17,87,1.31,,
2026-07-22 21:16:28,Thiruvananthapuram,Kerala,8.5241,76.9366,57,57,,,,,,24.86,88,2.74,,
2026-07-22 21:16:28,Imphal,Manipur,24.817,93.9368,38,38,7,4.6,2.8,5.6,13.9,21.29,98,0.23,,
2026-07-22 21:16:28,Shillong,Meghalaya,25.5788,91.8933,40,13,6,1.9,1,2.1,39.8,18.76,98,1.26,,
2026-07-22 21:16:28,Aizawl,Mizoram,23.7271,92.7176,17,13,17,0.6,0.5,5.8,2.3,21.12,98,1.15,,
2026-07-22 21:16:28,Kohima,Nagaland,25.6751,94.1086,38,38,7,4.6,2.8,5.6,13.9,18.05,99,0.83,,
2026-07-22 21:16:28,Gangtok,Sikkim,27.3389,88.6065,69,69,48,0.7,2.5,0.4,4.3,20.23,93,0.47,,
2026-07-22 21:16:28,Agartala,Tripura,23.8315,91.2868,114,114,68,3.5,6.3,2.9,5.8,24.33,96,3.97,,
2026-07-22 21:16:28,Dehradun,Uttarakhand,30.3165,78.0322,83,71,83,4,35.1,1,2.3,23.37,85,1.35,,
2026-07-22 21:16:28,Port Blair,Andaman and Nicobar Islands,11.6234,92.7265,57,57,,,,,,28.2,78,6.23,,
2026-07-22 21:16:28,Daman,Dadra and Nagar Haveli and Daman and Diu,20.3974,72.8328,91,91,49,5.5,7.2,2.7,3.6,26.64,92,11.85,,
2026-07-22 21:16:28,Srinagar,Jammu and Kashmir,34.0837,74.7973,59,59,27,1,1,1.1,46.8,18.36,92,0.54,,
2026-07-22 21:16:28,Leh,Ladakh,34.1526,77.5771,29,13,6,1,1,2.6,28.9,13.6,77,2.05,,
2026-07-22 21:16:28,Kavaratti,Lakshadweep,10.5669,72.642,91,91,49,5.5,7.2,2.7,3.6,28.5,77,7.45,,
2026-07-22 21:16:28,Puducherry,Puducherry,11.9416,79.8083,44,44,30,3.4,4.6,3.9,17.7,28.51,72,4.07,,
2026-07-22 22:35:37,Delhi,Delhi,28.6139,77.209,37,25,37,6.4,17.3,8.2,1.8,29.28,66,4.54,,
2026-07-22 22:35:37,Mumbai,Maharashtra,19.076,72.8777,55,55,40,5.5,7.2,3.1,4.6,26.84,81,12.15,,
2026-07-22 22:35:37,Bangalore,Karnataka,12.9716,77.5946,35,35,28,3,4.5,2,5.5,20.83,89,5.22,,
2026-07-22 22:35:37,Kolkata,West Bengal,22.5726,88.3639,172,172,,,,,,26.12,87,5.38,,
2026-07-22 22:35:37,Chennai,Tamil Nadu,13.0827,80.2707,46,46,,,,,,29.32,81,2.24,,
2026-07-22 22:35:37,Hyderabad,Telangana,17.385,78.4867,93,93,,,,,,23.13,81,7.25,,
2026-07-22 22:35:37,Pune,Maharashtra,18.5204,73.8567,55,55,40,5.5,7.2,3.1,4.6,24.07,66,10.51,,
2026-07-22 22:35:37,Lucknow,Uttar Pradesh,26.8467,80.9462,128,128,91,10.8,3,3.4,28.4,27.58,79,5.92,,
2026-07-22 22:35:37,Patna,Bihar,25.5941,85.1376,21,107,,1,0.5,0.6,20.9,27.52,76,2.66,,
2026-07-22 22:35:37,Ahmedabad,Gujarat,23.0225,72.5714,55,55,40,5.5,7.2,3.1,4.6,26.2,93,6.05,,
2026-07-22 22:35:37,Jaipur,Rajasthan,26.9124,75.7873,55,55,40,5.5,7.2,3.1,4.6,27.04,75,4.73,,
2026-07-22 22:35:37,Chandigarh,Chandigarh,30.7333,76.7794,49,30,49,6.6,5.1,3.4,11.9,27.07,72,2.5,,
2026-07-22 22:35:37,Bhopal,Madhya Pradesh,23.2599,77.4126,35,35,28,3,4.5,2,5.5,22.73,98,5.9,,
2026-07-22 22:35:37,Kanpur,Uttar Pradesh,26.4499,80.3319,150,150,86,6.3,9.9,0.4,5.4,27.55,79,5.51,,
2026-07-22 22:35:37,Guwahati,Assam,26.1445,91.7362,36,25,8,1.9,1.4,2.6,36.2,23.87,96,0.49,,
2026-07-22 22:35:37,Itanagar,Arunachal Pradesh,27.0844,93.6053,42,13,8,2.8,2.3,2.6,41.9,23.89,95,0.78,,
2026-07-22 22:35:37,Dispur,Assam,26.1433,91.7898,36,25,8,1.9,1.4,2.6,36.2,24.87,96,0.5,,
2026-07-22 22:35:37,Raipur,Chhattisgarh,21.2514,81.6296,113,113,90,3,3.4,0.5,16.8,23.69,88,6.2,,
2026-07-22 22:35:37,Panaji,Goa,15.4909,73.8278,55,55,40,5.5,7.2,3.1,4.6,26.29,82,5.19,,
2026-07-22 22:35:37,Gandhinagar,Gujarat,23.2156,72.6369,55,55,40,5.5,7.2,3.1,4.6,26.49,91,5.73,,
2026-07-22 22:35:37,Shimla,Himachal Pradesh,31.1048,77.1734,49,30,49,6.6,5.1,3.4,11.9,16.7,88,0.62,,
2026-07-22 22:35:37,Thiruvananthapuram,Kerala,8.5241,76.9366,35,35,,,,,,24.46,89,2.34,,
2026-07-22 22:35:37,Imphal,Manipur,24.817,93.9368,30,30,7,4.6,2.3,7.1,14.3,21.07,98,0.41,,
2026-07-22 22:35:37,Shillong,Meghalaya,25.5788,91.8933,36,25,8,1.9,1.4,2.6,36.2,18.49,98,1.44,,
2026-07-22 22:35:37,Aizawl,Mizoram,23.7271,92.7176,17,13,17,0.6,0.5,5.8,2.3,18.28,99,1.3,,
2026-07-22 22:35:37,Kohima,Nagaland,25.6751,94.1086,30,30,7,4.6,2.3,7.1,14.3,17.82,99,0.22,,
2026-07-22 22:35:37,Gangtok,Sikkim,27.3389,88.6065,69,69,48,0.7,2.5,0.4,4.3,19.41,96,0.5,,
2026-07-22 22:35:37,Agartala,Tripura,23.8315,91.2868,114,114,68,3.5,6.3,2.9,5.8,24.21,97,4.07,,
2026-07-22 22:35:37,Dehradun,Uttarakhand,30.3165,78.0322,76,62,76,3.7,44.6,1.4,2.4,23.28,86,1.44,,
2026-07-22 22:35:37,Port Blair,Andaman and Nicobar Islands,11.6234,92.7265,35,35,,,,,,28.17,78,6.11,,
2026-07-22 22:35:37,Daman,Dadra and Nagar Haveli and Daman and Diu,20.3974,72.8328,55,55,40,5.5,7.2,3.1,4.6,26.81,90,11.41,,
2026-07-22 22:35:37,Srinagar,Jammu and Kashmir,34.0837,74.7973,46,25,26,1,1,1.1,46.3,17.81,93,0.31,,
2026-07-22 22:35:37,Leh,Ladakh,34.1526,77.5771,27,25,6,1.9,1,2.6,26.9,13.53,76,2.34,,
2026-07-22 22:35:37,Kavaratti,Lakshadweep,10.5669,72.642,55,55,40,5.5,7.2,3.1,4.6,28.26,78,7.63,,
2026-07-22 22:35:37,Puducherry,Puducherry,11.9416,79.8083,44,44,30,3.4,4.6,3.9,17.7,27.96,73,4.03,,
2026-07-23 00:07:46,Delhi,Delhi,28.6139,77.209,39,25,39,6.4,12.3,8.1,1.4,28.95,67,4.58,,
2026-07-23 00:07:46,Mumbai,Maharashtra,19.076,72.8777,53,53,37,5.5,6.7,1.8,5,27.47,80,11.19,,
2026-07-23 00:07:46,Bangalore,Karnataka,12.9716,77.5946,51,51,24,3.4,4.8,2.8,5,20.83,89,0.45,,
2026-07-23 00:07:46,Kolkata,West Bengal,22.5726,88.3639,172,172,,,,,,25.61,91,4.75,,
2026-07-23 00:07:46,Chennai,Tamil Nadu,13.0827,80.2707,46,46,,,,,,29.15,80,1.34,,
2026-07-23 00:07:46,Hyderabad,Telangana,17.385,78.4867,93,93,,,,,,22.66,85,6.39,,
2026-07-23 00:07:46,Pune,Maharashtra,18.5204,73.8567,53,53,37,5.5,6.7,1.8,5,24.67,60,9.8,,
2026-07-23 00:07:46,Lucknow,Uttar Pradesh,26.8467,80.9462,128,128,91,10.8,3,3.4,28.4,27.28,80,6.19,,
2026-07-23 00:07:46,Patna,Bihar,25.5941,85.1376,21,107,,1,0.5,0.6,20.9,27.44,77,2.96,,
2026-07-23 00:07:46,Ahmedabad,Gujarat,23.0225,72.5714,53,53,37,5.5,6.7,1.8,5,26.33,93,6.34,,
2026-07-23 00:07:46,Jaipur,Rajasthan,26.9124,75.7873,53,53,37,5.5,6.7,1.8,5,26.81,76,4.46,,
2026-07-23 00:07:46,Chandigarh,Chandigarh,30.7333,76.7794,59,59,53,6.1,5.4,4.2,9.7,26.84,73,2.73,,
2026-07-23 00:07:46,Bhopal,Madhya Pradesh,23.2599,77.4126,51,51,24,3.4,4.8,2.8,5,22.26,97,5.03,,
2026-07-23 00:07:46,Kanpur,Uttar Pradesh,26.4499,80.3319,150,150,86,6.3,9.9,0.4,5.4,27.49,80,5.55,,
2026-07-23 00:07:46,Guwahati,Assam,26.1445,91.7362,27,13,7,2.8,1.9,2.1,26.9,24.2,95,0.87,,
2026-07-23 00:07:46,Itanagar,Arunachal Pradesh,27.0844,93.6053,27,13,7,2.8,2.8,2.1,27.3,24.22,95,1.15,,
2026-07-23 00:07:46,Dispur,Assam,26.1433,91.7898,27,13,7,2.8,1.9,2.1,26.9,25.22,95,0.96,,
2026-07-23 00:07:46,Raipur,Chhattisgarh,21.2514,81.6296,113,113,90,3,3.4,0.5,16.8,23.55,87,6.82,,
2026-07-23 00:07:46,Panaji,Goa,15.4909,73.8278,53,53,37,5.5,6.7,1.8,5,26.28,82,7.15,,
2026-07-23 00:07:46,Gandhinagar,Gujarat,23.2156,72.6369,53,53,37,5.5,6.7,1.8,5,26.53,91,6.51,,
2026-07-23 00:07:46,Shimla,Himachal Pradesh,31.1048,77.1734,59,59,53,6.1,5.4,4.2,9.7,14.95,89,0.39,,
2026-07-23 00:07:46,Thiruvananthapuram,Kerala,8.5241,76.9366,49,49,,,,,,24,91,2.28,,
2026-07-23 00:07:46,Imphal,Manipur,24.817,93.9368,13,13,6,4.6,4.6,11.2,11.4,21.3,97,0.27,,
2026-07-23 00:07:46,Shillong,Meghalaya,25.5788,91.8933,27,13,7,2.8,1.9,2.1,26.9,18.7,97,1.34,,
2026-07-23 00:07:46,Aizawl,Mizoram,23.7271,92.7176,17,13,17,0.6,0.5,5.8,2.3,18.66,98,1.26,,
2026-07-23 00:07:46,Kohima,Nagaland,25.6751,94.1086,13,13,6,4.6,4.6,11.2,11.4,18.07,99,0.57,,
2026-07-23 00:07:46,Gangtok,Sikkim,27.3389,88.6065,69,69,48,0.7,2.5,0.4,4.3,19.98,94,0.69,,
2026-07-23 00:07:46,Agartala,Tripura,23.8315,91.2868,114,114,68,3.5,6.3,2.9,5.8,24.12,97,4.26,,
2026-07-23 00:07:46,Dehradun,Uttarakhand,30.3165,78.0322,71,61,71,3.7,32.7,1.7,1.9,23.8,85,1.23,,
2026-07-23 00:07:46,Port Blair,Andaman and Nicobar Islands,11.6234,92.7265,39,39,,,2.4,0.6,,27.92,78,5.68,,
2026-07-23 00:07:46,Daman,Dadra and Nagar Haveli and Daman and Diu,20.3974,72.8328,53,53,37,5.5,6.7,1.8,5,26.98,89,14.02,,
2026-07-23 00:07:46,Srinagar,Jammu and Kashmir,34.0837,74.7973,47,25,27,1,1,1.1,46.8,17.81,93,0.69,,
2026-07-23 00:07:46,Leh,Ladakh,34.1526,77.5771,25,25,6,1.9,1.9,3.1,24.4,13.53,75,2.81,,
2026-07-23 00:07:46,Kavaratti,Lakshadweep,10.5669,72.642,53,53,37,5.5,6.7,1.8,5,28.52,77,7.62,,
2026-07-23 00:07:46,Puducherry,Puducherry,11.9416,79.8083,44,44,30,3.4,4.6,3.9,17.7,27.4,72,3.9,,
2026-07-23 03:56:19,Delhi,Delhi,28.6139,77.209,29,25,29,7.5,11.1,8.1,3.4,31.65,56,4.84,,
2026-07-23 03:56:19,Mumbai,Maharashtra,19.076,72.8777,53,53,45,6.4,6.3,1.6,5.1,27.12,79,12.83,,
2026-07-23 03:56:19,Bangalore,Karnataka,12.9716,77.5946,31,31,27,3.7,3.5,2.8,7,24.05,77,1.34,,
2026-07-23 03:56:19,Kolkata,West Bengal,22.5726,88.3639,172,172,,,,,,26.51,85,4.03,,
2026-07-23 03:56:19,Chennai,Tamil Nadu,13.0827,80.2707,46,46,,,,,,31.85,68,0.89,,
2026-07-23 03:56:19,Hyderabad,Telangana,17.385,78.4867,93,93,,,,,,26.59,62,9.73,,
2026-07-23 03:56:19,Pune,Maharashtra,18.5204,73.8567,53,53,45,6.4,6.3,1.6,5.1,25.18,57,7.77,,
2026-07-23 03:56:19,Lucknow,Uttar Pradesh,26.8467,80.9462,128,128,91,10.8,3,3.4,28.4,30.13,67,8.47,,
2026-07-23 03:56:19,Patna,Bihar,25.5941,85.1376,21,107,,1,0.5,0.6,20.9,31.84,57,5.26,,
2026-07-23 03:56:19,Ahmedabad,Gujarat,23.0225,72.5714,53,53,45,6.4,6.3,1.6,5.1,27.25,83,6.78,,
2026-07-23 03:56:19,Jaipur,Rajasthan,26.9124,75.7873,53,53,45,6.4,6.3,1.6,5.1,30.31,59,5.64,,
2026-07-23 03:56:19,Chandigarh,Chandigarh,30.7333,76.7794,91,91,43,6.6,4,4.1,3,31.16,58,5.7,,
2026-07-23 03:56:19,Bhopal,Madhya Pradesh,23.2599,77.4126,31,31,27,3.7,3.5,2.8,7,23.02,97,5.28,,
2026-07-23 03:56:19,Kanpur,Uttar Pradesh,26.4499,80.3319,150,150,86,6.3,9.9,0.4,5.4,30.59,66,7.54,,
2026-07-23 03:56:19,Guwahati,Assam,26.1445,91.7362,20,13,6,2.8,11,2.1,20.4,27.51,86,1.2,,
2026-07-23 03:56:19,Itanagar,Arunachal Pradesh,27.0844,93.6053,25,13,7,3.7,7.4,2.6,25.2,29.02,79,1.71,,
2026-07-23 03:56:19,Dispur,Assam,26.1433,91.7898,20,13,6,2.8,11,2.1,20.4,28.58,87,1.45,,
2026-07-23 03:56:19,Raipur,Chhattisgarh,21.2514,81.6296,113,113,90,3,3.4,0.5,16.8,23.69,88,6.28,,
2026-07-23 03:56:19,Panaji,Goa,15.4909,73.8278,53,53,45,6.4,6.3,1.6,5.1,26.55,84,6.86,,
2026-07-23 03:56:19,Gandhinagar,Gujarat,23.2156,72.6369,53,53,45,6.4,6.3,1.6,5.1,27.34,84,7.41,,
2026-07-23 03:56:19,Shimla,Himachal Pradesh,31.1048,77.1734,91,91,43,6.6,4,4.1,3,19.98,80,1.74,,
2026-07-23 03:56:19,Thiruvananthapuram,Kerala,8.5241,76.9366,43,43,,,,,,28.82,65,3.87,,
2026-07-23 03:56:19,Imphal,Manipur,24.817,93.9368,34,34,6,4.6,2.8,5.1,22,23.94,88,1.51,,
2026-07-23 03:56:19,Shillong,Meghalaya,25.5788,91.8933,20,13,6,2.8,11,2.1,20.4,21.67,86,1.02,,
2026-07-23 03:56:19,Aizawl,Mizoram,23.7271,92.7176,17,13,17,0.6,0.5,5.8,2.3,19.55,97,1.15,,
2026-07-23 03:56:19,Kohima,Nagaland,25.6751,94.1086,34,34,6,4.6,2.8,5.1,22,22.75,78,1.07,,
2026-07-23 03:56:19,Gangtok,Sikkim,27.3389,88.6065,69,69,48,0.7,2.5,0.4,4.3,24.12,83,1.84,,
2026-07-23 03:56:19,Agartala,Tripura,23.8315,91.2868,114,114,68,3.5,6.3,2.9,5.8,25.01,94,3.97,,
2026-07-23 03:56:19,Dehradun,Uttarakhand,30.3165,78.0322,84,84,79,3.7,25.9,1.5,3.3,25.13,88,1.61,,
2026-07-23 03:56:19,Port Blair,Andaman and Nicobar Islands,11.6234,92.7265,38,38,,,2.9,0.6,,29.27,74,6.41,,
2026-07-23 03:56:19,Daman,Dadra and Nagar Haveli and Daman and Diu,20.3974,72.8328,53,53,45,6.4,6.3,1.6,5.1,26.15,92,12.58,,
2026-07-23 03:56:19,Srinagar,Jammu and Kashmir,34.0837,74.7973,49,34,43,1,1,1.1,48.8,20.03,87,0.44,,
2026-07-23 03:56:19,Leh,Ladakh,34.1526,77.5771,13,13,6,1,0.5,2.6,26.9,14.25,72,3.08,,
2026-07-23 03:56:19,Kavaratti,Lakshadweep,10.5669,72.642,53,53,45,6.4,6.3,1.6,5.1,28.58,77,7.75,,
2026-07-23 03:56:19,Puducherry,Puducherry,11.9416,79.8083,44,44,30,3.4,4.6,3.9,17.7,31.29,52,3.22,,
2026-07-23 06:37:02,Delhi,Delhi,28.6139,77.209,98,57,98,8.2,13,11.2,9.9,34.63,47,5.38,,
2026-07-23 06:37:02,Mumbai,Maharashtra,19.076,72.8777,53,53,45,6.4,6.3,1.6,5.1,27.48,75,11.5,,
2026-07-23 06:37:02,Bangalore,Karnataka,12.9716,77.5946,53,53,23,3.7,2.5,2.7,10.1,27.53,62,1.34,,
2026-07-23 06:37:02,Kolkata,West Bengal,22.5726,88.3639,172,172,,,,,,27.64,80,4.39,,
2026-07-23 06:37:02,Chennai,Tamil Nadu,13.0827,80.2707,46,46,,,,,,35.32,55,1.34,,
2026-07-23 06:37:02,Hyderabad,Telangana,17.385,78.4867,93,93,,,,,,29.27,50,9.95,,
2026-07-23 06:37:02,Pune,Maharashtra,18.5204,73.8567,53,53,45,6.4,6.3,1.6,5.1,26.39,84,9.13,,
2026-07-23 06:37:02,Lucknow,Uttar Pradesh,26.8467,80.9462,128,128,91,10.8,3,3.4,28.4,33.04,53,7.13,,
2026-07-23 06:37:02,Patna,Bihar,25.5941,85.1376,21,107,,1,0.5,0.6,20.9,33.52,50,5.2,,
2026-07-23 06:37:02,Ahmedabad,Gujarat,23.0225,72.5714,53,53,45,6.4,6.3,1.6,5.1,28.03,80,5.59,,
2026-07-23 06:37:02,Jaipur,Rajasthan,26.9124,75.7873,53,53,45,6.4,6.3,1.6,5.1,33.52,49,5.64,,
2026-07-23 06:37:02,Chandigarh,Chandigarh,30.7333,76.7794,76,76,61,7.3,3.9,3.6,12.4,33.7,49,4.98,,
2026-07-23 06:37:02,Bhopal,Madhya Pradesh,23.2599,77.4126,53,53,23,3.7,2.5,2.7,10.1,26.38,80,8.05,,
2026-07-23 06:37:02,Kanpur,Uttar Pradesh,26.4499,80.3319,150,150,86,6.3,9.9,0.4,5.4,32.12,60,6.96,,
2026-07-23 06:37:02,Guwahati,Assam,26.1445,91.7362,31,13,8,2.8,3.2,2.6,31.3,28.08,84,0.54,,
2026-07-23 06:37:02,Itanagar,Arunachal Pradesh,27.0844,93.6053,40,13,6,2.8,4.6,2.6,39.8,29.83,75,1.94,,
2026-07-23 06:37:02,Dispur,Assam,26.1433,91.7898,31,13,8,2.8,3.2,2.6,31.3,29.08,86,0.45,,
2026-07-23 06:37:02,Raipur,Chhattisgarh,21.2514,81.6296,113,113,90,3,3.4,0.5,16.8,23.6,86,6.28,,
2026-07-23 06:37:02,Panaji,Goa,15.4909,73.8278,53,53,45,6.4,6.3,1.6,5.1,26.92,83,7.02,,
2026-07-23 06:37:02,Gandhinagar,Gujarat,23.2156,72.6369,53,53,45,6.4,6.3,1.6,5.1,28.07,84,6.04,,
2026-07-23 06:37:02,Shimla,Himachal Pradesh,31.1048,77.1734,76,76,61,7.3,3.9,3.6,12.4,20.45,81,1.95,,
2026-07-23 06:37:02,Thiruvananthapuram,Kerala,8.5241,76.9366,55,55,,,,,,30.88,57,5.12,,
2026-07-23 06:37:02,Imphal,Manipur,24.817,93.9368,46,46,6,3.7,1.9,4.1,32.9,26.46,76,2,,
2026-07-23 06:37:02,Shillong,Meghalaya,25.5788,91.8933,31,13,8,2.8,3.2,2.6,31.3,20.29,96,2.02,,
2026-07-23 06:37:02,Aizawl,Mizoram,23.7271,92.7176,17,13,17,0.6,0.5,5.8,2.3,24.9,70,2.33,,
2026-07-23 06:37:02,Kohima,Nagaland,25.6751,94.1086,46,46,6,3.7,1.9,4.1,32.9,22.7,81,1.34,,
2026-07-23 06:37:02,Gangtok,Sikkim,27.3389,88.6065,69,69,48,0.7,2.5,0.4,4.3,24.48,88,2.02,,
2026-07-23 06:37:02,Agartala,Tripura,23.8315,91.2868,114,114,68,3.5,6.3,2.9,5.8,26.05,92,5.71,,
2026-07-23 06:37:02,Dehradun,Uttarakhand,30.3165,78.0322,88,87,88,3.4,33.7,1.5,5.2,28.92,73,1.15,,
2026-07-23 06:37:02,Port Blair,Andaman and Nicobar Islands,11.6234,92.7265,40,40,,,2.4,0.6,,29.22,75,6.51,,
2026-07-23 06:37:02,Daman,Dadra and Nagar Haveli and Daman and Diu,20.3974,72.8328,53,53,45,6.4,6.3,1.6,5.1,25.91,93,12.37,,
2026-07-23 06:37:02,Srinagar,Jammu and Kashmir,34.0837,74.7973,54,50,42,1.9,0.5,1.6,53.9,26.37,53,2.36,,
2026-07-23 06:37:02,Leh,Ladakh,34.1526,77.5771,32,13,6,2.8,0.5,3.1,32.1,16.62,61,3.77,,
2026-07-23 06:37:02,Kavaratti,Lakshadweep,10.5669,72.642,53,53,45,6.4,6.3,1.6,5.1,28.75,76,7.71,,
2026-07-23 06:37:02,Puducherry,Puducherry,11.9416,79.8083,44,44,30,3.4,4.6,3.9,17.7,35.74,47,2.88,,
2026-07-23 09:29:16,Delhi,Delhi,28.6139,77.209,54,10,54,7.3,9.6,7.9,4.8,34.97,43,5.31,,
2026-07-23 09:29:16,Mumbai,Maharashtra,19.076,72.8777,116,116,67,9.4,6.6,10.4,4.2,27.13,83,10.04,,
2026-07-23 09:29:16,Bangalore,Karnataka,12.9716,77.5946,42,42,33,3.7,2.9,2.4,9.2,29.03,54,1.34,,
2026-07-23 09:29:16,Kolkata,West Bengal,22.5726,88.3639,172,172,,,,,,28.79,75,2.83,,
2026-07-23 09:29:16,Chennai,Tamil Nadu,13.0827,80.2707,46,46,,,,,,33.37,65,2.24,,
2026-07-23 09:29:16,Hyderabad,Telangana,17.385,78.4867,93,93,,,,,,30.44,47,10.02,,
2026-07-23 09:29:16,Pune,Maharashtra,18.5204,73.8567,116,116,67,9.4,6.6,10.4,4.2,24.47,75,8.33,,
2026-07-23 09:29:16,Lucknow,Uttar Pradesh,26.8467,80.9462,128,128,91,10.8,3,3.4,28.4,32.87,54,6.78,,
2026-07-23 09:29:16,Patna,Bihar,25.5941,85.1376,21,107,,1,0.5,0.6,20.9,34.3,47,4.43,,
2026-07-23 09:29:16,Ahmedabad,Gujarat,23.0225,72.5714,116,116,67,9.4,6.6,10.4,4.2,27.53,85,6.03,,
2026-07-23 09:29:16,Jaipur,Rajasthan,26.9124,75.7873,116,116,67,9.4,6.6,10.4,4.2,33.51,50,6.09,,
2026-07-23 09:29:16,Chandigarh,Chandigarh,30.7333,76.7794,53,53,49,6.4,2.5,3.6,8.9,34.2,47,5.48,,
2026-07-23 09:29:16,Bhopal,Madhya Pradesh,23.2599,77.4126,42,42,33,3.7,2.9,2.4,9.2,22.89,93,6.82,,
2026-07-23 09:29:16,Kanpur,Uttar Pradesh,26.4499,80.3319,150,150,86,6.3,9.9,0.4,5.4,32.81,56,5.74,,
2026-07-23 09:29:16,Guwahati,Assam,26.1445,91.7362,36,13,7,2.8,4.2,2.6,36.2,27.13,90,1.16,,
2026-07-23 09:29:16,Itanagar,Arunachal Pradesh,27.0844,93.6053,36,13,7,2.8,3.2,2.6,35.8,30.32,70,2.79,,
2026-07-23 09:29:16,Dispur,Assam,26.1433,91.7898,36,13,7,2.8,4.2,2.6,36.2,28.12,91,1.37,,
2026-07-23 09:29:16,Raipur,Chhattisgarh,21.2514,81.6296,113,113,90,3,3.4,0.5,16.8,26.28,73,8.29,,
2026-07-23 09:29:16,Panaji,Goa,15.4909,73.8278,116,116,67,9.4,6.6,10.4,4.2,26.97,82,6.95,,
2026-07-23 09:29:16,Gandhinagar,Gujarat,23.2156,72.6369,116,116,67,9.4,6.6,10.4,4.2,27.3,86,7.01,,
2026-07-23 09:29:16,Shimla,Himachal Pradesh,31.1048,77.1734,53,53,49,6.4,2.5,3.6,8.9,21.06,80,2.13,,
2026-07-23 09:29:16,Thiruvananthapuram,Kerala,8.5241,76.9366,56,56,,,,,,29.83,61,5.94,,
2026-07-23 09:29:16,Imphal,Manipur,24.817,93.9368,28,25,6,4.6,1.4,4.1,28.1,25.64,83,1.63,,
2026-07-23 09:29:16,Shillong,Meghalaya,25.5788,91.8933,36,13,7,2.8,4.2,2.6,36.2,19.72,97,2.16,,
2026-07-23 09:29:16,Aizawl,Mizoram,23.7271,92.7176,17,13,17,0.6,0.5,5.8,2.3,25.04,89,1.98,,
2026-07-23 09:29:16,Kohima,Nagaland,25.6751,94.1086,28,25,6,4.6,1.4,4.1,28.1,21.01,94,1.12,,
2026-07-23 09:29:16,Gangtok,Sikkim,27.3389,88.6065,69,69,48,0.7,2.5,0.4,4.3,24.14,91,1.77,,
2026-07-23 09:29:16,Agartala,Tripura,23.8315,91.2868,114,114,68,3.5,6.3,2.9,5.8,25.76,90,5.27,,
2026-07-23 09:29:16,Dehradun,Uttarakhand,30.3165,78.0322,78,65,78,2.8,20.2,1.6,5.8,27.9,80,1.64,,
2026-07-23 09:29:16,Port Blair,Andaman and Nicobar Islands,11.6234,92.7265,63,63,,,2.9,0.6,,28.88,76,6.35,,
2026-07-23 09:29:16,Daman,Dadra and Nagar Haveli and Daman and Diu,20.3974,72.8328,116,116,67,9.4,6.6,10.4,4.2,26.16,90,11.61,,
2026-07-23 09:29:16,Srinagar,Jammu and Kashmir,34.0837,74.7973,61,55,46,1.9,1,1.6,61,28.54,45,3.38,,
2026-07-23 09:29:16,Leh,Ladakh,34.1526,77.5771,36,13,36,3.7,0.5,2.6,35.4,16.03,67,4.21,,
2026-07-23 09:29:16,Kavaratti,Lakshadweep,10.5669,72.642,116,116,67,9.4,6.6,10.4,4.2,28.87,75,6.9,,
2026-07-23 09:29:16,Puducherry,Puducherry,11.9416,79.8083,44,44,30,3.4,4.6,3.9,17.7,36.85,60,6.56,,
2026-07-23 11:28:20,Delhi,Delhi,28.6139,77.209,55,21,55,7.3,10.8,7.3,4.6,33.55,50,5.11,,
2026-07-23 11:28:20,Mumbai,Maharashtra,19.076,72.8777,53,53,30,8,6.5,11,5.2,27.12,84,11.07,,
2026-07-23 11:28:20,Bangalore,Karnataka,12.9716,77.5946,58,58,30,3,2.5,2.7,10.3,28.91,52,0.89,,
2026-07-23 11:28:20,Kolkata,West Bengal,22.5726,88.3639,172,172,,,,,,28.58,76,2.64,,
2026-07-23 11:28:20,Chennai,Tamil Nadu,13.0827,80.2707,46,46,,,,,,32.26,67,2.24,,
2026-07-23 11:28:20,Hyderabad,Telangana,17.385,78.4867,93,93,,,,,,29.17,49,9.78,,
2026-07-23 11:28:20,Pune,Maharashtra,18.5204,73.8567,53,53,30,8,6.5,11,5.2,25.18,76,10.52,,
2026-07-23 11:28:20,Lucknow,Uttar Pradesh,26.8467,80.9462,128,128,91,10.8,3,3.4,28.4,32.67,56,5.56,,
2026-07-23 11:28:20,Patna,Bihar,25.5941,85.1376,21,107,,1,0.5,0.6,20.9,33.8,49,4.24,,
2026-07-23 11:28:20,Ahmedabad,Gujarat,23.0225,72.5714,53,53,30,8,6.5,11,5.2,27.31,85,7.07,,
2026-07-23 11:28:20,Jaipur,Rajasthan,26.9124,75.7873,53,53,30,8,6.5,11,5.2,33.43,48,4.89,,
2026-07-23 11:28:20,Chandigarh,Chandigarh,30.7333,76.7794,65,65,52,6.6,3.8,3.5,6.3,34.06,48,5.52,,
2026-07-23 11:28:20,Bhopal,Madhya Pradesh,23.2599,77.4126,58,58,30,3,2.5,2.7,10.3,23.17,93,6.97,,
2026-07-23 11:28:20,Kanpur,Uttar Pradesh,26.4499,80.3319,150,150,86,6.3,9.9,0.4,5.4,33.66,53,6.48,,
2026-07-23 11:28:20,Guwahati,Assam,26.1445,91.7362,31,30,14,2.8,3.7,2.6,30.9,26.56,91,1.07,,
2026-07-23 11:28:20,Itanagar,Arunachal Pradesh,27.0844,93.6053,39,13,8,2.8,5.1,2.6,39,29.4,76,2.31,,
2026-07-23 11:28:20,Dispur,Assam,26.1433,91.7898,31,30,14,2.8,3.7,2.6,30.9,27.54,92,1.22,,
2026-07-23 11:28:20,Raipur,Chhattisgarh,21.2514,81.6296,113,113,90,3,3.4,0.5,16.8,25.27,77,6.78,,
2026-07-23 11:28:20,Panaji,Goa,15.4909,73.8278,53,53,30,8,6.5,11,5.2,27.31,81,7.32,,
2026-07-23 11:28:20,Gandhinagar,Gujarat,23.2156,72.6369,53,53,30,8,6.5,11,5.2,26.78,89,7.12,,
2026-07-23 11:28:20,Shimla,Himachal Pradesh,31.1048,77.1734,65,65,52,6.6,3.8,3.5,6.3,20.91,81,1.91,,
2026-07-23 11:28:20,Thiruvananthapuram,Kerala,8.5241,76.9366,55,55,,,,,,29.22,64,5.69,,
2026-07-23 11:28:20,Imphal,Manipur,24.817,93.9368,26,25,6,4.6,1.9,4.1,26,24.48,89,1.78,,
2026-07-23 11:28:20,Shillong,Meghalaya,25.5788,91.8933,31,30,14,2.8,3.7,2.6,30.9,19.56,97,2.36,,
2026-07-23 11:28:20,Aizawl,Mizoram,23.7271,92.7176,17,13,17,0.6,0.5,5.8,2.3,20.91,92,1.56,,
2026-07-23 11:28:20,Kohima,Nagaland,25.6751,94.1086,26,25,6,4.6,1.9,4.1,26,19.93,97,0.8,,
2026-07-23 11:28:20,Gangtok,Sikkim,27.3389,88.6065,69,69,48,0.7,2.5,0.4,4.3,23.01,96,1.25,,
2026-07-23 11:28:20,Agartala,Tripura,23.8315,91.2868,114,114,68,3.5,6.3,2.9,5.8,24.89,92,4.11,,
2026-07-23 11:28:20,Dehradun,Uttarakhand,30.3165,78.0322,84,78,84,3.4,17.8,1.5,5.6,26.38,86,1.88,,
2026-07-23 11:28:20,Port Blair,Andaman and Nicobar Islands,11.6234,92.7265,29,29,,,4.1,0.6,,28.48,80,5.96,,
2026-07-23 11:28:20,Daman,Dadra and Nagar Haveli and Daman and Diu,20.3974,72.8328,53,53,30,8,6.5,11,5.2,25.89,92,11.03,,
2026-07-23 11:28:20,Srinagar,Jammu and Kashmir,34.0837,74.7973,63,63,61,2.8,2.8,2.6,62.3,27.62,47,3.53,,
2026-07-23 11:28:20,Leh,Ladakh,34.1526,77.5771,39,13,6,3.7,0.5,2.6,38.6,15.42,67,3.01,,
2026-07-23 11:28:20,Kavaratti,Lakshadweep,10.5669,72.642,53,53,30,8,6.5,11,5.2,28.59,77,6.99,,
2026-07-23 11:28:20,Puducherry,Puducherry,11.9416,79.8083,44,44,30,3.4,4.6,3.9,17.7,33.51,67,7.33,,
2026-07-23 13:08:27,Delhi,Delhi,28.6139,77.209,46,9,46,7.3,13.1,6.8,4.8,33.17,49,5.55,,
2026-07-23 13:08:27,Mumbai,Maharashtra,19.076,72.8777,95,95,68,5.7,6.8,11.4,5.4,27.17,88,12.67,,
2026-07-23 13:08:27,Bangalore,Karnataka,12.9716,77.5946,64,64,28,3,3.5,2.4,9.5,28.22,58,0.89,,
2026-07-23 13:08:27,Kolkata,West Bengal,22.5726,88.3639,172,172,,,,,,27.75,81,3.07,,
2026-07-23 13:08:27,Chennai,Tamil Nadu,13.0827,80.2707,46,46,,,,,,30.6,73,3.58,,
2026-07-23 13:08:27,Hyderabad,Telangana,17.385,78.4867,93,93,,,,,,27.54,59,7.78,,
2026-07-23 13:08:27,Pune,Maharashtra,18.5204,73.8567,95,95,68,5.7,6.8,11.4,5.4,24.07,88,9.8,,
2026-07-23 13:08:27,Lucknow,Uttar Pradesh,26.8467,80.9462,128,128,91,10.8,3,3.4,28.4,31.95,58,5.92,,
2026-07-23 13:08:27,Patna,Bihar,25.5941,85.1376,21,107,,1,0.5,0.6,20.9,32.29,56,3.15,,
2026-07-23 13:08:27,Ahmedabad,Gujarat,23.0225,72.5714,95,95,68,5.7,6.8,11.4,5.4,26.36,89,7.98,,
2026-07-23 13:08:27,Jaipur,Rajasthan,26.9124,75.7873,95,95,68,5.7,6.8,11.4,5.4,31.47,55,5.94,,
2026-07-23 13:08:27,Chandigarh,Chandigarh,30.7333,76.7794,61,61,52,6.6,2.6,3.8,10.7,32.36,56,2.01,,
2026-07-23 13:08:27,Bhopal,Madhya Pradesh,23.2599,77.4126,64,64,28,3,3.5,2.4,9.5,23.57,93,6.31,,
2026-07-23 13:08:27,Kanpur,Uttar Pradesh,26.4499,80.3319,150,150,86,6.3,9.9,0.4,5.4,30,72,4.86,,
2026-07-23 13:08:27,Guwahati,Assam,26.1445,91.7362,30,13,8,2.8,4.6,2.6,29.7,26.26,90,0.59,,
2026-07-23 13:08:27,Itanagar,Arunachal Pradesh,27.0844,93.6053,35,13,8,2.8,5.1,2.6,35,26.13,94,1.62,,
2026-07-23 13:08:27,Dispur,Assam,26.1433,91.7898,30,13,8,2.8,4.6,2.6,29.7,27.14,91,0.81,,
2026-07-23 13:08:27,Raipur,Chhattisgarh,21.2514,81.6296,113,113,90,3,3.4,0.5,16.8,24.95,81,5.08,,
2026-07-23 13:08:27,Panaji,Goa,15.4909,73.8278,95,95,68,5.7,6.8,11.4,5.4,27.31,78,7.05,,
2026-07-23 13:08:27,Gandhinagar,Gujarat,23.2156,72.6369,95,95,68,5.7,6.8,11.4,5.4,25.38,97,8.13,,
2026-07-23 13:08:27,Shimla,Himachal Pradesh,31.1048,77.1734,61,61,52,6.6,2.6,3.8,10.7,19.55,88,0.37,,
2026-07-23 13:08:27,Thiruvananthapuram,Kerala,8.5241,76.9366,61,61,,,,,,26.84,77,4.84,,
2026-07-23 13:08:27,Imphal,Manipur,24.817,93.9368,25,25,7,4.6,2.3,4.1,24.4,22.44,95,1.22,,
2026-07-23 13:08:27,Shillong,Meghalaya,25.5788,91.8933,30,13,8,2.8,4.6,2.6,29.7,18.79,96,2.29,,
2026-07-23 13:08:27,Aizawl,Mizoram,23.7271,92.7176,17,13,17,0.6,0.5,5.8,2.3,19.17,99,1.53,,
2026-07-23 13:08:27,Kohima,Nagaland,25.6751,94.1086,25,25,7,4.6,2.3,4.1,24.4,19.16,96,0.8,,
2026-07-23 13:08:27,Gangtok,Sikkim,27.3389,88.6065,69,69,48,0.7,2.5,0.4,4.3,22.23,97,0.08,,
2026-07-23 13:08:27,Agartala,Tripura,23.8315,91.2868,114,114,68,3.5,6.3,2.9,5.8,24.91,95,5.29,,
2026-07-23 13:08:27,Dehradun,Uttarakhand,30.3165,78.0322,81,76,81,2.8,24.6,1.4,4.8,27.57,81,0.86,,
2026-07-23 13:08:27,Port Blair,Andaman and Nicobar Islands,11.6234,92.7265,29,29,,,4.1,0.6,,28.22,80,6.3,,
2026-07-23 13:08:27,Daman,Dadra and Nagar Haveli and Daman and Diu,20.3974,72.8328,95,95,68,5.7,6.8,11.4,5.4,26.49,90,10.42,,
2026-07-23 13:08:27,Srinagar,Jammu and Kashmir,34.0837,74.7973,80,80,72,2.8,3.2,2.6,62.3,21.7,78,1.97,,
2026-07-23 13:08:27,Leh,Ladakh,34.1526,77.5771,38,13,6,3.7,0.5,3.1,38.2,14.01,75,2.84,,
2026-07-23 13:08:27,Kavaratti,Lakshadweep,10.5669,72.642,95,95,68,5.7,6.8,11.4,5.4,28.65,78,7.69,,
2026-07-23 13:08:27,Puducherry,Puducherry,11.9416,79.8083,44,44,30,3.4,4.6,3.9,17.7,31.29,73,8.54,,
2026-07-23 15:33:39,Delhi,Delhi,28.6139,77.209,50,9,50,9.1,16.8,6.9,2.6,32.17,54,4.5,,
2026-07-23 15:33:39,Mumbai,Maharashtra,19.076,72.8777,63,63,50,4.3,7.1,11.7,5.2,27.77,83,12.5,,
2026-07-23 15:33:39,Bangalore,Karnataka,12.9716,77.5946,32,30,32,3.4,4.6,2.8,8.9,25.24,70,0.89,,
2026-07-23 15:33:39,Kolkata,West Bengal,22.5726,88.3639,172,172,,,,,,27.11,84,3.55,,
2026-07-23 15:33:39,Chennai,Tamil Nadu,13.0827,80.2707,46,46,,,,,,30.39,76,1.34,,
2026-07-23 15:33:39,Hyderabad,Telangana,17.385,78.4867,93,93,,,,,,25.79,66,8.61,,
2026-07-23 15:33:39,Pune,Maharashtra,18.5204,73.8567,63,63,50,4.3,7.1,11.7,5.2,23.56,86,8.1,,
2026-07-23 15:33:39,Lucknow,Uttar Pradesh,26.8467,80.9462,128,128,91,10.8,3,3.4,28.4,30.33,67,5.49,,
2026-07-23 15:33:39,Patna,Bihar,25.5941,85.1376,21,107,,1,0.5,0.6,20.9,30.27,67,3.27,,
2026-07-23 15:33:39,Ahmedabad,Gujarat,23.0225,72.5714,63,63,50,4.3,7.1,11.7,5.2,27.53,81,7.65,,
2026-07-23 15:33:39,Jaipur,Rajasthan,26.9124,75.7873,63,63,50,4.3,7.1,11.7,5.2,30.16,61,4.99,,
2026-07-23 15:33:39,Chandigarh,Chandigarh,30.7333,76.7794,46,46,41,7.6,4.5,3.4,9.1,29.54,63,3.01,,
2026-07-23 15:33:39,Bhopal,Madhya Pradesh,23.2599,77.4126,32,30,32,3.4,4.6,2.8,8.9,23.31,92,5.9,,
2026-07-23 15:33:39,Kanpur,Uttar Pradesh,26.4499,80.3319,150,150,86,6.3,9.9,0.4,5.4,28.36,80,3.5,,
2026-07-23 15:33:39,Guwahati,Assam,26.1445,91.7362,46,46,10,3.7,17.4,4.1,17.5,24.94,93,0.47,,
2026-07-23 15:33:39,Itanagar,Arunachal Pradesh,27.0844,93.6053,42,42,12,2.8,4.6,2.6,28.9,25.25,91,1.63,,
2026-07-23 15:33:39,Dispur,Assam,26.1433,91.7898,46,46,10,3.7,17.4,4.1,17.5,25.99,93,0.54,,
2026-07-23 15:33:39,Raipur,Chhattisgarh,21.2514,81.6296,113,113,90,3,3.4,0.5,16.8,24.23,87,2.91,,
2026-07-23 15:33:39,Panaji,Goa,15.4909,73.8278,63,63,50,4.3,7.1,11.7,5.2,27.13,78,7.03,,
2026-07-23 15:33:39,Gandhinagar,Gujarat,23.2156,72.6369,63,63,50,4.3,7.1,11.7,5.2,26.95,86,7.67,,
2026-07-23 15:33:39,Shimla,Himachal Pradesh,31.1048,77.1734,46,46,41,7.6,4.5,3.4,9.1,17.96,88,1.03,,
2026-07-23 15:33:39,Thiruvananthapuram,Kerala,8.5241,76.9366,56,56,,,,,,25.69,83,3.4,,
2026-07-23 15:33:39,Imphal,Manipur,24.817,93.9368,53,53,7,4.6,1.9,4.1,15.5,21.54,96,0.89,,
2026-07-23 15:33:39,Shillong,Meghalaya,25.5788,91.8933,46,46,10,3.7,17.4,4.1,17.5,18.58,97,2.22,,
2026-07-23 15:33:39,Aizawl,Mizoram,23.7271,92.7176,17,13,17,0.6,0.5,5.8,2.3,19.02,99,1.14,,
2026-07-23 15:33:39,Kohima,Nagaland,25.6751,94.1086,53,53,7,4.6,1.9,4.1,15.5,18.17,94,1.13,,
2026-07-23 15:33:39,Gangtok,Sikkim,27.3389,88.6065,69,69,48,0.7,2.5,0.4,4.3,21.19,97,0.47,,
2026-07-23 15:33:39,Agartala,Tripura,23.8315,91.2868,114,114,68,3.5,6.3,2.9,5.8,24.66,96,3.97,,
2026-07-23 15:33:39,Dehradun,Uttarakhand,30.3165,78.0322,78,67,78,3.7,28,1.4,4.4,24.97,88,1.75,,
2026-07-23 15:33:39,Port Blair,Andaman and Nicobar Islands,11.6234,92.7265,29,29,,,4.1,0.6,,28.21,81,6.48,,
2026-07-23 15:33:39,Daman,Dadra and Nagar Haveli and Daman and Diu,20.3974,72.8328,63,63,50,4.3,7.1,11.7,5.2,27.04,89,10.86,,
2026-07-23 15:33:39,Srinagar,Jammu and Kashmir,34.0837,74.7973,112,112,74,4.6,11,2.1,30.9,20.03,88,1.28,,
2026-07-23 15:33:39,Leh,Ladakh,34.1526,77.5771,38,13,6,2.8,1,3.1,38.2,13.9,73,1.72,,
2026-07-23 15:33:39,Kavaratti,Lakshadweep,10.5669,72.642,63,63,50,4.3,7.1,11.7,5.2,28.4,77,7.41,,
2026-07-23 15:33:39,Puducherry,Puducherry,11.9416,79.8083,44,44,30,3.4,4.6,3.9,17.7,29.62,73,7.35,,
2026-07-23 17:38:55,Delhi,Delhi,28.6139,77.209,59,25,59,8.2,14.3,6.9,24.9,31.39,58,4.17,,
2026-07-23 17:38:55,Mumbai,Maharashtra,19.076,72.8777,65,65,50,3,9.2,11.7,5.2,28.17,83,12.8,,
2026-07-23 17:38:55,Bangalore,Karnataka,12.9716,77.5946,59,59,35,4.3,5.1,2.9,7.1,22.46,79,7.15,,
2026-07-23 17:38:55,Kolkata,West Bengal,22.5726,88.3639,172,172,,,,,,29.45,100,2.86,,
2026-07-23 17:38:55,Chennai,Tamil Nadu,13.0827,80.2707,46,46,,,,,,30.22,78,0.89,,
2026-07-23 17:38:55,Hyderabad,Telangana,17.385,78.4867,93,93,,,,,,25.56,67,8.77,,
2026-07-23 17:38:55,Pune,Maharashtra,18.5204,73.8567,65,65,50,3,9.2,11.7,5.2,24.07,81,8.43,,
2026-07-23 17:38:55,Lucknow,Uttar Pradesh,26.8467,80.9462,128,128,91,10.8,3,3.4,28.4,29.02,74,4.74,,
2026-07-23 17:38:55,Patna,Bihar,25.5941,85.1376,21,107,,1,0.5,0.6,20.9,28.82,74,2.79,,
2026-07-23 17:38:55,Ahmedabad,Gujarat,23.0225,72.5714,65,65,50,3,9.2,11.7,5.2,27.22,82,9.37,,
2026-07-23 17:38:55,Jaipur,Rajasthan,26.9124,75.7873,65,65,50,3,9.2,11.7,5.2,30.19,62,4.04,,
2026-07-23 17:38:55,Chandigarh,Chandigarh,30.7333,76.7794,74,74,73,9.1,5.5,4.3,5.1,28.75,66,3.42,,
2026-07-23 17:38:55,Bhopal,Madhya Pradesh,23.2599,77.4126,59,59,35,4.3,5.1,2.9,7.1,22.59,95,6.37,,
2026-07-23 17:38:55,Kanpur,Uttar Pradesh,26.4499,80.3319,150,150,86,6.3,9.9,0.4,5.4,27.76,82,4.46,,
2026-07-23 17:38:55,Guwahati,Assam,26.1445,91.7362,26,13,6,2.8,5.1,2.6,26,24.2,95,0.52,,
2026-07-23 17:38:55,Itanagar,Arunachal Pradesh,27.0844,93.6053,42,42,10,2.8,2.8,2.6,28.9,24.88,93,2.04,,
2026-07-23 17:38:55,Dispur,Assam,26.1433,91.7898,26,13,6,2.8,5.1,2.6,26,25.23,96,0.6,,
2026-07-23 17:38:55,Raipur,Chhattisgarh,21.2514,81.6296,113,113,90,3,3.4,0.5,16.8,24.67,84,2.9,,
2026-07-23 17:38:55,Panaji,Goa,15.4909,73.8278,65,65,50,3,9.2,11.7,5.2,27.2,79,6.51,,
2026-07-23 17:38:55,Gandhinagar,Gujarat,23.2156,72.6369,65,65,50,3,9.2,11.7,5.2,26.94,85,7.43,,
2026-07-23 17:38:55,Shimla,Himachal Pradesh,31.1048,77.1734,74,74,73,9.1,5.5,4.3,5.1,17.09,91,1.75,,
2026-07-23 17:38:55,Thiruvananthapuram,Kerala,8.5241,76.9366,60,60,,,,,,25.36,84,3.37,,
2026-07-23 17:38:55,Imphal,Manipur,24.817,93.9368,34,34,9,4.6,4.2,8.2,11,21.15,97,0.76,,
2026-07-23 17:38:55,Shillong,Meghalaya,25.5788,91.8933,26,13,6,2.8,5.1,2.6,26,18.67,98,1.71,,
2026-07-23 17:38:55,Aizawl,Mizoram,23.7271,92.7176,17,13,17,0.6,0.5,5.8,2.3,18.85,99,1.25,,
2026-07-23 17:38:55,Kohima,Nagaland,25.6751,94.1086,34,34,9,4.6,4.2,8.2,11,17.82,95,1.48,,
2026-07-23 17:38:55,Gangtok,Sikkim,27.3389,88.6065,69,69,48,0.7,2.5,0.4,4.3,20.98,97,0.41,,
2026-07-23 17:38:55,Agartala,Tripura,23.8315,91.2868,114,114,68,3.5,6.3,2.9,5.8,24.43,96,3.81,,
2026-07-23 17:38:55,Dehradun,Uttarakhand,30.3165,78.0322,93,78,93,4.6,21,1.7,3,24.49,88,1.67,,
2026-07-23 17:38:55,Port Blair,Andaman and Nicobar Islands,11.6234,92.7265,30,30,,,2.9,0.6,,27.96,82,6.82,,
2026-07-23 17:38:55,Daman,Dadra and Nagar Haveli and Daman and Diu,20.3974,72.8328,65,65,50,3,9.2,11.7,5.2,27.23,88,11.93,,
2026-07-23 17:38:55,Srinagar,Jammu and Kashmir,34.0837,74.7973,112,112,94,4.6,11.9,3.1,33.3,19.47,89,1.34,,
2026-07-23 17:38:55,Leh,Ladakh,34.1526,77.5771,35,13,7,2.8,1,3.1,35.4,13.75,75,1.96,,
2026-07-23 17:38:55,Kavaratti,Lakshadweep,10.5669,72.642,65,65,50,3,9.2,11.7,5.2,28.06,76,6.84,,
2026-07-23 17:38:55,Puducherry,Puducherry,11.9416,79.8083,44,44,30,3.4,4.6,3.9,17.7,29.62,74,8.31,,
2026-07-23 19:36:45,Delhi,Delhi,28.6139,77.209,61,34,61,7.3,9.1,7.8,69.7,30.83,59,4.87,,
2026-07-23 19:36:45,Mumbai,Maharashtra,19.076,72.8777,82,82,40,5.8,6.8,12.1,5.4,28.05,83,12.35,,
2026-07-23 19:36:45,Bangalore,Karnataka,12.9716,77.5946,63,63,36,3.7,3.4,2.7,6.7,21.26,85,0.45,,
2026-07-23 19:36:45,Kolkata,West Bengal,22.5726,88.3639,172,172,,,,,,26.47,84,3.05,,
2026-07-23 19:36:45,Chennai,Tamil Nadu,13.0827,80.2707,46,46,,,,,,29.85,79,1.34,,
2026-07-23 19:36:45,Hyderabad,Telangana,17.385,78.4867,93,93,,,,,,24.86,68,8.23,,
2026-07-23 19:36:45,Pune,Maharashtra,18.5204,73.8567,82,82,40,5.8,6.8,12.1,5.4,25.69,87,8.24,,
2026-07-23 19:36:45,Lucknow,Uttar Pradesh,26.8467,80.9462,128,128,91,10.8,3,3.4,28.4,27.72,80,3.82,,
2026-07-23 19:36:45,Patna,Bihar,25.5941,85.1376,21,107,,1,0.5,0.6,20.9,27.72,80,3.3,,
2026-07-23 19:36:45,Ahmedabad,Gujarat,23.0225,72.5714,82,82,40,5.8,6.8,12.1,5.4,26.04,90,8.2,,
2026-07-23 19:36:45,Jaipur,Rajasthan,26.9124,75.7873,82,82,40,5.8,6.8,12.1,5.4,28.51,69,4.48,,
2026-07-23 19:36:45,Chandigarh,Chandigarh,30.7333,76.7794,55,55,49,8.8,4.5,4.2,3,28.08,68,3.99,,
2026-07-23 19:36:45,Bhopal,Madhya Pradesh,23.2599,77.4126,63,63,36,3.7,3.4,2.7,6.7,23.17,97,5.05,,
2026-07-23 19:36:45,Kanpur,Uttar Pradesh,26.4499,80.3319,150,150,86,6.3,9.9,0.4,5.4,27.57,83,3.76,,
2026-07-23 19:36:45,Guwahati,Assam,26.1445,91.7362,38,38,13,2.8,4.2,2.1,26,23.8,95,0.93,,
2026-07-23 19:36:45,Itanagar,Arunachal Pradesh,27.0844,93.6053,42,42,10,3.7,3.7,2.1,26.9,24.33,96,1.66,,
2026-07-23 19:36:45,Dispur,Assam,26.1433,91.7898,38,38,13,2.8,4.2,2.1,26,24.82,96,1.03,,
2026-07-23 19:36:45,Raipur,Chhattisgarh,21.2514,81.6296,113,113,90,3,3.4,0.5,16.8,24.81,84,4.09,,
2026-07-23 19:36:45,Panaji,Goa,15.4909,73.8278,82,82,40,5.7,6.8,12.1,5.5,26.73,85,7.3,,
2026-07-23 19:36:45,Gandhinagar,Gujarat,23.2156,72.6369,82,82,40,5.7,6.8,12.1,5.5,25.22,95,9.37,,
2026-07-23 19:36:45,Shimla,Himachal Pradesh,31.1048,77.1734,55,55,49,8.6,3.9,3.8,4.5,16.29,95,1.31,,
2026-07-23 19:36:45,Thiruvananthapuram,Kerala,8.5241,76.9366,66,66,,,,,,25.35,85,3.46,,
2026-07-23 19:36:45,Imphal,Manipur,24.817,93.9368,25,25,7,4.6,4.6,7.6,10.6,21.12,98,0.82,,
2026-07-23 19:36:45,Shillong,Meghalaya,25.5788,91.8933,38,38,13,2.8,4.2,2.1,26,18.76,96,1.28,,
2026-07-23 19:36:45,Aizawl,Mizoram,23.7271,92.7176,17,13,17,0.6,0.5,5.8,2.3,18.56,99,1.08,,
2026-07-23 19:36:45,Kohima,Nagaland,25.6751,94.1086,25,25,7,4.6,4.6,7.6,10.6,17.64,95,1.22,,
2026-07-23 19:36:45,Gangtok,Sikkim,27.3389,88.6065,69,69,48,0.7,2.5,0.4,4.3,20.59,97,0.25,,
2026-07-23 19:36:45,Agartala,Tripura,23.8315,91.2868,114,114,68,3.5,6.3,2.9,5.8,24.28,97,3.39,,
2026-07-23 19:36:45,Dehradun,Uttarakhand,30.3165,78.0322,91,91,82,3.7,18.6,2.7,3,23.88,89,0.81,,
2026-07-23 19:36:45,Port Blair,Andaman and Nicobar Islands,11.6234,92.7265,30,30,,,2.9,0.6,,27.54,82,6.87,,
2026-07-23 19:36:45,Daman,Dadra and Nagar Haveli and Daman and Diu,20.3974,72.8328,82,82,40,5.7,6.8,12.1,5.5,27.33,87,11.95,,
2026-07-23 19:36:45,Srinagar,Jammu and Kashmir,34.0837,74.7973,63,63,54,1.9,1,1.6,47.2,18.36,92,0.73,,
2026-07-23 19:36:45,Leh,Ladakh,34.1526,77.5771,33,13,6,2.8,1,2.6,33.3,13.57,74,1.91,,
2026-07-23 19:36:45,Kavaratti,Lakshadweep,10.5669,72.642,82,82,40,5.7,6.8,12.1,5.5,28.4,77,7.53,,
2026-07-23 19:36:45,Puducherry,Puducherry,11.9416,79.8083,44,44,30,3.4,4.6,3.9,17.7,28.51,77,7.44,,
2026-07-23 21:13:26,Delhi,Delhi,28.6139,77.209,57,57,53,7.3,11,8.1,69.7,29.62,64,5.13,,
2026-07-23 21:13:26,Mumbai,Maharashtra,19.076,72.8777,132,132,45,5.5,6.1,12.2,3.2,27.99,82,12.72,,
2026-07-23 21:13:26,Bangalore,Karnataka,12.9716,77.5946,77,77,32,3.7,4.6,2.8,6.6,21.39,85,5.91,,
2026-07-23 21:13:26,Kolkata,West Bengal,22.5726,88.3639,172,172,,,,,,26.51,84,2.89,,
2026-07-23 21:13:26,Chennai,Tamil Nadu,13.0827,80.2707,46,46,,,,,,29.83,80,0.45,,
2026-07-23 21:13:26,Hyderabad,Telangana,17.385,78.4867,93,93,,,,,,24.31,69,8.39,,
2026-07-23 21:13:26,Pune,Maharashtra,18.5204,73.8567,132,132,45,5.5,6.1,12.2,3.2,23.52,89,7.22,,
2026-07-23 21:13:26,Lucknow,Uttar Pradesh,26.8467,80.9462,128,128,91,10.8,3,3.4,28.4,27.59,81,3.04,,
2026-07-23 21:13:26,Patna,Bihar,25.5941,85.1376,21,107,,1,0.5,0.6,20.9,27.51,81,3.26,,
2026-07-23 21:13:26,Ahmedabad,Gujarat,23.0225,72.5714,132,132,45,5.5,6.1,12.2,3.2,25.74,92,7.88,,
2026-07-23 21:13:26,Jaipur,Rajasthan,26.9124,75.7873,132,132,45,5.5,6.1,12.2,3.2,28.06,72,4.04,,
2026-07-23 21:13:26,Chandigarh,Chandigarh,30.7333,76.7794,65,65,54,6.4,4.9,2.9,12.2,28.08,69,4.11,,
2026-07-23 21:13:26,Bhopal,Madhya Pradesh,23.2599,77.4126,77,77,32,3.7,4.6,2.8,6.6,23.05,96,5.54,,
2026-07-23 21:13:26,Kanpur,Uttar Pradesh,26.4499,80.3319,150,150,86,6.3,9.9,0.4,5.4,27.34,84,3.95,,
2026-07-23 21:13:26,Guwahati,Assam,26.1445,91.7362,29,13,8,1.9,1.9,2.1,28.5,23.61,96,1.23,,
2026-07-23 21:13:26,Itanagar,Arunachal Pradesh,27.0844,93.6053,29,13,7,2.8,2.8,2.6,29.3,24.4,96,1.61,,
2026-07-23 21:13:26,Dispur,Assam,26.1433,91.7898,29,13,8,1.9,1.9,2.1,28.5,24.6,96,1.29,,
2026-07-23 21:13:26,Raipur,Chhattisgarh,21.2514,81.6296,113,113,90,3,3.4,0.5,16.8,24.98,80,4.73,,
2026-07-23 21:13:26,Panaji,Goa,15.4909,73.8278,132,132,45,5.5,6.1,12.2,3.2,26.54,84,7.66,,
2026-07-23 21:13:26,Gandhinagar,Gujarat,23.2156,72.6369,132,132,45,5.5,6.1,12.2,3.2,25.15,95,8.79,,
2026-07-23 21:13:26,Shimla,Himachal Pradesh,31.1048,77.1734,65,65,54,6.4,4.9,2.9,12.2,16.36,95,0.66,,
2026-07-23 21:13:26,Thiruvananthapuram,Kerala,8.5241,76.9366,58,58,,,,,,24.99,86,3.24,,
2026-07-23 21:13:26,Imphal,Manipur,24.817,93.9368,13,13,7,4.6,2.3,5.6,11.8,21.02,98,0.52,,
2026-07-23 21:13:26,Shillong,Meghalaya,25.5788,91.8933,29,13,8,1.9,1.9,2.1,28.5,18.6,97,1.26,,
2026-07-23 21:13:26,Aizawl,Mizoram,23.7271,92.7176,17,13,17,0.6,0.5,5.8,2.3,18.67,99,1.21,,
2026-07-23 21:13:26,Kohima,Nagaland,25.6751,94.1086,13,13,7,4.6,2.3,5.6,11.8,17.7,95,1.03,,
2026-07-23 21:13:26,Gangtok,Sikkim,27.3389,88.6065,69,69,48,0.7,2.5,0.4,4.3,20.37,98,0.17,,
2026-07-23 21:13:26,Agartala,Tripura,23.8315,91.2868,114,114,68,3.5,6.3,2.9,5.8,24.31,98,3.52,,
2026-07-23 21:13:26,Dehradun,Uttarakhand,30.3165,78.0322,121,121,94,3.7,20.3,2.7,3.5,23.88,89,1.13,,
2026-07-23 21:13:26,Port Blair,Andaman and Nicobar Islands,11.6234,92.7265,30,30,,,2.9,0.6,,27.69,80,7.08,,
2026-07-23 21:13:26,Daman,Dadra and Nagar Haveli and Daman and Diu,20.3974,72.8328,132,132,45,5.5,6.1,12.2,3.2,27.33,86,11.79,,
2026-07-23 21:13:26,Srinagar,Jammu and Kashmir,34.0837,74.7973,55,55,42,1.9,1,2.1,47.2,18.92,91,1.12,,
2026-07-23 21:13:26,Leh,Ladakh,34.1526,77.5771,33,13,6,2.8,0.5,3.1,32.5,13.57,72,2.05,,
2026-07-23 21:13:26,Kavaratti,Lakshadweep,10.5669,72.642,132,132,45,5.5,6.1,12.2,3.2,28.16,77,7.05,,
2026-07-23 21:13:26,Puducherry,Puducherry,11.9416,79.8083,44,44,30,3.4,4.6,3.9,17.7,27.96,71,7.04,,
2026-07-23 22:32:26,Delhi,Delhi,28.6139,77.209,66,66,48,7.3,9.6,8.4,132.6,29.15,66,5.31,,
2026-07-23 22:32:26,Mumbai,Maharashtra,19.076,72.8777,97,97,44,4.6,7.4,10.9,5,27.99,82,12.22,,
2026-07-23 22:32:26,Bangalore,Karnataka,12.9716,77.5946,39,39,24,3.4,3.5,2.7,7,20.26,93,5.44,,
2026-07-23 22:32:26,Kolkata,West Bengal,22.5726,88.3639,172,172,,,,,,26.32,85,3,,
2026-07-23 22:32:26,Chennai,Tamil Nadu,13.0827,80.2707,46,46,,,,,,29.64,80,2.24,,
2026-07-23 22:32:26,Hyderabad,Telangana,17.385,78.4867,93,93,,,,,,23.81,70,8.94,,
2026-07-23 22:32:26,Pune,Maharashtra,18.5204,73.8567,97,97,44,4.6,7.4,10.9,5,24.07,85,8.1,,
2026-07-23 22:32:26,Lucknow,Uttar Pradesh,26.8467,80.9462,128,128,91,10.8,3,3.4,28.4,25.87,93,3.3,,
2026-07-23 22:32:26,Patna,Bihar,25.5941,85.1376,21,107,,1,0.5,0.6,20.9,27.54,80,3.72,,
2026-07-23 22:32:26,Ahmedabad,Gujarat,23.0225,72.5714,97,97,44,4.6,7.4,10.9,5,26.12,87,7.78,,
2026-07-23 22:32:26,Jaipur,Rajasthan,26.9124,75.7873,97,97,44,4.6,7.4,10.9,5,26.85,79,3.25,,
2026-07-23 22:32:26,Chandigarh,Chandigarh,30.7333,76.7794,68,68,52,5.9,5.8,2.8,11.4,27.58,71,4.82,,
2026-07-23 22:32:26,Bhopal,Madhya Pradesh,23.2599,77.4126,39,39,24,3.4,3.5,2.7,7,22.87,97,4.97,,
2026-07-23 22:32:26,Kanpur,Uttar Pradesh,26.4499,80.3319,150,150,86,6.3,9.9,0.4,5.4,27.07,84,3.46,,
2026-07-23 22:32:26,Guwahati,Assam,26.1445,91.7362,27,13,6,2.8,2.8,2.6,27.3,23.29,96,1.35,,
2026-07-23 22:32:26,Itanagar,Arunachal Pradesh,27.0844,93.6053,28,13,6,3.7,2.8,2.6,27.7,24.22,96,1.03,,
2026-07-23 22:32:26,Dispur,Assam,26.1433,91.7898,27,13,6,2.8,2.8,2.6,27.3,24.28,96,1.38,,
2026-07-23 22:32:26,Raipur,Chhattisgarh,21.2514,81.6296,113,113,90,3,3.4,0.5,16.8,24.42,83,3.79,,
2026-07-23 22:32:26,Panaji,Goa,15.4909,73.8278,97,97,44,4.6,7.4,10.9,5,26.69,83,6.17,,
2026-07-23 22:32:26,Gandhinagar,Gujarat,23.2156,72.6369,97,97,44,4.6,7.4,10.9,5,24.86,95,9.69,,
2026-07-23 22:32:26,Shimla,Himachal Pradesh,31.1048,77.1734,68,68,52,5.9,5.8,2.8,11.4,16.04,95,0.94,,
2026-07-23 22:32:26,Thiruvananthapuram,Kerala,8.5241,76.9366,37,37,,,,,,24.81,86,3.21,,
2026-07-23 22:32:26,Imphal,Manipur,24.817,93.9368,13,13,6,4.6,1.9,4.6,12.6,20.61,98,0.51,,
2026-07-23 22:32:26,Shillong,Meghalaya,25.5788,91.8933,27,13,6,2.8,2.8,2.6,27.3,18.53,98,1.36,,
2026-07-23 22:32:26,Aizawl,Mizoram,23.7271,92.7176,17,13,17,0.6,0.5,5.8,2.3,18.65,99,1.2,,
2026-07-23 22:32:26,Kohima,Nagaland,25.6751,94.1086,13,13,6,4.6,1.9,4.6,12.6,17.52,95,1.08,,
2026-07-23 22:32:26,Gangtok,Sikkim,27.3389,88.6065,69,69,48,0.7,2.5,0.4,4.3,20.1,99,0.11,,
2026-07-23 22:32:26,Agartala,Tripura,23.8315,91.2868,114,114,68,3.5,6.3,2.9,5.8,24.16,98,2.97,,
2026-07-23 22:32:26,Dehradun,Uttarakhand,30.3165,78.0322,97,97,84,2.8,34.2,2.4,3.2,23.85,90,1.42,,
2026-07-23 22:32:26,Port Blair,Andaman and Nicobar Islands,11.6234,92.7265,30,30,,,2.9,0.6,,27.85,79,6.4,,
2026-07-23 22:32:26,Daman,Dadra and Nagar Haveli and Daman and Diu,20.3974,72.8328,97,97,44,4.6,7.4,10.9,5,27.27,86,11.33,,
2026-07-23 22:32:26,Srinagar,Jammu and Kashmir,34.0837,74.7973,59,59,37,1.9,1,1.6,45.9,18.92,92,1.09,,
2026-07-23 22:32:26,Leh,Ladakh,34.1526,77.5771,29,13,6,2.8,0.5,3.1,28.9,13.08,73,1.86,,
2026-07-23 22:32:26,Kavaratti,Lakshadweep,10.5669,72.642,97,97,44,4.6,7.4,10.9,5,28.14,79,7.1,,
2026-07-23 22:32:26,Puducherry,Puducherry,11.9416,79.8083,44,44,30,3.4,4.6,3.9,17.7,27.4,65,4.83,,
2026-07-24 00:05:51,Delhi,Delhi,28.6139,77.209,55,55,41,7.3,7.5,8.4,6.7,28.65,69,5.32,,
2026-07-24 00:05:51,Mumbai,Maharashtra,19.076,72.8777,97,97,41,4.6,7.8,11.5,5.1,27.92,82,11.96,,
2026-07-24 00:05:51,Bangalore,Karnataka,12.9716,77.5946,56,56,26,3.4,2.6,2.8,7.5,21.35,86,0.45,,
2026-07-24 00:05:51,Kolkata,West Bengal,22.5726,88.3639,172,172,,,,,,26.1,86,3.01,,
2026-07-24 00:05:51,Chennai,Tamil Nadu,13.0827,80.2707,46,46,,,,,,29.28,80,1.34,,
2026-07-24 00:05:51,Hyderabad,Telangana,17.385,78.4867,93,93,,,,,,23.62,70,9.09,,
2026-07-24 00:05:51,Pune,Maharashtra,18.5204,73.8567,97,97,41,4.6,7.8,11.5,5.1,23.52,83,7.92,,
2026-07-24 00:05:51,Lucknow,Uttar Pradesh,26.8467,80.9462,128,128,91,10.8,3,3.4,28.4,25.6,95,1.51,,
2026-07-24 00:05:51,Patna,Bihar,25.5941,85.1376,21,107,,1,0.5,0.6,20.9,27.5,81,2.67,,
2026-07-24 00:05:51,Ahmedabad,Gujarat,23.0225,72.5714,97,97,41,4.6,7.8,11.5,5.1,26.26,85,7.75,,
2026-07-24 00:05:51,Jaipur,Rajasthan,26.9124,75.7873,97,97,41,4.6,7.8,11.5,5.1,26.46,81,2.78,,
2026-07-24 00:05:51,Chandigarh,Chandigarh,30.7333,76.7794,89,89,56,6.9,1.9,3.2,8.3,27.36,72,4.29,,
2026-07-24 00:05:51,Bhopal,Madhya Pradesh,23.2599,77.4126,56,56,26,3.4,2.6,2.8,7.5,22.9,97,4.11,,
2026-07-24 00:05:51,Kanpur,Uttar Pradesh,26.4499,80.3319,150,150,86,6.3,9.9,0.4,5.4,26.81,85,2.49,,
2026-07-24 00:05:51,Guwahati,Assam,26.1445,91.7362,30,13,6,1.9,2.3,2.6,30.1,23.81,95,1.21,,
2026-07-24 00:05:51,Itanagar,Arunachal Pradesh,27.0844,93.6053,35,13,6,2.8,2.8,2.6,35.4,24.94,94,1.03,,
2026-07-24 00:05:51,Dispur,Assam,26.1433,91.7898,30,13,6,1.9,2.3,2.6,30.1,24.84,95,1.22,,
2026-07-24 00:05:51,Raipur,Chhattisgarh,21.2514,81.6296,113,113,90,3,3.4,0.5,16.8,24.64,81,4.09,,
2026-07-24 00:05:51,Panaji,Goa,15.4909,73.8278,97,97,41,4.6,7.8,11.5,5.1,26.64,83,6.97,,
2026-07-24 00:05:51,Gandhinagar,Gujarat,23.2156,72.6369,97,97,41,4.6,7.8,11.5,5.1,24.96,94,11.17,,
2026-07-24 00:05:51,Shimla,Himachal Pradesh,31.1048,77.1734,89,89,56,6.9,1.9,3.2,8.3,16.02,94,1.06,,
2026-07-24 00:05:51,Thiruvananthapuram,Kerala,8.5241,76.9366,48,48,,,,,,24.55,86,2.98,,
2026-07-24 00:05:51,Imphal,Manipur,24.817,93.9368,13,13,6,4.6,2.3,6.6,12.2,21.24,97,0.22,,
2026-07-24 00:05:51,Shillong,Meghalaya,25.5788,91.8933,30,13,6,1.9,2.3,2.6,30.1,18.74,98,1.23,,
2026-07-24 00:05:51,Aizawl,Mizoram,23.7271,92.7176,17,13,17,0.6,0.5,5.8,2.3,18.75,99,1.05,,
2026-07-24 00:05:51,Kohima,Nagaland,25.6751,94.1086,13,13,6,4.6,2.3,6.6,12.2,18.52,94,1,,
2026-07-24 00:05:51,Gangtok,Sikkim,27.3389,88.6065,69,69,48,0.7,2.5,0.4,4.3,20.49,98,0.31,,
2026-07-24 00:05:51,Agartala,Tripura,23.8315,91.2868,114,114,68,3.5,6.3,2.9,5.8,24.4,97,2.82,,
2026-07-24 00:05:51,Dehradun,Uttarakhand,30.3165,78.0322,99,99,76,3.2,26.4,2.5,3.3,23.82,89,1.37,,
2026-07-24 00:05:51,Port Blair,Andaman and Nicobar Islands,11.6234,92.7265,24,24,,,1.2,0.6,,27.74,82,6.6,,
2026-07-24 00:05:51,Daman,Dadra and Nagar Haveli and Daman and Diu,20.3974,72.8328,97,97,41,4.6,7.8,11.5,5.1,27.33,85,10.98,,
2026-07-24 00:05:51,Srinagar,Jammu and Kashmir,34.0837,74.7973,59,59,36,1,0.5,1.6,45.5,18.36,91,1.9,,
2026-07-24 00:05:51,Leh,Ladakh,34.1526,77.5771,29,13,6,2.8,0.5,3.1,28.5,12.98,74,1.93,,
2026-07-24 00:05:51,Kavaratti,Lakshadweep,10.5669,72.642,97,97,41,4.6,7.8,11.5,5.1,28.04,79,7.92,,
2026-07-24 00:05:51,Puducherry,Puducherry,11.9416,79.8083,44,44,30,3.4,4.6,3.9,17.7,26.85,66,4.67,,
2026-07-24 03:55:22,Delhi,Delhi,28.6139,77.209,68,68,51,8.2,9.3,9.3,53.7,30.39,65,5.31,,
2026-07-24 03:55:22,Mumbai,Maharashtra,19.076,72.8777,78,78,39,3.9,6.8,11.1,5.1,28.85,79,11.78,,
2026-07-24 03:55:22,Bangalore,Karnataka,12.9716,77.5946,57,57,32,3.7,2.7,2.3,7.2,24.61,75,6.25,,
2026-07-24 03:55:22,Kolkata,West Bengal,22.5726,88.3639,172,172,,,,,,26.81,84,2.5,,
2026-07-24 03:55:22,Chennai,Tamil Nadu,13.0827,80.2707,46,46,,,,,,31.85,72,0.89,,
2026-07-24 03:55:22,Hyderabad,Telangana,17.385,78.4867,93,93,,,,,,25.6,66,8.84,,
2026-07-24 03:55:22,Pune,Maharashtra,18.5204,73.8567,78,78,39,3.9,6.8,11.1,5.1,25.74,70,8.13,,
2026-07-24 03:55:22,Lucknow,Uttar Pradesh,26.8467,80.9462,128,128,91,10.8,3,3.4,28.4,30.63,66,3.12,,
2026-07-24 03:55:22,Patna,Bihar,25.5941,85.1376,21,107,,1,0.5,0.6,20.9,31.22,63,1.41,,
2026-07-24 03:55:22,Ahmedabad,Gujarat,23.0225,72.5714,78,78,39,3.9,6.8,11.1,5.1,25.63,87,6.2,,
2026-07-24 03:55:22,Jaipur,Rajasthan,26.9124,75.7873,78,78,39,3.9,6.8,11.1,5.1,30.19,63,4.14,,
2026-07-24 03:55:22,Chandigarh,Chandigarh,30.7333,76.7794,63,63,56,5.7,2.4,3.2,2.4,31.44,56,5.49,,
2026-07-24 03:55:22,Bhopal,Madhya Pradesh,23.2599,77.4126,57,57,32,3.7,2.7,2.3,7.2,24.72,89,4.67,,
2026-07-24 03:55:22,Kanpur,Uttar Pradesh,26.4499,80.3319,150,150,86,6.3,9.9,0.4,5.4,29.17,72,3.12,,
2026-07-24 03:55:22,Guwahati,Assam,26.1445,91.7362,30,13,8,2.8,5.5,3.1,30.1,28.97,73,1.9,,
2026-07-24 03:55:22,Itanagar,Arunachal Pradesh,27.0844,93.6053,34,34,8,2.8,6.9,3.1,32.5,30.91,67,1.43,,
2026-07-24 03:55:22,Dispur,Assam,26.1433,91.7898,30,13,8,2.8,5.5,3.1,30.1,30.35,72,1.8,,
2026-07-24 03:55:22,Raipur,Chhattisgarh,21.2514,81.6296,113,113,90,3,3.4,0.5,16.8,25.07,82,5.5,,
2026-07-24 03:55:22,Panaji,Goa,15.4909,73.8278,78,78,39,3.9,6.8,11.1,5.1,27.91,81,6.79,,
2026-07-24 03:55:22,Gandhinagar,Gujarat,23.2156,72.6369,78,78,39,3.9,6.8,11.1,5.1,25.07,90,6.71,,
2026-07-24 03:55:22,Shimla,Himachal Pradesh,31.1048,77.1734,63,63,56,5.7,2.4,3.2,2.4,20.59,79,1.69,,
2026-07-24 03:55:22,Thiruvananthapuram,Kerala,8.5241,76.9366,64,64,,,,,,29.42,61,4.36,,
2026-07-24 03:55:22,Imphal,Manipur,24.817,93.9368,15,13,11,4.6,2.8,7.1,15.1,26.15,77,1.21,,
2026-07-24 03:55:22,Shillong,Meghalaya,25.5788,91.8933,30,13,8,2.8,5.5,3.1,30.1,21.58,85,1.72,,
2026-07-24 03:55:22,Aizawl,Mizoram,23.7271,92.7176,17,13,17,0.6,0.5,5.8,2.3,20.75,93,0.87,,
2026-07-24 03:55:22,Kohima,Nagaland,25.6751,94.1086,15,13,11,4.6,2.8,7.1,15.1,22.92,85,1.15,,
2026-07-24 03:55:22,Gangtok,Sikkim,27.3389,88.6065,69,69,48,0.7,2.5,0.4,4.3,24.5,85,1.89,,
2026-07-24 03:55:22,Agartala,Tripura,23.8315,91.2868,114,114,68,3.5,6.3,2.9,5.8,26.68,89,4.85,,
2026-07-24 03:55:22,Dehradun,Uttarakhand,30.3165,78.0322,83,76,83,3.7,17.4,2.8,3.6,29.6,65,1.32,,
2026-07-24 03:55:22,Port Blair,Andaman and Nicobar Islands,11.6234,92.7265,26,26,,,7.5,0.6,,28.51,79,7.04,,
2026-07-24 03:55:22,Daman,Dadra and Nagar Haveli and Daman and Diu,20.3974,72.8328,78,78,39,3.9,6.8,11.1,5.1,27.89,83,10.78,,
2026-07-24 03:55:22,Srinagar,Jammu and Kashmir,34.0837,74.7973,56,55,56,1.9,2.8,2.6,41.5,19.47,89,1.23,,
2026-07-24 03:55:22,Leh,Ladakh,34.1526,77.5771,29,13,9,2.8,1.9,3.1,28.9,16.01,58,2.39,,
2026-07-24 03:55:22,Kavaratti,Lakshadweep,10.5669,72.642,78,78,39,3.9,6.8,11.1,5.1,28.43,79,7.27,,
2026-07-24 03:55:22,Puducherry,Puducherry,11.9416,79.8083,44,44,30,3.4,4.6,3.9,17.7,33.51,51,4.71,,
2026-07-24 06:34:19,Delhi,Delhi,28.6139,77.209,99,99,56,9.4,12.4,9.6,1.8,33.76,53,5.66,,
2026-07-24 06:34:19,Mumbai,Maharashtra,19.076,72.8777,74,74,48,3.7,6.5,11.2,4.5,29.15,78,11.46,,
2026-07-24 06:34:19,Bangalore,Karnataka,12.9716,77.5946,76,76,37,3.7,3.4,2.5,4.9,27.4,62,0.89,,
2026-07-24 06:34:19,Kolkata,West Bengal,22.5726,88.3639,172,172,,,,,,27.19,83,5,,
2026-07-24 06:34:19,Chennai,Tamil Nadu,13.0827,80.2707,46,46,,,,,,34.57,58,0.89,,
2026-07-24 06:34:19,Hyderabad,Telangana,17.385,78.4867,93,93,,,,,,29.68,50,9.51,,
2026-07-24 06:34:19,Pune,Maharashtra,18.5204,73.8567,74,74,48,3.7,6.5,11.2,4.5,25.78,70,10.51,,
2026-07-24 06:34:19,Lucknow,Uttar Pradesh,26.8467,80.9462,128,128,91,10.8,3,3.4,28.4,32.54,58,1.89,,
2026-07-24 06:34:19,Patna,Bihar,25.5941,85.1376,21,107,,1,0.5,0.6,20.9,34.06,52,3.49,,
2026-07-24 06:34:19,Ahmedabad,Gujarat,23.0225,72.5714,74,74,48,3.7,6.5,11.2,4.5,26.13,87,5.08,,
2026-07-24 06:34:19,Jaipur,Rajasthan,26.9124,75.7873,74,74,48,3.7,6.5,11.2,4.5,32.42,55,4.29,,
2026-07-24 06:34:19,Chandigarh,Chandigarh,30.7333,76.7794,53,53,27,7.3,1.7,2.8,4.7,34.49,47,4.19,,
2026-07-24 06:34:19,Bhopal,Madhya Pradesh,23.2599,77.4126,76,76,37,3.7,3.4,2.5,4.9,27.61,76,8.11,,
2026-07-24 06:34:19,Kanpur,Uttar Pradesh,26.4499,80.3319,150,150,86,6.3,9.9,0.4,5.4,33.93,52,4.82,,
2026-07-24 06:34:19,Guwahati,Assam,26.1445,91.7362,32,13,6,2.8,4.2,3.1,32.1,29.24,82,1.56,,
2026-07-24 06:34:19,Itanagar,Arunachal Pradesh,27.0844,93.6053,34,34,7,2.8,5.1,3.1,34.2,30.5,75,1.52,,
2026-07-24 06:34:19,Dispur,Assam,26.1433,91.7898,32,13,6,2.8,4.2,3.1,32.1,30.42,82,1.49,,
2026-07-24 06:34:19,Raipur,Chhattisgarh,21.2514,81.6296,113,113,90,3,3.4,0.5,16.8,27.73,72,5.39,,
2026-07-24 06:34:19,Panaji,Goa,15.4909,73.8278,74,74,48,3.7,6.5,11.2,4.5,28.17,80,7.32,,
2026-07-24 06:34:19,Gandhinagar,Gujarat,23.2156,72.6369,74,74,48,3.7,6.5,11.2,4.5,26.11,88,5.67,,
2026-07-24 06:34:19,Shimla,Himachal Pradesh,31.1048,77.1734,53,53,27,7.3,1.7,2.8,4.7,20.99,73,2.16,,
2026-07-24 06:34:19,Thiruvananthapuram,Kerala,8.5241,76.9366,58,58,,,,,,31.43,53,6.16,,
2026-07-24 06:34:19,Imphal,Manipur,24.817,93.9368,53,53,9,4.6,1.9,4.1,24.8,28.26,73,1.03,,
2026-07-24 06:34:19,Shillong,Meghalaya,25.5788,91.8933,32,13,6,2.8,4.2,3.1,32.1,21.76,87,1.62,,
2026-07-24 06:34:19,Aizawl,Mizoram,23.7271,92.7176,17,13,17,0.6,0.5,5.8,2.3,27.69,64,1.55,,
2026-07-24 06:34:19,Kohima,Nagaland,25.6751,94.1086,53,53,9,4.6,1.9,4.1,24.8,22.39,92,1.19,,
2026-07-24 06:34:19,Gangtok,Sikkim,27.3389,88.6065,69,69,48,0.7,2.5,0.4,4.3,24.67,86,1.72,,
2026-07-24 06:34:19,Agartala,Tripura,23.8315,91.2868,114,114,68,3.5,6.3,2.9,5.8,28.63,83,4.75,,
2026-07-24 06:34:19,Dehradun,Uttarakhand,30.3165,78.0322,107,107,81,3.7,22.3,2.7,3.9,30.71,61,2.45,,
2026-07-24 06:34:19,Port Blair,Andaman and Nicobar Islands,11.6234,92.7265,35,35,,,4.7,0.6,,29.54,75,7.56,,
2026-07-24 06:34:19,Daman,Dadra and Nagar Haveli and Daman and Diu,20.3974,72.8328,74,74,48,3.7,6.5,11.2,4.5,27.48,85,9.9,,
2026-07-24 06:34:19,Srinagar,Jammu and Kashmir,34.0837,74.7973,65,65,52,2.8,1.9,2.6,46.3,20.03,87,1.2,,
2026-07-24 06:34:19,Leh,Ladakh,34.1526,77.5771,33,13,6,2.8,1,3.1,32.9,18.94,47,3.3,,
2026-07-24 06:34:19,Kavaratti,Lakshadweep,10.5669,72.642,74,74,48,3.7,6.5,11.2,4.5,28.48,79,7.13,,
2026-07-24 06:34:19,Puducherry,Puducherry,11.9416,79.8083,44,44,30,3.4,4.6,3.9,17.7,37.4,41,3.96,,
2026-07-24 09:26:42,Delhi,Delhi,28.6139,77.209,74,74,15,8.2,10,9.4,2.1,35.22,48,4.97,,
2026-07-24 09:26:42,Mumbai,Maharashtra,19.076,72.8777,72,72,34,4.6,7.6,11,5.6,29.04,78,11.6,,
2026-07-24 09:26:42,Bangalore,Karnataka,12.9716,77.5946,49,49,13,3.7,2.4,2.5,5.6,29,56,0.89,,
2026-07-24 09:26:42,Kolkata,West Bengal,22.5726,88.3639,172,172,,,,,,29.62,72,4.32,,
2026-07-24 09:26:42,Chennai,Tamil Nadu,13.0827,80.2707,46,46,,,,,,34.63,61,1.79,,
2026-07-24 09:26:42,Hyderabad,Telangana,17.385,78.4867,93,93,,,,,,27.91,57,9.07,,
2026-07-24 09:26:42,Pune,Maharashtra,18.5204,73.8567,72,72,34,4.6,7.6,11,5.6,26.34,69,9.67,,
2026-07-24 09:26:42,Lucknow,Uttar Pradesh,26.8467,80.9462,128,128,91,10.8,3,3.4,28.4,34.28,51,2.15,,
2026-07-24 09:26:42,Patna,Bihar,25.5941,85.1376,21,107,,1,0.5,0.6,20.9,33.92,52,3.39,,
2026-07-24 09:26:42,Ahmedabad,Gujarat,23.0225,72.5714,72,72,34,4.6,7.6,11,5.6,26.64,85,4.06,,
2026-07-24 09:26:42,Jaipur,Rajasthan,26.9124,75.7873,72,72,34,4.6,7.6,11,5.6,33.21,54,3.89,,
2026-07-24 09:26:42,Chandigarh,Chandigarh,30.7333,76.7794,72,72,48,6.8,3.9,3.1,7.6,35.02,45,3.38,,
2026-07-24 09:26:42,Bhopal,Madhya Pradesh,23.2599,77.4126,49,49,13,3.7,2.4,2.5,5.6,27.5,76,7.89,,
2026-07-24 09:26:42,Kanpur,Uttar Pradesh,26.4499,80.3319,150,150,86,6.3,9.9,0.4,5.4,35.35,47,4.58,,
2026-07-24 09:26:42,Guwahati,Assam,26.1445,91.7362,42,13,7,2.8,3.7,2.6,41.5,29.59,81,0.93,,
2026-07-24 09:26:42,Itanagar,Arunachal Pradesh,27.0844,93.6053,42,13,6,1.9,4.2,2.6,41.9,30.38,72,1.63,,
2026-07-24 09:26:42,Dispur,Assam,26.1433,91.7898,42,13,7,2.8,3.7,2.6,41.5,30.62,82,0.93,,
2026-07-24 09:26:42,Raipur,Chhattisgarh,21.2514,81.6296,113,113,90,3,3.4,0.5,16.8,30.33,63,6.46,,
2026-07-24 09:26:42,Panaji,Goa,15.4909,73.8278,72,72,34,4.6,7.6,11,5.6,28.29,80,6.89,,
2026-07-24 09:26:42,Gandhinagar,Gujarat,23.2156,72.6369,72,72,34,4.6,7.6,11,5.6,26.19,88,4.2,,
2026-07-24 09:26:42,Shimla,Himachal Pradesh,31.1048,77.1734,72,72,48,6.8,3.9,3.1,7.6,21.4,79,1.96,,
2026-07-24 09:26:42,Thiruvananthapuram,Kerala,8.5241,76.9366,33,33,,,,,,31.13,53,6.97,,
2026-07-24 09:26:42,Imphal,Manipur,24.817,93.9368,29,13,7,4.6,2.3,4.1,29.3,27.59,76,0.55,,
2026-07-24 09:26:42,Shillong,Meghalaya,25.5788,91.8933,42,13,7,2.8,3.7,2.6,41.5,24.05,74,1.38,,
2026-07-24 09:26:42,Aizawl,Mizoram,23.7271,92.7176,17,13,17,0.6,0.5,5.8,2.3,28.12,68,1.36,,
2026-07-24 09:26:42,Kohima,Nagaland,25.6751,94.1086,29,13,7,4.6,2.3,4.1,29.3,23.17,86,1.23,,
2026-07-24 09:26:42,Gangtok,Sikkim,27.3389,88.6065,69,69,48,0.7,2.5,0.4,4.3,24.97,88,1.71,,
2026-07-24 09:26:42,Agartala,Tripura,23.8315,91.2868,114,114,68,3.5,6.3,2.9,5.8,29.11,82,5.08,,
2026-07-24 09:26:42,Dehradun,Uttarakhand,30.3165,78.0322,88,88,74,3.7,23.2,2.6,3.9,29.17,73,0.79,,
2026-07-24 09:26:42,Port Blair,Andaman and Nicobar Islands,11.6234,92.7265,30,30,,,3.5,0.6,,29.25,72,7.29,,
2026-07-24 09:26:42,Daman,Dadra and Nagar Haveli and Daman and Diu,20.3974,72.8328,72,72,34,4.6,7.6,11,5.6,28.35,83,10.68,,
2026-07-24 09:26:42,Srinagar,Jammu and Kashmir,34.0837,74.7973,63,63,51,2.8,1.9,1.6,51.9,23.36,77,0.85,,
2026-07-24 09:26:42,Leh,Ladakh,34.1526,77.5771,34,13,6,1.9,0.5,3.1,33.8,20.75,41,3.55,,
2026-07-24 09:26:42,Kavaratti,Lakshadweep,10.5669,72.642,72,72,34,4.6,7.6,11,5.6,28.32,80,7.03,,
2026-07-24 09:26:42,Puducherry,Puducherry,11.9416,79.8083,44,44,30,3.4,4.6,3.9,17.7,39.07,45,3.5,,
2026-07-24 11:19:39,Delhi,Delhi,28.6139,77.209,74,74,15,8.2,10,9.4,2.1,34.96,48,4.97,,
2026-07-24 11:19:39,Mumbai,Maharashtra,19.076,72.8777,72,72,34,4.6,7.6,11,5.6,28.66,79,11.43,,
2026-07-24 11:19:39,Bangalore,Karnataka,12.9716,77.5946,49,49,13,3.7,2.4,2.5,5.6,28.17,63,1.34,,
2026-07-24 11:19:39,Kolkata,West Bengal,22.5726,88.3639,172,172,,,,,,30.33,69,4.24,,
2026-07-24 11:19:39,Chennai,Tamil Nadu,13.0827,80.2707,46,46,,,,,,31.7,73,2.24,,
2026-07-24 11:19:39,Hyderabad,Telangana,17.385,78.4867,93,93,,,,,,26.95,61,8.78,,
2026-07-24 11:19:39,Pune,Maharashtra,18.5204,73.8567,72,72,34,4.6,7.6,11,5.6,24.63,81,7.93,,
2026-07-24 11:19:39,Lucknow,Uttar Pradesh,26.8467,80.9462,128,128,91,10.8,3,3.4,28.4,33.79,53,2.81,,
2026-07-24 11:19:39,Patna,Bihar,25.5941,85.1376,21,107,,1,0.5,0.6,20.9,34.23,51,2.53,,
2026-07-24 11:19:39,Ahmedabad,Gujarat,23.0225,72.5714,72,72,34,4.6,7.6,11,5.6,25.94,84,6.25,,
2026-07-24 11:19:39,Jaipur,Rajasthan,26.9124,75.7873,72,72,34,4.6,7.6,11,5.6,31.96,57,3.59,,
2026-07-24 11:19:39,Chandigarh,Chandigarh,30.7333,76.7794,72,72,48,6.8,3.9,3.1,7.6,33.42,52,3.13,,
2026-07-24 11:19:39,Bhopal,Madhya Pradesh,23.2599,77.4126,49,49,13,3.7,2.4,2.5,5.6,26.55,81,6,,
2026-07-24 11:19:39,Kanpur,Uttar Pradesh,26.4499,80.3319,150,150,86,6.3,9.9,0.4,5.4,34.27,51,4.67,,
2026-07-24 11:19:39,Guwahati,Assam,26.1445,91.7362,43,13,7,1.9,3.2,2.6,43.1,28.74,85,1.02,,
2026-07-24 11:19:39,Itanagar,Arunachal Pradesh,27.0844,93.6053,44,13,6,2.8,4.2,2.6,43.5,30.54,71,1.64,,
2026-07-24 11:19:39,Dispur,Assam,26.1433,91.7898,43,13,7,1.9,3.2,2.6,43.1,29.76,86,1.12,,
2026-07-24 11:19:39,Raipur,Chhattisgarh,21.2514,81.6296,113,113,90,3,3.4,0.5,16.8,29.91,64,6.88,,
2026-07-24 11:19:39,Panaji,Goa,15.4909,73.8278,72,72,34,4.6,7.6,11,5.6,28.17,81,6.58,,
2026-07-24 11:19:39,Gandhinagar,Gujarat,23.2156,72.6369,72,72,34,4.6,7.6,11,5.6,25.47,90,6.73,,
2026-07-24 11:19:39,Shimla,Himachal Pradesh,31.1048,77.1734,72,72,48,6.8,3.9,3.1,7.6,21.69,78,1.84,,
2026-07-24 11:19:39,Thiruvananthapuram,Kerala,8.5241,76.9366,38,38,,,,,,29.78,58,6.96,,
2026-07-24 11:19:39,Imphal,Manipur,24.817,93.9368,32,13,9,5.5,3.2,4.1,31.7,26.25,86,0.59,,
2026-07-24 11:19:39,Shillong,Meghalaya,25.5788,91.8933,43,13,7,1.9,3.2,2.6,43.1,22.07,85,1.33,,
2026-07-24 11:19:39,Aizawl,Mizoram,23.7271,92.7176,17,13,17,0.6,0.5,5.8,2.3,22.68,95,1.27,,
2026-07-24 11:19:39,Kohima,Nagaland,25.6751,94.1086,32,13,9,5.5,3.2,4.1,31.7,21.78,96,0.87,,
2026-07-24 11:19:39,Gangtok,Sikkim,27.3389,88.6065,69,69,48,0.7,2.5,0.4,4.3,24.67,87,1.4,,
2026-07-24 11:19:39,Agartala,Tripura,23.8315,91.2868,114,114,68,3.5,6.3,2.9,5.8,28.23,86,4.54,,
2026-07-24 11:19:39,Dehradun,Uttarakhand,30.3165,78.0322,88,88,74,3.7,23.2,2.6,3.9,28.35,78,0.87,,
2026-07-24 11:19:39,Port Blair,Andaman and Nicobar Islands,11.6234,92.7265,26,26,,,5.8,0.6,,28.73,76,6.61,,
2026-07-24 11:19:39,Daman,Dadra and Nagar Haveli and Daman and Diu,20.3974,72.8328,72,72,34,4.6,7.6,11,5.6,27.98,82,10.59,,
2026-07-24 11:19:39,Srinagar,Jammu and Kashmir,34.0837,74.7973,72,72,44,2.8,1.4,2.1,55.8,23.92,72,0.45,,
2026-07-24 11:19:39,Leh,Ladakh,34.1526,77.5771,28,13,12,2.8,1,3.1,28.1,21.66,38,3.71,,
2026-07-24 11:19:39,Kavaratti,Lakshadweep,10.5669,72.642,72,72,34,4.6,7.6,11,5.6,28.32,80,7.36,,
2026-07-24 11:19:39,Puducherry,Puducherry,11.9416,79.8083,44,44,30,3.4,4.6,3.9,17.7,32.34,58,6.19,,
2026-07-24 13:02:58,Delhi,Delhi,28.6139,77.209,74,74,15,8.2,10,9.4,2.1,33.74,50,4.42,,
2026-07-24 13:02:58,Mumbai,Maharashtra,19.076,72.8777,72,72,34,4.6,7.6,11,5.6,28.1,80,11.68,,
2026-07-24 13:02:58,Bangalore,Karnataka,12.9716,77.5946,49,49,13,3.7,2.4,2.5,5.6,26.9,66,0.89,,
2026-07-24 13:02:58,Kolkata,West Bengal,22.5726,88.3639,172,172,,,,,,28.6,78,3.87,,
2026-07-24 13:02:58,Chennai,Tamil Nadu,13.0827,80.2707,46,46,,,,,,31.1,74,0.89,,
2026-07-24 13:02:58,Hyderabad,Telangana,17.385,78.4867,93,93,,,,,,26.78,64,7.64,,
2026-07-24 13:02:58,Pune,Maharashtra,18.5204,73.8567,72,72,34,4.6,7.6,11,5.6,24.63,81,6.51,,
2026-07-24 13:02:58,Lucknow,Uttar Pradesh,26.8467,80.9462,128,128,91,10.8,3,3.4,28.4,33.2,54,2.47,,
2026-07-24 13:02:58,Patna,Bihar,25.5941,85.1376,21,107,,1,0.5,0.6,20.9,32.52,60,2.36,,
2026-07-24 13:02:58,Ahmedabad,Gujarat,23.0225,72.5714,72,72,34,4.6,7.6,11,5.6,26.13,92,5.98,,
2026-07-24 13:02:58,Jaipur,Rajasthan,26.9124,75.7873,72,72,34,4.6,7.6,11,5.6,30.34,64,4.06,,
2026-07-24 13:02:58,Chandigarh,Chandigarh,30.7333,76.7794,72,72,48,6.8,3.9,3.1,7.6,32.11,58,2.56,,
2026-07-24 13:02:58,Bhopal,Madhya Pradesh,23.2599,77.4126,49,49,13,3.7,2.4,2.5,5.6,26.17,82,3.66,,
2026-07-24 13:02:58,Kanpur,Uttar Pradesh,26.4499,80.3319,150,150,86,6.3,9.9,0.4,5.4,33.08,56,2.62,,
2026-07-24 13:02:58,Guwahati,Assam,26.1445,91.7362,39,34,8,2.8,4.6,2.6,39.4,26.4,89,1.18,,
2026-07-24 13:02:58,Itanagar,Arunachal Pradesh,27.0844,93.6053,33,13,7,3.7,8.3,2.6,33.3,26.58,91,0.91,,
2026-07-24 13:02:58,Dispur,Assam,26.1433,91.7898,39,34,8,2.8,4.6,2.6,39.4,27.33,90,1.1,,
2026-07-24 13:02:58,Raipur,Chhattisgarh,21.2514,81.6296,113,113,90,3,3.4,0.5,16.8,28.85,70,5.78,,
2026-07-24 13:02:58,Panaji,Goa,15.4909,73.8278,72,72,34,4.6,7.6,11,5.6,27.54,84,6.49,,
2026-07-24 13:02:58,Gandhinagar,Gujarat,23.2156,72.6369,72,72,34,4.6,7.6,11,5.6,25.57,93,2.82,,
2026-07-24 13:02:58,Shimla,Himachal Pradesh,31.1048,77.1734,72,72,48,6.8,3.9,3.1,7.6,19.11,85,1.26,,
2026-07-24 13:02:58,Thiruvananthapuram,Kerala,8.5241,76.9366,40,40,,,,,,27.19,75,5.38,,
2026-07-24 13:02:58,Imphal,Manipur,24.817,93.9368,53,53,13,5.5,3.7,4.1,28.5,23.27,93,0.48,,
2026-07-24 13:02:58,Shillong,Meghalaya,25.5788,91.8933,39,34,8,2.8,4.6,2.6,39.4,19.58,96,1.64,,
2026-07-24 13:02:58,Aizawl,Mizoram,23.7271,92.7176,17,13,17,0.6,0.5,5.8,2.3,19.97,98,1.43,,
2026-07-24 13:02:58,Kohima,Nagaland,25.6751,94.1086,53,53,13,5.5,3.7,4.1,28.5,19.76,95,0.54,,
2026-07-24 13:02:58,Gangtok,Sikkim,27.3389,88.6065,69,69,48,0.7,2.5,0.4,4.3,22.17,98,0.31,,
2026-07-24 13:02:58,Agartala,Tripura,23.8315,91.2868,114,114,68,3.5,6.3,2.9,5.8,26.01,93,3.49,,
2026-07-24 13:02:58,Dehradun,Uttarakhand,30.3165,78.0322,88,88,74,3.7,23.2,2.6,3.9,27.3,79,1.59,,
2026-07-24 13:02:58,Port Blair,Andaman and Nicobar Islands,11.6234,92.7265,26,26,,,5.8,0.6,,28.17,80,6.3,,
2026-07-24 13:02:58,Daman,Dadra and Nagar Haveli and Daman and Diu,20.3974,72.8328,72,72,34,4.6,7.6,11,5.6,27.09,85,8.26,,
2026-07-24 13:02:58,Srinagar,Jammu and Kashmir,34.0837,74.7973,102,102,60,2.8,2.3,2.1,49.2,25.03,60,0.65,,
2026-07-24 13:02:58,Leh,Ladakh,34.1526,77.5771,27,13,11,2.8,2.3,3.1,27.3,21.15,40,3.58,,
2026-07-24 13:02:58,Kavaratti,Lakshadweep,10.5669,72.642,72,72,34,4.6,7.6,11,5.6,28.52,80,7.96,,
2026-07-24 13:02:58,Puducherry,Puducherry,11.9416,79.8083,44,44,30,3.4,4.6,3.9,17.7,30.74,75,6.73,,
2026-07-24 15:14:35,Delhi,Delhi,28.6139,77.209,74,74,15,8.2,10,9.4,2.1,33.23,52,4.19,,
2026-07-24 15:14:35,Mumbai,Maharashtra,19.076,72.8777,72,72,34,4.6,7.6,11,5.6,27.8,82,11.65,,
2026-07-24 15:14:35,Bangalore,Karnataka,12.9716,77.5946,49,49,13,3.7,2.4,2.5,5.6,23.59,75,0.89,,
2026-07-24 15:14:35,Kolkata,West Bengal,22.5726,88.3639,172,172,,,,,,27.69,82,3.24,,
2026-07-24 15:14:35,Chennai,Tamil Nadu,13.0827,80.2707,46,46,,,,,,30.47,77,3.58,,
2026-07-24 15:14:35,Hyderabad,Telangana,17.385,78.4867,93,93,,,,,,26.84,62,6.72,,
2026-07-24 15:14:35,Pune,Maharashtra,18.5204,73.8567,72,72,34,4.6,7.6,11,5.6,24.07,85,5.94,,
2026-07-24 15:14:35,Lucknow,Uttar Pradesh,26.8467,80.9462,128,128,91,10.8,3,3.4,28.4,31.93,60,3.03,,
2026-07-24 15:14:35,Patna,Bihar,25.5941,85.1376,21,107,,1,0.5,0.6,20.9,31.72,64,3.48,,
2026-07-24 15:14:35,Ahmedabad,Gujarat,23.0225,72.5714,72,72,34,4.6,7.6,11,5.6,26.51,89,5.29,,
2026-07-24 15:14:35,Jaipur,Rajasthan,26.9124,75.7873,72,72,34,4.6,7.6,11,5.6,29.99,65,4.44,,
2026-07-24 15:14:35,Chandigarh,Chandigarh,30.7333,76.7794,72,72,48,6.8,3.9,3.1,7.6,30.31,60,2.93,,
2026-07-24 15:14:35,Bhopal,Madhya Pradesh,23.2599,77.4126,49,49,13,3.7,2.4,2.5,5.6,24.4,91,3.65,,
2026-07-24 15:14:35,Kanpur,Uttar Pradesh,26.4499,80.3319,150,150,86,6.3,9.9,0.4,5.4,31.98,60,2.28,,
2026-07-24 15:14:35,Guwahati,Assam,26.1445,91.7362,42,42,10,1.9,2.8,2.6,36.2,25.39,94,1.68,,
2026-07-24 15:14:35,Itanagar,Arunachal Pradesh,27.0844,93.6053,34,13,9,2.8,4.2,2.6,33.8,25.77,91,1.52,,
2026-07-24 15:14:35,Dispur,Assam,26.1433,91.7898,42,42,10,1.9,2.8,2.6,36.2,26.41,94,1.66,,
2026-07-24 15:14:35,Raipur,Chhattisgarh,21.2514,81.6296,113,113,90,3,3.4,0.5,16.8,27.35,78,5.3,,
2026-07-24 15:14:35,Panaji,Goa,15.4909,73.8278,72,72,34,4.6,7.6,11,5.6,27.07,86,6.11,,
2026-07-24 15:14:35,Gandhinagar,Gujarat,23.2156,72.6369,72,72,34,4.6,7.6,11,5.6,25.78,94,4.13,,
2026-07-24 15:14:35,Shimla,Himachal Pradesh,31.1048,77.1734,72,72,48,6.8,3.9,3.1,7.6,18.12,92,1.37,,
2026-07-24 15:14:35,Thiruvananthapuram,Kerala,8.5241,76.9366,63,63,,,,,,26.29,78,4.3,,
2026-07-24 15:14:35,Imphal,Manipur,24.817,93.9368,50,50,16,6.4,5.5,4.1,12.2,22.51,96,0.33,,
2026-07-24 15:14:35,Shillong,Meghalaya,25.5788,91.8933,42,42,10,1.9,2.8,2.6,36.2,18.93,93,2.11,,
2026-07-24 15:14:35,Aizawl,Mizoram,23.7271,92.7176,17,13,17,0.6,0.5,5.8,2.3,19.14,99,1.44,,
2026-07-24 15:14:35,Kohima,Nagaland,25.6751,94.1086,50,50,16,6.4,5.5,4.1,12.2,19.96,94,0.85,,
2026-07-24 15:14:35,Gangtok,Sikkim,27.3389,88.6065,69,69,48,0.7,2.5,0.4,4.3,21.38,96,0.22,,
2026-07-24 15:14:35,Agartala,Tripura,23.8315,91.2868,114,114,68,3.5,6.3,2.9,5.8,25.15,96,3.43,,
2026-07-24 15:14:35,Dehradun,Uttarakhand,30.3165,78.0322,88,88,74,3.7,23.2,2.6,3.9,25.4,85,1.42,,
2026-07-24 15:14:35,Port Blair,Andaman and Nicobar Islands,11.6234,92.7265,26,26,,,5.8,0.6,,28.07,81,6.04,,
2026-07-24 15:14:35,Daman,Dadra and Nagar Haveli and Daman and Diu,20.3974,72.8328,72,72,34,4.6,7.6,11,5.6,26.55,85,8.02,,
2026-07-24 15:14:35,Srinagar,Jammu and Kashmir,34.0837,74.7973,176,176,128,2.8,9.2,1.6,33.3,21.7,81,0.84,,
2026-07-24 15:14:35,Leh,Ladakh,34.1526,77.5771,27,13,10,2.8,1,2.6,26.9,19.79,47,3.32,,
2026-07-24 15:14:35,Kavaratti,Lakshadweep,10.5669,72.642,72,72,34,4.6,7.6,11,5.6,28.41,80,6.97,,
2026-07-24 15:14:35,Puducherry,Puducherry,11.9416,79.8083,44,44,30,3.4,4.6,3.9,17.7,29.62,78,5.88,,
2026-07-24 17:07:51,Delhi,Delhi,28.6139,77.209,109,109,3,5.5,8.5,5,8.6,32.58,55,3.74,,
2026-07-24 17:07:51,Mumbai,Maharashtra,19.076,72.8777,158,158,,,,,,27.95,84,10.13,,
2026-07-24 17:07:51,Bangalore,Karnataka,12.9716,77.5946,53,53,27,2.9,11.2,4.1,5,23,77,0.89,,
2026-07-24 17:07:51,Kolkata,West Bengal,22.5726,88.3639,172,172,,,,,,27.36,84,2.52,,
2026-07-24 17:07:51,Chennai,Tamil Nadu,13.0827,80.2707,46,46,,,,,,30.39,75,0.89,,
2026-07-24 17:07:51,Hyderabad,Telangana,17.385,78.4867,93,93,,,,,,26.6,62,7.29,,
2026-07-24 17:07:51,Pune,Maharashtra,18.5204,73.8567,232,232,138,51,198,,61,24.07,81,5.39,,
2026-07-24 17:07:51,Lucknow,Uttar Pradesh,26.8467,80.9462,128,128,91,10.8,3,3.4,28.4,31.7,61,2.43,,
2026-07-24 17:07:51,Patna,Bihar,25.5941,85.1376,21,107,,1,0.5,0.6,20.9,30.9,67,4.43,,
2026-07-24 17:07:51,Ahmedabad,Gujarat,23.0225,72.5714,108,108,68,0.2,7.3,48.2,11.2,26.55,88,4.65,,
2026-07-24 17:07:51,Jaipur,Rajasthan,26.9124,75.7873,129,129,78,18.8,9.6,10.1,11.3,27.99,72,4.29,,
2026-07-24 17:07:51,Chandigarh,Chandigarh,30.7333,76.7794,23,13,10,2.8,1.9,2.6,22.8,29.15,66,3.82,,
2026-07-24 17:07:51,Bhopal,Madhya Pradesh,23.2599,77.4126,50,50,37,5,5.3,6.1,22,23.86,91,3.79,,
2026-07-24 17:07:51,Kanpur,Uttar Pradesh,26.4499,80.3319,150,150,86,6.3,9.9,0.4,5.4,31.16,64,2.54,,
2026-07-24 17:07:51,Guwahati,Assam,26.1445,91.7362,30,25,7,1.9,2.8,2.1,29.7,24.9,95,1.1,,
2026-07-24 17:07:51,Itanagar,Arunachal Pradesh,27.0844,93.6053,30,30,10,4.6,7.8,2.6,26,25.45,88,1.45,,
2026-07-24 17:07:51,Dispur,Assam,26.1433,91.7898,30,25,7,1.9,2.8,2.1,29.7,25.83,96,1.16,,
2026-07-24 17:07:51,Raipur,Chhattisgarh,21.2514,81.6296,113,113,90,3,3.4,0.5,16.8,26.36,82,5.09,,
2026-07-24 17:07:51,Gandhinagar,Gujarat,23.2156,72.6369,76,60,76,3.2,3.4,0.5,0.9,26.36,90,6.28,,
2026-07-24 17:07:51,Shimla,Himachal Pradesh,31.1048,77.1734,23,13,10,2.8,1.9,2.6,22.8,17.57,92,0.97,,
2026-07-24 17:07:51,Thiruvananthapuram,Kerala,8.5241,76.9366,65,65,,,,,,25.85,81,3.87,,
2026-07-24 17:07:51,Imphal,Manipur,24.817,93.9368,53,53,13,5.5,3.7,4.1,11,21.72,97,0.51,,
2026-07-24 17:07:51,Shillong,Meghalaya,25.5788,91.8933,30,25,7,1.9,2.8,2.1,29.7,18.92,96,1.86,,
2026-07-24 17:07:51,Aizawl,Mizoram,23.7271,92.7176,17,13,17,0.6,0.5,5.8,2.3,18.63,98,1.27,,
2026-07-24 17:07:51,Kohima,Nagaland,25.6751,94.1086,53,53,13,5.5,3.7,4.1,11,19.49,97,0.73,,
2026-07-24 17:07:51,Gangtok,Sikkim,27.3389,88.6065,69,69,48,0.7,2.5,0.4,4.3,21.1,94,0.4,,
2026-07-24 17:07:51,Agartala,Tripura,23.8315,91.2868,114,114,68,3.5,6.3,2.9,5.8,24.62,96,3.71,,
2026-07-24 17:07:51,Dehradun,Uttarakhand,30.3165,78.0322,23,13,10,2.8,1.9,2.6,22.8,24.98,87,1.48,,
2026-07-24 17:07:51,Port Blair,Andaman and Nicobar Islands,11.6234,92.7265,26,26,,,5.8,0.6,,27.8,82,6.16,,
2026-07-24 17:07:51,Daman,Dadra and Nagar Haveli and Daman and Diu,20.3974,72.8328,89,89,64,,5.6,6.7,2.9,26.85,84,6.93,,
2026-07-24 17:07:51,Srinagar,Jammu and Kashmir,34.0837,74.7973,181,181,145,3.7,7.4,1.6,30.1,20.59,84,0.46,,
2026-07-24 17:07:51,Leh,Ladakh,34.1526,77.5771,23,13,10,2.8,1.9,2.6,22.8,18.97,48,2.83,,
2026-07-24 17:07:51,Puducherry,Puducherry,11.9416,79.8083,44,44,30,3.4,4.6,3.9,17.7,29.07,72,4.77,,
2026-07-24 19:01:07,Delhi,Delhi,28.6139,77.209,109,109,3,5.5,8.5,5,8.6,31.66,58,4.63,,
2026-07-24 19:01:07,Mumbai,Maharashtra,19.076,72.8777,158,158,,,,,,27.77,83,10.38,,
2026-07-24 19:01:07,Bangalore,Karnataka,12.9716,77.5946,53,53,27,2.9,11.2,4.1,5,21.72,82,4.8,,
2026-07-24 19:01:07,Kolkata,West Bengal,22.5726,88.3639,172,172,,,,,,26.58,87,0.94,,
2026-07-24 19:01:07,Chennai,Tamil Nadu,13.0827,80.2707,46,46,,,,,,30.37,76,2.24,,
2026-07-24 19:01:07,Hyderabad,Telangana,17.385,78.4867,93,93,,,,,,25.49,67,7.54,,
2026-07-24 19:01:07,Pune,Maharashtra,18.5204,73.8567,232,232,138,51,198,,61,24.07,81,4.2,,
2026-07-24 19:01:07,Lucknow,Uttar Pradesh,26.8467,80.9462,128,128,91,10.8,3,3.4,28.4,30.3,66,2.48,,
2026-07-24 19:01:07,Patna,Bihar,25.5941,85.1376,21,107,,1,0.5,0.6,20.9,30.01,70,3.88,,
2026-07-24 19:01:07,Ahmedabad,Gujarat,23.0225,72.5714,108,108,68,0.2,7.3,48.2,11.2,25.78,92,5.87,,
2026-07-24 19:01:07,Jaipur,Rajasthan,26.9124,75.7873,129,129,78,18.8,9.6,10.1,11.3,27.72,74,3.27,,
2026-07-24 19:01:07,Chandigarh,Chandigarh,30.7333,76.7794,20,13,8,2.8,4.2,3.1,20.4,27.36,78,3.69,,
2026-07-24 19:01:07,Bhopal,Madhya Pradesh,23.2599,77.4126,50,50,37,5,5.3,6.1,22,24.34,86,5.37,,
2026-07-24 19:01:07,Kanpur,Uttar Pradesh,26.4499,80.3319,150,150,86,6.3,9.9,0.4,5.4,30.37,67,2.35,,
2026-07-24 19:01:07,Guwahati,Assam,26.1445,91.7362,19,13,10,2.8,9.2,2.1,19.1,24.2,98,1.09,,
2026-07-24 19:01:07,Itanagar,Arunachal Pradesh,27.0844,93.6053,20,13,14,2.8,10.1,2.1,20.4,25.04,87,1.62,,
2026-07-24 19:01:07,Dispur,Assam,26.1433,91.7898,19,13,10,2.8,9.2,2.1,19.1,25.32,98,1.08,,
2026-07-24 19:01:07,Raipur,Chhattisgarh,21.2514,81.6296,113,113,90,3,3.4,0.5,16.8,25.95,84,4.18,,
2026-07-24 19:01:07,Gandhinagar,Gujarat,23.2156,72.6369,76,60,76,3.2,3.4,0.5,0.9,25.64,90,7.46,,
2026-07-24 19:01:07,Shimla,Himachal Pradesh,31.1048,77.1734,20,13,8,2.8,4.2,3.1,20.4,17.12,94,1.61,,
2026-07-24 19:01:07,Thiruvananthapuram,Kerala,8.5241,76.9366,65,65,,,,,,25.65,85,4.06,,
2026-07-24 19:01:07,Imphal,Manipur,24.817,93.9368,50,50,13,4.6,1.9,4.1,35,21.21,98,0.67,,
2026-07-24 19:01:07,Shillong,Meghalaya,25.5788,91.8933,19,13,10,2.8,9.2,2.1,19.1,18.75,98,1.86,,
2026-07-24 19:01:07,Aizawl,Mizoram,23.7271,92.7176,17,13,17,0.6,0.5,5.8,2.3,18.49,98,1.18,,
2026-07-24 19:01:07,Kohima,Nagaland,25.6751,94.1086,50,50,13,4.6,1.9,4.1,35,18.84,97,0.62,,
2026-07-24 19:01:07,Gangtok,Sikkim,27.3389,88.6065,69,69,48,0.7,2.5,0.4,4.3,20.81,92,0.83,,
2026-07-24 19:01:07,Agartala,Tripura,23.8315,91.2868,114,114,68,3.5,6.3,2.9,5.8,25.03,95,4.18,,
2026-07-24 19:01:07,Dehradun,Uttarakhand,30.3165,78.0322,20,13,8,2.8,4.2,3.1,20.4,23.94,91,1.67,,
2026-07-24 19:01:07,Port Blair,Andaman and Nicobar Islands,11.6234,92.7265,65,65,,,,,,27.82,80,6.52,,
2026-07-24 19:01:07,Daman,Dadra and Nagar Haveli and Daman and Diu,20.3974,72.8328,89,89,64,,5.6,6.7,2.9,27.07,83,5.8,,
2026-07-24 19:01:07,Srinagar,Jammu and Kashmir,34.0837,74.7973,104,46,104,1.9,0.5,1.1,52.6,20.03,87,0.53,,
2026-07-24 19:01:07,Leh,Ladakh,34.1526,77.5771,20,13,8,2.8,4.2,3.1,20.4,16.96,59,2.77,,
2026-07-24 19:01:07,Puducherry,Puducherry,11.9416,79.8083,44,44,30,3.4,4.6,3.9,17.7,29.07,70,4.44,,
2026-07-24 20:47:56,Delhi,Delhi,28.6139,77.209,109,109,3,5.5,8.5,5,8.6,31.08,59,3.81,,
2026-07-24 20:47:56,Mumbai,Maharashtra,19.076,72.8777,158,158,,,,,,27.57,83,10.84,,
2026-07-24 20:47:56,Bangalore,Karnataka,12.9716,77.5946,53,53,27,2.9,11.2,4.1,5,21.42,82,4.71,,
2026-07-24 20:47:56,Kolkata,West Bengal,22.5726,88.3639,172,172,,,,,,26.24,89,1.18,,
2026-07-24 20:47:56,Chennai,Tamil Nadu,13.0827,80.2707,46,46,,,,,,27.73,87,0.89,,
2026-07-24 20:47:56,Hyderabad,Telangana,17.385,78.4867,93,93,,,,,,24.09,71,7.54,,
2026-07-24 20:47:56,Pune,Maharashtra,18.5204,73.8567,232,232,138,51,198,,61,23.52,85,3.95,,
2026-07-24 20:47:56,Lucknow,Uttar Pradesh,26.8467,80.9462,128,128,91,10.8,3,3.4,28.4,29.62,70,2.49,,
2026-07-24 20:47:56,Patna,Bihar,25.5941,85.1376,21,107,,1,0.5,0.6,20.9,29.24,74,4.41,,
2026-07-24 20:47:56,Ahmedabad,Gujarat,23.0225,72.5714,108,108,68,0.2,7.3,48.2,11.2,25.93,87,5.53,,
2026-07-24 20:47:56,Jaipur,Rajasthan,26.9124,75.7873,129,129,78,18.8,9.6,10.1,11.3,27.06,76,2.73,,
2026-07-24 20:47:56,Chandigarh,Chandigarh,30.7333,76.7794,22,13,7,2.8,1,2.6,21.6,27.33,75,3.38,,
2026-07-24 20:47:56,Bhopal,Madhya Pradesh,23.2599,77.4126,50,50,37,5,5.3,6.1,22,23.54,89,4.6,,
2026-07-24 20:47:56,Kanpur,Uttar Pradesh,26.4499,80.3319,150,150,86,6.3,9.9,0.4,5.4,29.57,71,2.25,,
2026-07-24 20:47:56,Guwahati,Assam,26.1445,91.7362,25,25,10,2.8,5.5,2.6,20.4,23.96,96,0.89,,
2026-07-24 20:47:56,Itanagar,Arunachal Pradesh,27.0844,93.6053,25,25,10,2.8,7.4,2.6,18.3,24.55,87,1.54,,
2026-07-24 20:47:56,Dispur,Assam,26.1433,91.7898,25,25,10,2.8,5.5,2.6,20.4,25.02,97,0.92,,
2026-07-24 20:47:56,Raipur,Chhattisgarh,21.2514,81.6296,113,113,90,3,3.4,0.5,16.8,25.49,86,3.17,,
2026-07-24 20:47:56,Gandhinagar,Gujarat,23.2156,72.6369,76,60,76,3.2,3.4,0.5,0.9,25.61,89,6.22,,
2026-07-24 20:47:56,Shimla,Himachal Pradesh,31.1048,77.1734,22,13,7,2.8,1,2.6,21.6,16.79,95,1.38,,
2026-07-24 20:47:56,Thiruvananthapuram,Kerala,8.5241,76.9366,59,59,,,,,,25.43,85,3.85,,
2026-07-24 20:47:56,Imphal,Manipur,24.817,93.9368,33,30,13,4.6,1.9,4.1,33.3,20.85,98,0.61,,
2026-07-24 20:47:56,Shillong,Meghalaya,25.5788,91.8933,25,25,10,2.8,5.5,2.6,20.4,19.09,97,1.71,,
2026-07-24 20:47:56,Aizawl,Mizoram,23.7271,92.7176,17,13,17,0.6,0.5,5.8,2.3,18.3,99,1.04,,
2026-07-24 20:47:56,Kohima,Nagaland,25.6751,94.1086,33,30,13,4.6,1.9,4.1,33.3,18.4,98,0.63,,
2026-07-24 20:47:56,Gangtok,Sikkim,27.3389,88.6065,69,69,48,0.7,2.5,0.4,4.3,20.34,94,0.55,,
2026-07-24 20:47:56,Agartala,Tripura,23.8315,91.2868,114,114,68,3.5,6.3,2.9,5.8,24.66,96,3.82,,
2026-07-24 20:47:56,Dehradun,Uttarakhand,30.3165,78.0322,22,13,7,2.8,1,2.6,21.6,24.01,89,1.33,,
2026-07-24 20:47:56,Port Blair,Andaman and Nicobar Islands,11.6234,92.7265,59,59,,,,,,27.3,81,7.33,,
2026-07-24 20:47:56,Daman,Dadra and Nagar Haveli and Daman and Diu,20.3974,72.8328,89,89,64,,5.6,6.7,2.9,26.2,87,6.62,,
2026-07-24 20:47:56,Srinagar,Jammu and Kashmir,34.0837,74.7973,53,53,25,1.9,0.5,1.1,48,19.47,92,0.34,,
2026-07-24 20:47:56,Leh,Ladakh,34.1526,77.5771,22,13,7,2.8,1,2.6,21.6,16.41,61,2.7,,
2026-07-24 20:47:56,Puducherry,Puducherry,11.9416,79.8083,44,44,30,3.4,4.6,3.9,17.7,27.96,74,5.51,,
2026-07-24 22:11:35,Delhi,Delhi,28.6139,77.209,109,109,3,5.5,8.5,5,8.6,30.88,60,3.57,,
2026-07-24 22:11:35,Mumbai,Maharashtra,19.076,72.8777,158,158,,,,,,27.57,83,10.57,,
2026-07-24 22:11:35,Bangalore,Karnataka,12.9716,77.5946,53,53,27,2.9,11.2,4.1,5,20.83,83,5.01,,
2026-07-24 22:11:35,Kolkata,West Bengal,22.5726,88.3639,172,172,,,,,,26.18,89,1.75,,
2026-07-24 22:11:35,Chennai,Tamil Nadu,13.0827,80.2707,46,46,,,,,,27.89,84,0.89,,
2026-07-24 22:11:35,Hyderabad,Telangana,17.385,78.4867,93,93,,,,,,23.68,73,7.71,,
2026-07-24 22:11:35,Pune,Maharashtra,18.5204,73.8567,232,232,138,51,198,,61,24.07,81,4.09,,
2026-07-24 22:11:35,Lucknow,Uttar Pradesh,26.8467,80.9462,128,128,91,10.8,3,3.4,28.4,29.3,71,2.56,,
2026-07-24 22:11:35,Patna,Bihar,25.5941,85.1376,21,107,,1,0.5,0.6,20.9,28.59,76,3.94,,
2026-07-24 22:11:35,Ahmedabad,Gujarat,23.0225,72.5714,108,108,68,0.2,7.3,48.2,11.2,25.78,88,5.31,,
2026-07-24 22:11:35,Jaipur,Rajasthan,26.9124,75.7873,129,129,78,18.8,9.6,10.1,11.3,26.72,77,2.34,,
2026-07-24 22:11:35,Chandigarh,Chandigarh,30.7333,76.7794,22,13,7,2.8,1.4,2.6,21.6,26.96,76,3.01,,
2026-07-24 22:11:35,Bhopal,Madhya Pradesh,23.2599,77.4126,50,50,37,5,5.3,6.1,22,23.23,91,3.68,,
2026-07-24 22:11:35,Kanpur,Uttar Pradesh,26.4499,80.3319,150,150,86,6.3,9.9,0.4,5.4,29.06,73,2.2,,
2026-07-24 22:11:35,Guwahati,Assam,26.1445,91.7362,25,25,6,2.8,4.2,2.6,20.8,23.99,96,0.89,,
2026-07-24 22:11:35,Itanagar,Arunachal Pradesh,27.0844,93.6053,18,13,7,2.8,6.9,2.6,17.9,24.48,87,1.52,,
2026-07-24 22:11:35,Dispur,Assam,26.1433,91.7898,25,25,6,2.8,4.2,2.6,20.8,25.07,96,0.93,,
2026-07-24 22:11:35,Raipur,Chhattisgarh,21.2514,81.6296,113,113,90,3,3.4,0.5,16.8,25.3,87,2.77,,
2026-07-24 22:11:35,Gandhinagar,Gujarat,23.2156,72.6369,76,60,76,3.2,3.4,0.5,0.9,25.29,92,4.95,,
2026-07-24 22:11:35,Shimla,Himachal Pradesh,31.1048,77.1734,22,13,7,2.8,1.4,2.6,21.6,16.67,95,1.31,,
2026-07-24 22:11:35,Thiruvananthapuram,Kerala,8.5241,76.9366,63,63,,,,,,25.26,85,3.83,,
2026-07-24 22:11:35,Imphal,Manipur,24.817,93.9368,35,34,6,4.6,2.3,4.1,35.4,20.6,98,0.38,,
2026-07-24 22:11:35,Shillong,Meghalaya,25.5788,91.8933,25,25,6,2.8,4.2,2.6,20.8,18.8,98,1.73,,
2026-07-24 22:11:35,Aizawl,Mizoram,23.7271,92.7176,17,13,17,0.6,0.5,5.8,2.3,18.19,99,0.99,,
2026-07-24 22:11:35,Kohima,Nagaland,25.6751,94.1086,35,34,6,4.6,2.3,4.1,35.4,18.42,98,0.6,,
2026-07-24 22:11:35,Gangtok,Sikkim,27.3389,88.6065,69,69,48,0.7,2.5,0.4,4.3,19.97,94,1.04,,
2026-07-24 22:11:35,Agartala,Tripura,23.8315,91.2868,114,114,68,3.5,6.3,2.9,5.8,24.46,96,3.85,,
2026-07-24 22:11:35,Dehradun,Uttarakhand,30.3165,78.0322,22,13,7,2.8,1.4,2.6,21.6,23.98,89,1.37,,
2026-07-24 22:11:35,Port Blair,Andaman and Nicobar Islands,11.6234,92.7265,63,63,,,,,,27.53,81,7.24,,
2026-07-24 22:11:35,Daman,Dadra and Nagar Haveli and Daman and Diu,20.3974,72.8328,89,89,64,,5.6,6.7,2.9,26.11,87,2.77,,
2026-07-24 22:11:35,Srinagar,Jammu and Kashmir,34.0837,74.7973,57,57,22,1.9,1,1.6,45.9,18.92,92,0.45,,
2026-07-24 22:11:35,Leh,Ladakh,34.1526,77.5771,22,13,7,2.8,1.4,2.6,21.6,16.22,60,2.48,,
2026-07-24 22:11:35,Puducherry,Puducherry,11.9416,79.8083,44,44,30,3.4,4.6,3.9,17.7,27.4,75,5.93,,
2026-07-24 23:35:24,Delhi,Delhi,28.6139,77.209,109,109,3,5.5,8.5,5,8.6,30.84,60,3.08,,
2026-07-24 23:35:24,Mumbai,Maharashtra,19.076,72.8777,158,158,,,,,,27.57,80,9.28,,
2026-07-24 23:35:24,Bangalore,Karnataka,12.9716,77.5946,53,53,27,2.9,11.2,4.1,5,20.31,86,0.45,,
2026-07-24 23:35:24,Kolkata,West Bengal,22.5726,88.3639,172,172,,,,,,26.12,90,2.22,,
2026-07-24 23:35:24,Chennai,Tamil Nadu,13.0827,80.2707,46,46,,,,,,28.02,84,1.34,,
2026-07-24 23:35:24,Hyderabad,Telangana,17.385,78.4867,93,93,,,,,,23.01,78,6.85,,
2026-07-24 23:35:24,Pune,Maharashtra,18.5204,73.8567,232,232,138,51,198,,61,23.52,86,3.59,,
2026-07-24 23:35:24,Lucknow,Uttar Pradesh,26.8467,80.9462,128,128,91,10.8,3,3.4,28.4,28.96,72,2.5,,
2026-07-24 23:35:24,Patna,Bihar,25.5941,85.1376,21,107,,1,0.5,0.6,20.9,28.07,79,3.88,,
2026-07-24 23:35:24,Ahmedabad,Gujarat,23.0225,72.5714,108,108,68,0.2,7.3,48.2,11.2,25.98,88,5.56,,
2026-07-24 23:35:24,Jaipur,Rajasthan,26.9124,75.7873,129,129,78,18.8,9.6,10.1,11.3,26.22,81,2.94,,
2026-07-24 23:35:24,Chandigarh,Chandigarh,30.7333,76.7794,23,13,6,2.8,0.5,2.6,23.2,26.53,78,2.82,,
2026-07-24 23:35:24,Bhopal,Madhya Pradesh,23.2599,77.4126,50,50,37,5,5.3,6.1,22,22.73,94,3.4,,
2026-07-24 23:35:24,Kanpur,Uttar Pradesh,26.4499,80.3319,150,150,86,6.3,9.9,0.4,5.4,28.84,74,1.76,,
2026-07-24 23:35:24,Guwahati,Assam,26.1445,91.7362,25,25,8,2.8,6.4,2.6,17.5,24.61,94,0.77,,
2026-07-24 23:35:24,Itanagar,Arunachal Pradesh,27.0844,93.6053,24,13,7,3.7,3.7,5.1,24,25.23,85,1.14,,
2026-07-24 23:35:24,Dispur,Assam,26.1433,91.7898,25,25,8,2.8,6.4,2.6,17.5,25.64,94,0.8,,
2026-07-24 23:35:24,Raipur,Chhattisgarh,21.2514,81.6296,113,113,90,3,3.4,0.5,16.8,24.99,88,3.41,,
2026-07-24 23:35:24,Gandhinagar,Gujarat,23.2156,72.6369,76,60,76,3.2,3.4,0.5,0.9,25.15,94,4.83,,
2026-07-24 23:35:24,Shimla,Himachal Pradesh,31.1048,77.1734,23,13,6,2.8,0.5,2.6,23.2,16.69,94,1.39,,
2026-07-24 23:35:24,Thiruvananthapuram,Kerala,8.5241,76.9366,57,57,,,,,,25.08,84,3.53,,
2026-07-24 23:35:24,Imphal,Manipur,24.817,93.9368,42,42,11,4.6,5.1,9.2,32.1,21.19,97,0.14,,
2026-07-24 23:35:24,Shillong,Meghalaya,25.5788,91.8933,25,25,8,2.8,6.4,2.6,17.5,18.79,97,1.31,,
2026-07-24 23:35:24,Aizawl,Mizoram,23.7271,92.7176,17,13,17,0.6,0.5,5.8,2.3,20.78,98,0.7,,
2026-07-24 23:35:24,Kohima,Nagaland,25.6751,94.1086,42,42,11,4.6,5.1,9.2,32.1,19.1,98,0.51,,
2026-07-24 23:35:24,Gangtok,Sikkim,27.3389,88.6065,69,69,48,0.7,2.5,0.4,4.3,20.41,90,1.31,,
2026-07-24 23:35:24,Agartala,Tripura,23.8315,91.2868,114,114,68,3.5,6.3,2.9,5.8,24.5,95,3.3,,
2026-07-24 23:35:24,Dehradun,Uttarakhand,30.3165,78.0322,23,13,6,2.8,0.5,2.6,23.2,23.87,88,1.34,,
2026-07-24 23:35:24,Port Blair,Andaman and Nicobar Islands,11.6234,92.7265,57,57,,,,,,27.95,79,6.89,,
2026-07-24 23:35:24,Daman,Dadra and Nagar Haveli and Daman and Diu,20.3974,72.8328,89,89,64,,5.6,6.7,2.9,26.62,84,4.33,,
2026-07-24 23:35:24,Srinagar,Jammu and Kashmir,34.0837,74.7973,50,50,21,1.9,1,1.6,42.3,18.92,91,0.57,,
2026-07-24 23:35:24,Leh,Ladakh,34.1526,77.5771,23,13,6,2.8,0.5,2.6,23.2,15.55,63,2.43,,
2026-07-24 23:35:24,Puducherry,Puducherry,11.9416,79.8083,44,44,30,3.4,4.6,3.9,17.7,26.85,77,4.28,,
2026-07-25 03:26:39,Delhi,Delhi,28.6139,77.209,109,109,3,5.5,8.5,5,8.6,31.84,57,3.77,,
2026-07-25 03:26:39,Mumbai,Maharashtra,19.076,72.8777,158,158,,,,,,28.13,81,9.58,,
2026-07-25 03:26:39,Bangalore,Karnataka,12.9716,77.5946,53,53,27,2.9,11.2,4.1,5,23.01,78,0.45,,
2026-07-25 03:26:39,Kolkata,West Bengal,22.5726,88.3639,172,172,,,,,,29.32,75,2.73,,
2026-07-25 03:26:39,Chennai,Tamil Nadu,13.0827,80.2707,46,46,,,,,,31.95,66,1.79,,
2026-07-25 03:26:39,Hyderabad,Telangana,17.385,78.4867,93,93,,,,,,25.68,68,7.74,,
2026-07-25 03:26:39,Pune,Maharashtra,18.5204,73.8567,232,232,138,51,198,,61,25.18,73,3.31,,
2026-07-25 03:26:39,Lucknow,Uttar Pradesh,26.8467,80.9462,128,128,91,10.8,3,3.4,28.4,31.51,62,3.77,,
2026-07-25 03:26:39,Patna,Bihar,25.5941,85.1376,21,107,,1,0.5,0.6,20.9,31.5,62,4.32,,
2026-07-25 03:26:39,Ahmedabad,Gujarat,23.0225,72.5714,108,108,68,0.2,7.3,48.2,11.2,25.47,90,6.76,,
2026-07-25 03:26:39,Jaipur,Rajasthan,26.9124,75.7873,129,129,78,18.8,9.6,10.1,11.3,27.93,72,5.22,,
2026-07-25 03:26:39,Chandigarh,Chandigarh,30.7333,76.7794,22,13,15,2.8,2.3,3.1,22.4,30.05,63,5.08,,
2026-07-25 03:26:39,Bhopal,Madhya Pradesh,23.2599,77.4126,50,50,37,5,5.3,6.1,22,24.71,85,5.65,,
2026-07-25 03:26:39,Kanpur,Uttar Pradesh,26.4499,80.3319,150,150,86,6.3,9.9,0.4,5.4,31.51,61,2.49,,
2026-07-25 03:26:39,Guwahati,Assam,26.1445,91.7362,22,13,9,2.8,6.4,5.6,22.4,29.45,76,0.76,,
2026-07-25 03:26:39,Itanagar,Arunachal Pradesh,27.0844,93.6053,23,13,6,2.8,4.6,15.2,23.2,31.03,66,1.64,,
2026-07-25 03:26:39,Dispur,Assam,26.1433,91.7898,22,13,9,2.8,6.4,5.6,22.4,30.6,76,0.92,,
2026-07-25 03:26:39,Raipur,Chhattisgarh,21.2514,81.6296,113,113,90,3,3.4,0.5,16.8,28.03,73,5.59,,
2026-07-25 03:26:39,Gandhinagar,Gujarat,23.2156,72.6369,76,60,76,3.2,3.4,0.5,0.9,25.49,91,7.27,,
2026-07-25 03:26:39,Shimla,Himachal Pradesh,31.1048,77.1734,22,13,15,2.8,2.3,3.1,22.4,19.84,82,0.62,,
2026-07-25 03:26:39,Thiruvananthapuram,Kerala,8.5241,76.9366,52,52,,,,,,27.85,68,4.21,,
2026-07-25 03:26:39,Imphal,Manipur,24.817,93.9368,33,13,9,5.5,4.6,8.7,33.3,26.04,81,0.64,,
2026-07-25 03:26:39,Shillong,Meghalaya,25.5788,91.8933,22,13,9,2.8,6.4,5.6,22.4,24.21,71,1.36,,
2026-07-25 03:26:39,Aizawl,Mizoram,23.7271,92.7176,17,13,17,0.6,0.5,5.8,2.3,25.53,67,0.09,,
2026-07-25 03:26:39,Kohima,Nagaland,25.6751,94.1086,33,13,9,5.5,4.6,8.7,33.3,25.01,69,0.95,,
2026-07-25 03:26:39,Gangtok,Sikkim,27.3389,88.6065,69,69,48,0.7,2.5,0.4,4.3,25.2,82,2.12,,
2026-07-25 03:26:39,Agartala,Tripura,23.8315,91.2868,114,114,68,3.5,6.3,2.9,5.8,28.35,80,4.12,,
2026-07-25 03:26:39,Dehradun,Uttarakhand,30.3165,78.0322,22,13,15,2.8,2.3,3.1,22.4,27.45,76,0.57,,
2026-07-25 03:26:39,Port Blair,Andaman and Nicobar Islands,11.6234,92.7265,24,24,,,2.9,0.6,,28.89,76,7.92,,
2026-07-25 03:26:39,Daman,Dadra and Nagar Haveli and Daman and Diu,20.3974,72.8328,89,89,64,,5.6,6.7,2.9,26.62,87,6.1,,
2026-07-25 03:26:39,Srinagar,Jammu and Kashmir,34.0837,74.7973,59,59,44,4.6,6.9,2.1,32.9,20.59,86,0.51,,
2026-07-25 03:26:39,Leh,Ladakh,34.1526,77.5771,22,13,15,2.8,2.3,3.1,22.4,17.54,52,2.88,,
2026-07-25 03:26:39,Puducherry,Puducherry,11.9416,79.8083,44,44,30,3.4,4.6,3.9,17.7,31.85,55,4.32,,
2026-07-25 06:02:17,Delhi,Delhi,28.6139,77.209,109,109,3,5.5,8.5,5,8.6,35.47,44,4.09,,
2026-07-25 06:02:17,Mumbai,Maharashtra,19.076,72.8777,158,158,,,,,,28.48,78,9.63,,
2026-07-25 06:02:17,Bangalore,Karnataka,12.9716,77.5946,53,53,27,2.9,11.2,4.1,5,26.87,66,1.34,,
2026-07-25 06:02:17,Kolkata,West Bengal,22.5726,88.3639,172,172,,,,,,32.73,61,4.76,,
2026-07-25 06:02:17,Chennai,Tamil Nadu,13.0827,80.2707,46,46,,,,,,34.31,57,1.34,,
2026-07-25 06:02:17,Hyderabad,Telangana,17.385,78.4867,93,93,,,,,,30.04,52,7.83,,
2026-07-25 06:02:17,Pune,Maharashtra,18.5204,73.8567,232,232,138,51,198,,61,25.74,77,6.52,,
2026-07-25 06:02:17,Lucknow,Uttar Pradesh,26.8467,80.9462,128,128,91,10.8,3,3.4,28.4,34.99,49,3.24,,
2026-07-25 06:02:17,Patna,Bihar,25.5941,85.1376,21,107,,1,0.5,0.6,20.9,34.87,49,4.14,,
2026-07-25 06:02:17,Ahmedabad,Gujarat,23.0225,72.5714,108,108,68,0.2,7.3,48.2,11.2,26.03,90,5.48,,
2026-07-25 06:02:17,Jaipur,Rajasthan,26.9124,75.7873,129,129,78,18.8,9.6,10.1,11.3,31.63,55,6.81,,
2026-07-25 06:02:17,Chandigarh,Chandigarh,30.7333,76.7794,29,13,6,1.9,0.5,2.6,29.3,33.89,51,7.02,,
2026-07-25 06:02:17,Bhopal,Madhya Pradesh,23.2599,77.4126,50,50,37,5,5.3,6.1,22,26.64,79,5.64,,
2026-07-25 06:02:17,Kanpur,Uttar Pradesh,26.4499,80.3319,150,150,86,6.3,9.9,0.4,5.4,34.68,50,3.14,,
2026-07-25 06:02:17,Guwahati,Assam,26.1445,91.7362,37,13,9,2.8,4.2,3.1,37.4,31.28,68,1.56,,
2026-07-25 06:02:17,Itanagar,Arunachal Pradesh,27.0844,93.6053,34,13,6,1.9,2.8,3.6,33.8,33.1,61,2.22,,
2026-07-25 06:02:17,Dispur,Assam,26.1433,91.7898,37,13,9,2.8,4.2,3.1,37.4,32.47,67,1.53,,
2026-07-25 06:02:17,Raipur,Chhattisgarh,21.2514,81.6296,113,113,90,3,3.4,0.5,16.8,31.59,57,5.56,,
2026-07-25 06:02:17,Gandhinagar,Gujarat,23.2156,72.6369,76,60,76,3.2,3.4,0.5,0.9,25.83,92,7.26,,
2026-07-25 06:02:17,Shimla,Himachal Pradesh,31.1048,77.1734,29,13,6,1.9,0.5,2.6,29.3,20.67,75,2.01,,
2026-07-25 06:02:17,Thiruvananthapuram,Kerala,8.5241,76.9366,30,30,,,,,,30.87,57,5.9,,
2026-07-25 06:02:17,Imphal,Manipur,24.817,93.9368,50,50,13,4.6,2.8,6.1,40.3,28.95,68,0.92,,
2026-07-25 06:02:17,Shillong,Meghalaya,25.5788,91.8933,37,13,9,2.8,4.2,3.1,37.4,24.3,74,1.53,,
2026-07-25 06:02:17,Aizawl,Mizoram,23.7271,92.7176,17,13,17,0.6,0.5,5.8,2.3,28.46,55,0.8,,
2026-07-25 06:02:17,Kohima,Nagaland,25.6751,94.1086,50,50,13,4.6,2.8,6.1,40.3,25.44,75,1.05,,
2026-07-25 06:02:17,Gangtok,Sikkim,27.3389,88.6065,69,69,48,0.7,2.5,0.4,4.3,27.08,76,2.27,,
2026-07-25 06:02:17,Agartala,Tripura,23.8315,91.2868,114,114,68,3.5,6.3,2.9,5.8,30.6,72,3.32,,
2026-07-25 06:02:17,Dehradun,Uttarakhand,30.3165,78.0322,29,13,6,1.9,0.5,2.6,29.3,30.3,66,1.63,,
2026-07-25 06:02:17,Port Blair,Andaman and Nicobar Islands,11.6234,92.7265,23,23,,,3.5,1.1,,29.37,75,8.87,,
2026-07-25 06:02:17,Daman,Dadra and Nagar Haveli and Daman and Diu,20.3974,72.8328,89,89,64,,5.6,6.7,2.9,27.91,83,7.93,,
2026-07-25 06:02:17,Srinagar,Jammu and Kashmir,34.0837,74.7973,61,50,61,2.8,3.2,2.1,49.6,26.78,50,1.64,,
2026-07-25 06:02:17,Leh,Ladakh,34.1526,77.5771,29,13,6,1.9,0.5,2.6,29.3,20.73,38,3.09,,
2026-07-25 06:02:17,Puducherry,Puducherry,11.9416,79.8083,44,44,30,3.4,4.6,3.9,17.7,36.85,44,3.36,,
2026-07-25 08:32:16,Delhi,Delhi,28.6139,77.209,109,109,3,5.5,8.5,5,8.6,34.75,45,4.76,,
2026-07-25 08:32:16,Mumbai,Maharashtra,19.076,72.8777,158,158,,,,,,28.75,78,9.76,,
2026-07-25 08:32:16,Bangalore,Karnataka,12.9716,77.5946,53,53,27,2.9,11.2,4.1,5,28.7,58,0.89,,
2026-07-25 08:32:16,Kolkata,West Bengal,22.5726,88.3639,172,172,,,,,,32.34,63,5.38,,
2026-07-25 08:32:16,Chennai,Tamil Nadu,13.0827,80.2707,46,46,,,,,,36.43,50,0.89,,
2026-07-25 08:32:16,Hyderabad,Telangana,17.385,78.4867,93,93,,,,,,31.1,49,7.67,,
2026-07-25 08:32:16,Pune,Maharashtra,18.5204,73.8567,232,232,138,51,198,,61,27.5,84,6.11,,
2026-07-25 08:32:16,Lucknow,Uttar Pradesh,26.8467,80.9462,128,128,91,10.8,3,3.4,28.4,34.8,49,2.34,,
2026-07-25 08:32:16,Patna,Bihar,25.5941,85.1376,21,107,,1,0.5,0.6,20.9,35.06,48,2.76,,
2026-07-25 08:32:16,Ahmedabad,Gujarat,23.0225,72.5714,108,108,68,0.2,7.3,48.2,11.2,29,73,5.35,,
2026-07-25 08:32:16,Jaipur,Rajasthan,26.9124,75.7873,129,129,78,18.8,9.6,10.1,11.3,31.56,54,6.92,,
2026-07-25 08:32:16,Chandigarh,Chandigarh,30.7333,76.7794,30,13,6,1.9,1,3.1,30.1,35.45,45,6.21,,
2026-07-25 08:32:16,Bhopal,Madhya Pradesh,23.2599,77.4126,50,50,37,5,5.3,6.1,22,27.84,74,5.44,,
2026-07-25 08:32:16,Kanpur,Uttar Pradesh,26.4499,80.3319,150,150,86,6.3,9.9,0.4,5.4,34.55,49,2.52,,
2026-07-25 08:32:16,Guwahati,Assam,26.1445,91.7362,42,13,8,1.9,1.9,3.1,41.5,31.6,72,2.27,,
2026-07-25 08:32:16,Itanagar,Arunachal Pradesh,27.0844,93.6053,43,13,7,2.8,3.2,3.1,43.1,33.3,63,2,,
2026-07-25 08:32:16,Dispur,Assam,26.1433,91.7898,42,13,8,1.9,1.9,3.1,41.5,32.76,72,2.23,,
2026-07-25 08:32:16,Raipur,Chhattisgarh,21.2514,81.6296,113,113,90,3,3.4,0.5,16.8,31.53,56,6.11,,
2026-07-25 08:32:16,Gandhinagar,Gujarat,23.2156,72.6369,76,60,76,3.2,3.4,0.5,0.9,26.85,85,5.14,,
2026-07-25 08:32:16,Shimla,Himachal Pradesh,31.1048,77.1734,30,13,6,1.9,1,3.1,30.1,21.6,80,2.3,,
2026-07-25 08:32:16,Thiruvananthapuram,Kerala,8.5241,76.9366,21,21,,,,,,30.36,59,6.61,,
2026-07-25 08:32:16,Imphal,Manipur,24.817,93.9368,50,50,13,4.6,2.3,5.6,41.9,29.22,70,1.23,,
2026-07-25 08:32:16,Shillong,Meghalaya,25.5788,91.8933,42,13,8,1.9,1.9,3.1,41.5,24.05,83,0.8,,
2026-07-25 08:32:16,Aizawl,Mizoram,23.7271,92.7176,17,13,17,0.6,0.5,5.8,2.3,22.39,94,0.8,,
2026-07-25 08:32:16,Kohima,Nagaland,25.6751,94.1086,50,50,13,4.6,2.3,5.6,41.9,25.06,82,1.33,,
2026-07-25 08:32:16,Gangtok,Sikkim,27.3389,88.6065,69,69,48,0.7,2.5,0.4,4.3,25.57,88,2.18,,
2026-07-25 08:32:16,Agartala,Tripura,23.8315,91.2868,114,114,68,3.5,6.3,2.9,5.8,30.68,71,2.74,,
2026-07-25 08:32:16,Dehradun,Uttarakhand,30.3165,78.0322,30,13,6,1.9,1,3.1,30.1,29.79,72,1.15,,
2026-07-25 08:32:16,Port Blair,Andaman and Nicobar Islands,11.6234,92.7265,20,20,,,2.9,1.1,,29.19,76,8.61,,
2026-07-25 08:32:16,Daman,Dadra and Nagar Haveli and Daman and Diu,20.3974,72.8328,89,89,64,,5.6,6.7,2.9,28.72,79,7.48,,
2026-07-25 08:32:16,Srinagar,Jammu and Kashmir,34.0837,74.7973,64,25,36,1.9,1.4,2.1,63.6,30.05,39,1.41,,
2026-07-25 08:32:16,Leh,Ladakh,34.1526,77.5771,30,13,6,1.9,1,3.1,30.1,23.15,29,2.78,,
2026-07-25 08:32:16,Puducherry,Puducherry,11.9416,79.8083,44,44,30,3.4,4.6,3.9,17.7,37.96,53,7.68,,
2026-07-25 10:39:30,Delhi,Delhi,28.6139,77.209,109,109,3,5.5,8.5,5,8.6,34.83,46,3.5,,
2026-07-25 10:39:30,Mumbai,Maharashtra,19.076,72.8777,158,158,,,,,,28.6,79,9.77,,
2026-07-25 10:39:30,Bangalore,Karnataka,12.9716,77.5946,53,53,27,2.9,11.2,4.1,5,29.47,54,0.45,,
2026-07-25 10:39:30,Kolkata,West Bengal,22.5726,88.3639,172,172,,,,,,31.27,67,6.16,,
2026-07-25 10:39:30,Chennai,Tamil Nadu,13.0827,80.2707,46,46,,,,,,32.22,71,0.89,,
2026-07-25 10:39:30,Hyderabad,Telangana,17.385,78.4867,93,93,,,,,,30.27,52,7.68,,
2026-07-25 10:39:30,Pune,Maharashtra,18.5204,73.8567,232,232,138,51,198,,61,28.06,79,5.46,,
2026-07-25 10:39:30,Lucknow,Uttar Pradesh,26.8467,80.9462,128,128,91,10.8,3,3.4,28.4,34.57,49,1.56,,
2026-07-25 10:39:30,Patna,Bihar,25.5941,85.1376,21,107,,1,0.5,0.6,20.9,35.44,47,4.49,,
2026-07-25 10:39:30,Ahmedabad,Gujarat,23.0225,72.5714,108,108,68,0.2,7.3,48.2,11.2,29.19,73,6.16,,
2026-07-25 10:39:30,Jaipur,Rajasthan,26.9124,75.7873,129,129,78,18.8,9.6,10.1,11.3,31.3,58,6.06,,
2026-07-25 10:39:30,Chandigarh,Chandigarh,30.7333,76.7794,29,13,9,2.8,1,3.1,29.3,33.75,52,4.24,,
2026-07-25 10:39:30,Bhopal,Madhya Pradesh,23.2599,77.4126,50,50,37,5,5.3,6.1,22,27.78,72,4.12,,
2026-07-25 10:39:30,Kanpur,Uttar Pradesh,26.4499,80.3319,150,150,86,6.3,9.9,0.4,5.4,34.99,47,1.57,,
2026-07-25 10:39:30,Guwahati,Assam,26.1445,91.7362,42,13,8,1.9,3.2,2.6,42.3,30.38,80,2.38,,
2026-07-25 10:39:30,Itanagar,Arunachal Pradesh,27.0844,93.6053,42,13,8,2.8,2.8,3.1,42.3,31.92,71,1.73,,
2026-07-25 10:39:30,Dispur,Assam,26.1433,91.7898,42,13,8,1.9,3.2,2.6,42.3,31.5,80,2.12,,
2026-07-25 10:39:30,Raipur,Chhattisgarh,21.2514,81.6296,113,113,90,3,3.4,0.5,16.8,32.4,53,6.22,,
2026-07-25 10:39:30,Gandhinagar,Gujarat,23.2156,72.6369,76,60,76,3.2,3.4,0.5,0.9,26.72,87,5.9,,
2026-07-25 10:39:30,Shimla,Himachal Pradesh,31.1048,77.1734,29,13,9,2.8,1,3.1,29.3,21.83,79,2.07,,
2026-07-25 10:39:30,Thiruvananthapuram,Kerala,8.5241,76.9366,40,40,,,,,,29.28,64,6.24,,
2026-07-25 10:39:30,Imphal,Manipur,24.817,93.9368,59,59,13,4.6,1.9,4.6,38.2,28.21,78,0.9,,
2026-07-25 10:39:30,Shillong,Meghalaya,25.5788,91.8933,42,13,8,1.9,3.2,2.6,42.3,22.04,94,0.83,,
2026-07-25 10:39:30,Aizawl,Mizoram,23.7271,92.7176,17,13,17,0.6,0.5,5.8,2.3,21.44,98,1.07,,
2026-07-25 10:39:30,Kohima,Nagaland,25.6751,94.1086,59,59,13,4.6,1.9,4.6,38.2,23.62,92,0.85,,
2026-07-25 10:39:30,Gangtok,Sikkim,27.3389,88.6065,69,69,48,0.7,2.5,0.4,4.3,24.67,90,1.26,,
2026-07-25 10:39:30,Agartala,Tripura,23.8315,91.2868,114,114,68,3.5,6.3,2.9,5.8,29.65,79,3.69,,
2026-07-25 10:39:30,Dehradun,Uttarakhand,30.3165,78.0322,29,13,9,2.8,1,3.1,29.3,27.88,82,2.15,,
2026-07-25 10:39:30,Port Blair,Andaman and Nicobar Islands,11.6234,92.7265,24,24,,,2.9,0.6,,28.35,79,7.95,,
2026-07-25 10:39:30,Daman,Dadra and Nagar Haveli and Daman and Diu,20.3974,72.8328,89,89,64,,5.6,6.7,2.9,28.11,82,8.24,,
2026-07-25 10:39:30,Srinagar,Jammu and Kashmir,34.0837,74.7973,65,50,48,2.8,2.3,2.1,64.9,26.23,58,4.84,,
2026-07-25 10:39:30,Leh,Ladakh,34.1526,77.5771,29,13,9,2.8,1,3.1,29.3,23.79,27,2.44,,
2026-07-25 10:39:30,Puducherry,Puducherry,11.9416,79.8083,44,44,30,3.4,4.6,3.9,17.7,35.74,66,8.05,,
2026-07-25 12:06:14,Delhi,Delhi,28.6139,77.209,109,109,3,5.5,8.5,5,8.6,34.74,46,3.64,,
2026-07-25 12:06:14,Mumbai,Maharashtra,19.076,72.8777,158,158,,,,,,28.88,77,9.11,,
2026-07-25 12:06:14,Bangalore,Karnataka,12.9716,77.5946,53,53,27,2.9,11.2,4.1,5,28.06,63,0.45,,
2026-07-25 12:06:14,Kolkata,West Bengal,22.5726,88.3639,172,172,,,,,,29.76,73,5.72,,
2026-07-25 12:06:14,Chennai,Tamil Nadu,13.0827,80.2707,46,46,,,,,,30.68,77,2.24,,
2026-07-25 12:06:14,Hyderabad,Telangana,17.385,78.4867,93,93,,,,,,30.09,54,6.58,,
2026-07-25 12:06:14,Pune,Maharashtra,18.5204,73.8567,232,232,138,51,198,,61,26.3,65,5.32,,
2026-07-25 12:06:14,Lucknow,Uttar Pradesh,26.8467,80.9462,128,128,91,10.8,3,3.4,28.4,34.39,51,0.63,,
2026-07-25 12:06:14,Patna,Bihar,25.5941,85.1376,21,107,,1,0.5,0.6,20.9,34.18,51,2.92,,
2026-07-25 12:06:14,Ahmedabad,Gujarat,23.0225,72.5714,108,108,68,0.2,7.3,48.2,11.2,26.88,83,5.64,,
2026-07-25 12:06:14,Jaipur,Rajasthan,26.9124,75.7873,129,129,78,18.8,9.6,10.1,11.3,31.42,56,5.44,,
2026-07-25 12:06:14,Chandigarh,Chandigarh,30.7333,76.7794,30,13,19,2.8,1.9,3.1,30.1,33.76,50,4.68,,
2026-07-25 12:06:14,Bhopal,Madhya Pradesh,23.2599,77.4126,50,50,37,5,5.3,6.1,22,28.45,70,4.48,,
2026-07-25 12:06:14,Kanpur,Uttar Pradesh,26.4499,80.3319,150,150,86,6.3,9.9,0.4,5.4,34.44,49,1.17,,
2026-07-25 12:06:14,Guwahati,Assam,26.1445,91.7362,44,13,8,2.8,3.2,2.6,43.5,28.12,88,2.61,,
2026-07-25 12:06:14,Itanagar,Arunachal Pradesh,27.0844,93.6053,46,13,6,2.8,3.7,2.6,45.5,30.04,82,1.34,,
2026-07-25 12:06:14,Dispur,Assam,26.1433,91.7898,44,13,8,2.8,3.2,2.6,43.5,29.21,89,2.48,,
2026-07-25 12:06:14,Raipur,Chhattisgarh,21.2514,81.6296,113,113,90,3,3.4,0.5,16.8,31,60,4.35,,
2026-07-25 12:06:14,Gandhinagar,Gujarat,23.2156,72.6369,76,60,76,3.2,3.4,0.5,0.9,25.78,90,5.16,,
2026-07-25 12:06:14,Shimla,Himachal Pradesh,31.1048,77.1734,30,13,19,2.8,1.9,3.1,30.1,21.1,82,1.72,,
2026-07-25 12:06:14,Thiruvananthapuram,Kerala,8.5241,76.9366,51,51,,,,,,28.42,71,5.78,,
2026-07-25 12:06:14,Imphal,Manipur,24.817,93.9368,36,13,16,6.4,4.6,4.1,36.2,25.36,86,1.64,,
2026-07-25 12:06:14,Shillong,Meghalaya,25.5788,91.8933,44,13,8,2.8,3.2,2.6,43.5,21.6,95,1.22,,
2026-07-25 12:06:14,Aizawl,Mizoram,23.7271,92.7176,17,13,17,0.6,0.5,5.8,2.3,21.69,96,0.48,,
2026-07-25 12:06:14,Kohima,Nagaland,25.6751,94.1086,36,13,16,6.4,4.6,4.1,36.2,22.02,95,0.6,,
2026-07-25 12:06:14,Gangtok,Sikkim,27.3389,88.6065,69,69,48,0.7,2.5,0.4,4.3,23.82,95,0.96,,
2026-07-25 12:06:14,Agartala,Tripura,23.8315,91.2868,114,114,68,3.5,6.3,2.9,5.8,28.4,84,3.51,,
2026-07-25 12:06:14,Dehradun,Uttarakhand,30.3165,78.0322,30,13,19,2.8,1.9,3.1,30.1,27.07,84,1.54,,
2026-07-25 12:06:14,Port Blair,Andaman and Nicobar Islands,11.6234,92.7265,24,24,,,2.9,0.6,,27.97,81,8.12,,
2026-07-25 12:06:14,Daman,Dadra and Nagar Haveli and Daman and Diu,20.3974,72.8328,89,89,64,,5.6,6.7,2.9,28.04,83,8.12,,
2026-07-25 12:06:14,Srinagar,Jammu and Kashmir,34.0837,74.7973,59,59,54,2.8,3.2,2.6,58.4,21.39,83,2.95,,
2026-07-25 12:06:14,Leh,Ladakh,34.1526,77.5771,30,13,19,2.8,1.9,3.1,30.1,24.11,27,2.52,,
2026-07-25 12:06:14,Puducherry,Puducherry,11.9416,79.8083,44,44,30,3.4,4.6,3.9,17.7,30,74,8.9,,
2026-07-25 14:11:52,Delhi,Delhi,28.6139,77.209,109,109,3,5.5,8.5,5,8.6,34.27,47,3.2,,
2026-07-25 14:11:52,Mumbai,Maharashtra,19.076,72.8777,158,158,,,,,,28.2,80,9.19,,
2026-07-25 14:11:52,Bangalore,Karnataka,12.9716,77.5946,53,53,27,2.9,11.2,4.1,5,27.11,65,7.24,,
2026-07-25 14:11:52,Kolkata,West Bengal,22.5726,88.3639,172,172,,,,,,27.72,81,5.33,,
2026-07-25 14:11:52,Chennai,Tamil Nadu,13.0827,80.2707,46,46,,,,,,30.59,74,1.34,,
2026-07-25 14:11:52,Hyderabad,Telangana,17.385,78.4867,93,93,,,,,,28.88,57,5.47,,
2026-07-25 14:11:52,Pune,Maharashtra,18.5204,73.8567,232,232,138,51,198,,61,25.18,74,4.53,,
2026-07-25 14:11:52,Lucknow,Uttar Pradesh,26.8467,80.9462,128,128,91,10.8,3,3.4,28.4,33.01,56,0.34,,
2026-07-25 14:11:52,Patna,Bihar,25.5941,85.1376,21,107,,1,0.5,0.6,20.9,33.36,54,2.19,,
2026-07-25 14:11:52,Ahmedabad,Gujarat,23.0225,72.5714,108,108,68,0.2,7.3,48.2,11.2,26.2,87,3.75,,
2026-07-25 14:11:52,Jaipur,Rajasthan,26.9124,75.7873,129,129,78,18.8,9.6,10.1,11.3,29.66,63,5.08,,
2026-07-25 14:11:52,Chandigarh,Chandigarh,30.7333,76.7794,31,13,19,2.8,1.4,3.1,30.9,30.8,63,0.28,,
2026-07-25 14:11:52,Bhopal,Madhya Pradesh,23.2599,77.4126,50,50,37,5,5.3,6.1,22,25.59,84,3.17,,
2026-07-25 14:11:52,Kanpur,Uttar Pradesh,26.4499,80.3319,150,150,86,6.3,9.9,0.4,5.4,32.91,56,2.05,,
2026-07-25 14:11:52,Guwahati,Assam,26.1445,91.7362,41,30,8,1.9,5.1,2.6,40.7,26.02,91,1.88,,
2026-07-25 14:11:52,Itanagar,Arunachal Pradesh,27.0844,93.6053,42,30,9,3.7,5.5,2.6,41.9,27.34,92,1.07,,
2026-07-25 14:11:52,Dispur,Assam,26.1433,91.7898,41,30,8,1.9,5.1,2.6,40.7,27.05,92,1.82,,
2026-07-25 14:11:52,Raipur,Chhattisgarh,21.2514,81.6296,113,113,90,3,3.4,0.5,16.8,29.27,69,3.46,,
2026-07-25 14:11:52,Gandhinagar,Gujarat,23.2156,72.6369,76,60,76,3.2,3.4,0.5,0.9,25.34,92,3.94,,
2026-07-25 14:11:52,Shimla,Himachal Pradesh,31.1048,77.1734,31,13,19,2.8,1.4,3.1,30.9,18.53,90,0.51,,
2026-07-25 14:11:52,Thiruvananthapuram,Kerala,8.5241,76.9366,56,56,,,,,,26.31,83,4.71,,
2026-07-25 14:11:52,Imphal,Manipur,24.817,93.9368,89,89,16,5.5,3.2,4.1,35.8,22.68,93,0.34,,
2026-07-25 14:11:52,Shillong,Meghalaya,25.5788,91.8933,41,30,8,1.9,5.1,2.6,40.7,20.17,94,1.71,,
2026-07-25 14:11:52,Aizawl,Mizoram,23.7271,92.7176,17,13,17,0.6,0.5,5.8,2.3,20.26,98,0.84,,
2026-07-25 14:11:52,Kohima,Nagaland,25.6751,94.1086,89,89,16,5.5,3.2,4.1,35.8,19.65,97,1.65,,
2026-07-25 14:11:52,Gangtok,Sikkim,27.3389,88.6065,69,69,48,0.7,2.5,0.4,4.3,22.25,95,0.71,,
2026-07-25 14:11:52,Agartala,Tripura,23.8315,91.2868,114,114,68,3.5,6.3,2.9,5.8,26.34,88,2.89,,
2026-07-25 14:11:52,Dehradun,Uttarakhand,30.3165,78.0322,31,13,19,2.8,1.4,3.1,30.9,25.69,85,0.74,,
2026-07-25 14:11:52,Port Blair,Andaman and Nicobar Islands,11.6234,92.7265,24,24,,,4.1,1.6,,28.02,82,8.08,,
2026-07-25 14:11:52,Daman,Dadra and Nagar Haveli and Daman and Diu,20.3974,72.8328,89,89,64,,5.6,6.7,2.9,27.48,85,7.8,,
2026-07-25 14:11:52,Srinagar,Jammu and Kashmir,34.0837,74.7973,87,87,63,2.8,2.3,3.1,57.1,18.36,92,0.29,,
2026-07-25 14:11:52,Leh,Ladakh,34.1526,77.5771,31,13,19,2.8,1.4,3.1,30.9,22.59,34,4.5,,
2026-07-25 14:11:52,Puducherry,Puducherry,11.9416,79.8083,44,44,30,3.4,4.6,3.9,17.7,30.74,77,11.45,,
2026-07-25 15:42:52,Delhi,Delhi,28.6139,77.209,109,109,3,5.5,8.5,5,8.6,33.86,49,2.91,,
2026-07-25 15:42:52,Mumbai,Maharashtra,19.076,72.8777,158,158,,,,,,27.97,80,8.74,,
2026-07-25 15:42:52,Bangalore,Karnataka,12.9716,77.5946,53,53,27,2.9,11.2,4.1,5,24.16,77,0.45,,
2026-07-25 15:42:52,Kolkata,West Bengal,22.5726,88.3639,172,172,,,,,,27.13,85,5.45,,
2026-07-25 15:42:52,Chennai,Tamil Nadu,13.0827,80.2707,46,46,,,,,,30.59,76,1.79,,
2026-07-25 15:42:52,Hyderabad,Telangana,17.385,78.4867,93,93,,,,,,27.98,61,4.84,,
2026-07-25 15:42:52,Pune,Maharashtra,18.5204,73.8567,232,232,138,51,198,,61,25.18,73,3.85,,
2026-07-25 15:42:52,Lucknow,Uttar Pradesh,26.8467,80.9462,128,128,91,10.8,3,3.4,28.4,32.69,58,0.63,,
2026-07-25 15:42:52,Patna,Bihar,25.5941,85.1376,21,107,,1,0.5,0.6,20.9,32.34,59,3.05,,
2026-07-25 15:42:52,Ahmedabad,Gujarat,23.0225,72.5714,108,108,68,0.2,7.3,48.2,11.2,26.35,87,2.99,,
2026-07-25 15:42:52,Jaipur,Rajasthan,26.9124,75.7873,129,129,78,18.8,9.6,10.1,11.3,28.44,70,4.96,,
2026-07-25 15:42:52,Chandigarh,Chandigarh,30.7333,76.7794,32,13,10,2.8,1,3.1,32.1,28.3,75,1.71,,
2026-07-25 15:42:52,Bhopal,Madhya Pradesh,23.2599,77.4126,50,50,37,5,5.3,6.1,22,24.77,87,3.26,,
2026-07-25 15:42:52,Kanpur,Uttar Pradesh,26.4499,80.3319,150,150,86,6.3,9.9,0.4,5.4,32.46,58,1.98,,
2026-07-25 15:42:52,Guwahati,Assam,26.1445,91.7362,33,25,16,1.9,4.2,2.6,32.5,25.31,93,1.69,,
2026-07-25 15:42:52,Itanagar,Arunachal Pradesh,27.0844,93.6053,26,25,14,3.7,10.1,2.6,26.4,26.43,96,1.66,,
2026-07-25 15:42:52,Dispur,Assam,26.1433,91.7898,33,25,16,1.9,4.2,2.6,32.5,26.27,94,1.65,,
2026-07-25 15:42:52,Raipur,Chhattisgarh,21.2514,81.6296,113,113,90,3,3.4,0.5,16.8,28.3,74,3.88,,
2026-07-25 15:42:52,Gandhinagar,Gujarat,23.2156,72.6369,76,60,76,3.2,3.4,0.5,0.9,25.33,93,3.01,,
2026-07-25 15:42:52,Shimla,Himachal Pradesh,31.1048,77.1734,32,13,10,2.8,1,3.1,32.1,16.72,90,0.79,,
2026-07-25 15:42:52,Thiruvananthapuram,Kerala,8.5241,76.9366,53,53,,,,,,25.98,84,4.25,,
2026-07-25 15:42:52,Imphal,Manipur,24.817,93.9368,38,38,16,5.5,2.8,4.1,36.6,21.97,96,0.09,,
2026-07-25 15:42:52,Shillong,Meghalaya,25.5788,91.8933,33,25,16,1.9,4.2,2.6,32.5,19.08,96,1.86,,
2026-07-25 15:42:52,Aizawl,Mizoram,23.7271,92.7176,17,13,17,0.6,0.5,5.8,2.3,20.28,99,0.3,,
2026-07-25 15:42:52,Kohima,Nagaland,25.6751,94.1086,38,38,16,5.5,2.8,4.1,36.6,19.23,96,1.34,,
2026-07-25 15:42:52,Gangtok,Sikkim,27.3389,88.6065,69,69,48,0.7,2.5,0.4,4.3,21.41,96,0.75,,
2026-07-25 15:42:52,Agartala,Tripura,23.8315,91.2868,114,114,68,3.5,6.3,2.9,5.8,25.46,93,2.18,,
2026-07-25 15:42:52,Dehradun,Uttarakhand,30.3165,78.0322,32,13,10,2.8,1,3.1,32.1,24.83,89,1.89,,
2026-07-25 15:42:52,Port Blair,Andaman and Nicobar Islands,11.6234,92.7265,24,24,,,4.1,1.6,,27.87,82,8.59,,
2026-07-25 15:42:52,Daman,Dadra and Nagar Haveli and Daman and Diu,20.3974,72.8328,89,89,64,,5.6,6.7,2.9,26.73,87,7.5,,
2026-07-25 15:42:52,Srinagar,Jammu and Kashmir,34.0837,74.7973,97,97,66,4.6,8.3,3.1,41.9,18.36,93,0.76,,
2026-07-25 15:42:52,Leh,Ladakh,34.1526,77.5771,32,13,10,2.8,1,3.1,32.1,19.13,52,4.25,,
2026-07-25 15:42:52,Puducherry,Puducherry,11.9416,79.8083,44,44,30,3.4,4.6,3.9,17.7,30.18,73,7.47,,
2026-07-25 17:08:35,Delhi,Delhi,28.6139,77.209,109,109,3,5.5,8.5,5,8.6,33.27,51,2.86,,
2026-07-25 17:08:35,Mumbai,Maharashtra,19.076,72.8777,158,158,,,,,,27.81,81,8.81,,
2026-07-25 17:08:35,Bangalore,Karnataka,12.9716,77.5946,53,53,27,2.9,11.2,4.1,5,24.12,77,0.45,,
2026-07-25 17:08:35,Kolkata,West Bengal,22.5726,88.3639,172,172,,,,,,26.86,87,5.52,,
2026-07-25 17:08:35,Chennai,Tamil Nadu,13.0827,80.2707,46,46,,,,,,30.03,79,2.68,,
2026-07-25 17:08:35,Hyderabad,Telangana,17.385,78.4867,93,93,,,,,,26.82,68,5.43,,
2026-07-25 17:08:35,Pune,Maharashtra,18.5204,73.8567,232,232,138,51,198,,61,24.63,86,3.43,,
2026-07-25 17:08:35,Lucknow,Uttar Pradesh,26.8467,80.9462,128,128,91,10.8,3,3.4,28.4,32.62,59,0.54,,
2026-07-25 17:08:35,Patna,Bihar,25.5941,85.1376,21,107,,1,0.5,0.6,20.9,31.55,62,3.31,,
2026-07-25 17:08:35,Ahmedabad,Gujarat,23.0225,72.5714,108,108,68,0.2,7.3,48.2,11.2,26.53,85,3.35,,
2026-07-25 17:08:35,Jaipur,Rajasthan,26.9124,75.7873,129,129,78,18.8,9.6,10.1,11.3,27.87,73,4.53,,
2026-07-25 17:08:35,Chandigarh,Chandigarh,30.7333,76.7794,31,13,10,2.8,1,3.1,30.9,28.5,73,1.6,,
2026-07-25 17:08:35,Bhopal,Madhya Pradesh,23.2599,77.4126,50,50,37,5,5.3,6.1,22,24.53,87,3,,
2026-07-25 17:08:35,Kanpur,Uttar Pradesh,26.4499,80.3319,150,150,86,6.3,9.9,0.4,5.4,32.37,59,1.51,,
2026-07-25 17:08:35,Guwahati,Assam,26.1445,91.7362,46,46,17,2.8,8.3,2.6,25.6,25.16,93,1.54,,
2026-07-25 17:08:35,Itanagar,Arunachal Pradesh,27.0844,93.6053,30,30,15,4.6,11.9,2.6,25.2,26.17,96,1.39,,
2026-07-25 17:08:35,Dispur,Assam,26.1433,91.7898,46,46,17,2.8,8.3,2.6,25.6,26.11,94,1.53,,
2026-07-25 17:08:35,Raipur,Chhattisgarh,21.2514,81.6296,113,113,90,3,3.4,0.5,16.8,27.91,75,3.95,,
2026-07-25 17:08:35,Gandhinagar,Gujarat,23.2156,72.6369,76,60,76,3.2,3.4,0.5,0.9,25.45,92,3.49,,
2026-07-25 17:08:35,Shimla,Himachal Pradesh,31.1048,77.1734,31,13,10,2.8,1,3.1,30.9,17.71,90,1.04,,
2026-07-25 17:08:35,Thiruvananthapuram,Kerala,8.5241,76.9366,66,66,,,,,,25.87,85,3.9,,
2026-07-25 17:08:35,Imphal,Manipur,24.817,93.9368,63,63,18,6.4,3.7,4.1,30.5,21.71,96,0.44,,
2026-07-25 17:08:35,Shillong,Meghalaya,25.5788,91.8933,46,46,17,2.8,8.3,2.6,25.6,18.81,96,1.86,,
2026-07-25 17:08:35,Aizawl,Mizoram,23.7271,92.7176,17,13,17,0.6,0.5,5.8,2.3,20.07,99,0.48,,
2026-07-25 17:08:35,Kohima,Nagaland,25.6751,94.1086,63,63,18,6.4,3.7,4.1,30.5,19.03,97,1.35,,
2026-07-25 17:08:35,Gangtok,Sikkim,27.3389,88.6065,69,69,48,0.7,2.5,0.4,4.3,21.16,96,0.72,,
2026-07-25 17:08:35,Agartala,Tripura,23.8315,91.2868,114,114,68,3.5,6.3,2.9,5.8,25.23,95,2.13,,
2026-07-25 17:08:35,Dehradun,Uttarakhand,30.3165,78.0322,31,13,10,2.8,1,3.1,30.9,24.82,88,1.78,,
2026-07-25 17:08:35,Port Blair,Andaman and Nicobar Islands,11.6234,92.7265,24,24,,,4.1,1.6,,27.93,82,8.35,,
2026-07-25 17:08:35,Daman,Dadra and Nagar Haveli and Daman and Diu,20.3974,72.8328,89,89,64,,5.6,6.7,2.9,27.05,86,7.26,,
2026-07-25 17:08:35,Srinagar,Jammu and Kashmir,34.0837,74.7973,160,160,85,6.4,19.2,3.1,19.9,18.36,94,1.14,,
2026-07-25 17:08:35,Leh,Ladakh,34.1526,77.5771,31,13,10,2.8,1,3.1,30.9,18.33,55,3.6,,
2026-07-25 17:08:35,Puducherry,Puducherry,11.9416,79.8083,44,44,30,3.4,4.6,3.9,17.7,29.62,82,9.35,,
2026-07-25 18:29:30,Delhi,Delhi,28.6139,77.209,109,109,3,5.5,8.5,5,8.6,32.95,53,3.44,,
2026-07-25 18:29:30,Mumbai,Maharashtra,19.076,72.8777,158,158,,,,,,27.77,83,8.46,,
2026-07-25 18:29:30,Bangalore,Karnataka,12.9716,77.5946,53,53,27,2.9,11.2,4.1,5,23.05,78,6.02,,
2026-07-25 18:29:30,Kolkata,West Bengal,22.5726,88.3639,172,172,,,,,,27.08,86,5.17,,
2026-07-25 18:29:30,Chennai,Tamil Nadu,13.0827,80.2707,46,46,,,,,,29.9,80,1.79,,
2026-07-25 18:29:30,Hyderabad,Telangana,17.385,78.4867,93,93,,,,,,27.01,68,6.42,,
2026-07-25 18:29:30,Pune,Maharashtra,18.5204,73.8567,232,232,138,51,198,,61,23.52,98,3.72,,
2026-07-25 18:29:30,Lucknow,Uttar Pradesh,26.8467,80.9462,128,128,91,10.8,3,3.4,28.4,31.97,60,1.83,,
2026-07-25 18:29:30,Patna,Bihar,25.5941,85.1376,21,107,,1,0.5,0.6,20.9,30.87,65,2.72,,
2026-07-25 18:29:30,Ahmedabad,Gujarat,23.0225,72.5714,108,108,68,0.2,7.3,48.2,11.2,25.88,87,4.16,,
2026-07-25 18:29:30,Jaipur,Rajasthan,26.9124,75.7873,129,129,78,18.8,9.6,10.1,11.3,27.84,73,2.6,,
2026-07-25 18:29:30,Chandigarh,Chandigarh,30.7333,76.7794,31,13,6,2.8,0.5,3.1,30.5,27.85,75,1.85,,
2026-07-25 18:29:30,Bhopal,Madhya Pradesh,23.2599,77.4126,50,50,37,5,5.3,6.1,22,24.37,89,2.8,,
2026-07-25 18:29:30,Kanpur,Uttar Pradesh,26.4499,80.3319,150,150,86,6.3,9.9,0.4,5.4,31.33,64,2.17,,
2026-07-25 18:29:30,Guwahati,Assam,26.1445,91.7362,42,42,20,2.8,5.1,2.6,28.5,24.54,95,1.48,,
2026-07-25 18:29:30,Itanagar,Arunachal Pradesh,27.0844,93.6053,26,13,13,2.8,6.9,2.6,26,25.89,96,1.31,,
2026-07-25 18:29:30,Dispur,Assam,26.1433,91.7898,42,42,20,2.8,5.1,2.6,28.5,25.55,95,1.49,,
2026-07-25 18:29:30,Raipur,Chhattisgarh,21.2514,81.6296,113,113,90,3,3.4,0.5,16.8,27.46,79,4.18,,
2026-07-25 18:29:30,Gandhinagar,Gujarat,23.2156,72.6369,76,60,76,3.2,3.4,0.5,0.9,24.95,93,4.3,,
2026-07-25 18:29:30,Shimla,Himachal Pradesh,31.1048,77.1734,31,13,6,2.8,0.5,3.1,30.5,16.04,92,1.39,,
2026-07-25 18:29:30,Thiruvananthapuram,Kerala,8.5241,76.9366,66,66,,,,,,25.6,87,3.97,,
2026-07-25 18:29:30,Imphal,Manipur,24.817,93.9368,61,61,18,5.5,2.8,4.1,30.1,21.21,98,0.99,,
2026-07-25 18:29:30,Shillong,Meghalaya,25.5788,91.8933,42,42,20,2.8,5.1,2.6,28.5,18.66,97,1.62,,
2026-07-25 18:29:30,Aizawl,Mizoram,23.7271,92.7176,17,13,17,0.6,0.5,5.8,2.3,20.17,99,0.41,,
2026-07-25 18:29:30,Kohima,Nagaland,25.6751,94.1086,61,61,18,5.5,2.8,4.1,30.1,18.57,97,1.38,,
2026-07-25 18:29:30,Gangtok,Sikkim,27.3389,88.6065,69,69,48,0.7,2.5,0.4,4.3,20.83,92,1.46,,
2026-07-25 18:29:30,Agartala,Tripura,23.8315,91.2868,114,114,68,3.5,6.3,2.9,5.8,25.03,96,2.04,,
2026-07-25 18:29:30,Dehradun,Uttarakhand,30.3165,78.0322,31,13,6,2.8,0.5,3.1,30.5,24.34,89,1.66,,
2026-07-25 18:29:30,Port Blair,Andaman and Nicobar Islands,11.6234,92.7265,24,24,,,4.1,1.6,,27.71,82,8.95,,
2026-07-25 18:29:30,Daman,Dadra and Nagar Haveli and Daman and Diu,20.3974,72.8328,89,89,64,,5.6,6.7,2.9,27.01,89,5.76,,
2026-07-25 18:29:30,Srinagar,Jammu and Kashmir,34.0837,74.7973,134,134,86,5.5,17.9,2.6,22.4,18.36,94,0.36,,
2026-07-25 18:29:30,Leh,Ladakh,34.1526,77.5771,31,13,6,2.8,0.5,3.1,30.5,17.55,59,3.55,,
2026-07-25 18:29:30,Puducherry,Puducherry,11.9416,79.8083,44,44,30,3.4,4.6,3.9,17.7,30.18,86,8.6,,
2026-07-25 19:49:11,Delhi,Delhi,28.6139,77.209,109,109,3,5.5,8.5,5,8.6,32.57,56,3.84,,
2026-07-25 19:49:11,Mumbai,Maharashtra,19.076,72.8777,158,158,,,,,,27.57,84,8.51,,
2026-07-25 19:49:11,Bangalore,Karnataka,12.9716,77.5946,53,53,27,2.9,11.2,4.1,5,22.46,80,0.45,,
2026-07-25 19:49:11,Kolkata,West Bengal,22.5726,88.3639,172,172,,,,,,26.34,88,5.36,,
2026-07-25 19:49:11,Chennai,Tamil Nadu,13.0827,80.2707,46,46,,,,,,29.91,80,1.34,,
2026-07-25 19:49:11,Hyderabad,Telangana,17.385,78.4867,93,93,,,,,,26.14,70,7.05,,
2026-07-25 19:49:11,Pune,Maharashtra,18.5204,73.8567,232,232,138,51,198,,61,24.07,96,3.65,,
2026-07-25 19:49:11,Lucknow,Uttar Pradesh,26.8467,80.9462,128,128,91,10.8,3,3.4,28.4,30.93,62,2.23,,
2026-07-25 19:49:11,Patna,Bihar,25.5941,85.1376,21,107,,1,0.5,0.6,20.9,29.87,67,2.4,,
2026-07-25 19:49:11,Ahmedabad,Gujarat,23.0225,72.5714,108,108,68,0.2,7.3,48.2,11.2,26.02,87,3.7,,
2026-07-25 19:49:11,Jaipur,Rajasthan,26.9124,75.7873,129,129,78,18.8,9.6,10.1,11.3,27.53,74,2.55,,
2026-07-25 19:49:11,Chandigarh,Chandigarh,30.7333,76.7794,30,13,6,2.8,1,3.1,30.1,27.69,75,1.85,,
2026-07-25 19:49:11,Bhopal,Madhya Pradesh,23.2599,77.4126,50,50,37,5,5.3,6.1,22,24.05,90,2.83,,
2026-07-25 19:49:11,Kanpur,Uttar Pradesh,26.4499,80.3319,150,150,86,6.3,9.9,0.4,5.4,31.15,65,1.9,,
2026-07-25 19:49:11,Guwahati,Assam,26.1445,91.7362,26,25,18,2.8,5.1,2.6,26,24.64,94,1.29,,
2026-07-25 19:49:11,Itanagar,Arunachal Pradesh,27.0844,93.6053,25,25,10,2.8,6.9,2.6,24.4,25.55,97,1.16,,
2026-07-25 19:49:11,Dispur,Assam,26.1433,91.7898,26,25,18,2.8,5.1,2.6,26,25.61,95,1.31,,
2026-07-25 19:49:11,Raipur,Chhattisgarh,21.2514,81.6296,113,113,90,3,3.4,0.5,16.8,27.13,80,3.84,,
2026-07-25 19:49:11,Gandhinagar,Gujarat,23.2156,72.6369,76,60,76,3.2,3.4,0.5,0.9,25.06,93,4.35,,
2026-07-25 19:49:11,Shimla,Himachal Pradesh,31.1048,77.1734,30,13,6,2.8,1,3.1,30.1,17,92,1.19,,
2026-07-25 19:49:11,Thiruvananthapuram,Kerala,8.5241,76.9366,56,56,,,,,,25.47,87,3.75,,
2026-07-25 19:49:11,Imphal,Manipur,24.817,93.9368,59,59,18,5.5,3.2,4.1,23.2,21.02,98,0.81,,
2026-07-25 19:49:11,Shillong,Meghalaya,25.5788,91.8933,26,25,18,2.8,5.1,2.6,26,18.34,97,1.32,,
2026-07-25 19:49:11,Aizawl,Mizoram,23.7271,92.7176,17,13,17,0.6,0.5,5.8,2.3,19.97,99,0.48,,
2026-07-25 19:49:11,Kohima,Nagaland,25.6751,94.1086,59,59,18,5.5,3.2,4.1,23.2,18.5,97,1.3,,
2026-07-25 19:49:11,Gangtok,Sikkim,27.3389,88.6065,69,69,48,0.7,2.5,0.4,4.3,20.7,91,1.4,,
2026-07-25 19:49:11,Agartala,Tripura,23.8315,91.2868,114,114,68,3.5,6.3,2.9,5.8,24.9,96,2.05,,
2026-07-25 19:49:11,Dehradun,Uttarakhand,30.3165,78.0322,30,13,6,2.8,1,3.1,30.1,24.04,90,1.62,,
2026-07-25 19:49:11,Port Blair,Andaman and Nicobar Islands,11.6234,92.7265,23,23,,,1.2,0.6,,27.7,82,9.03,,
2026-07-25 19:49:11,Daman,Dadra and Nagar Haveli and Daman and Diu,20.3974,72.8328,89,89,64,,5.6,6.7,2.9,27.38,85,5.49,,
2026-07-25 19:49:11,Srinagar,Jammu and Kashmir,34.0837,74.7973,117,117,79,4.6,11.9,3.1,24.8,18.36,94,0.78,,
2026-07-25 19:49:11,Leh,Ladakh,34.1526,77.5771,30,13,6,2.8,1,3.1,30.1,17.07,62,3.24,,
2026-07-25 19:49:11,Puducherry,Puducherry,11.9416,79.8083,44,44,30,3.4,4.6,3.9,17.7,29.07,83,7.54,,
2026-07-25 21:01:25,Delhi,Delhi,28.6139,77.209,109,109,3,5.5,8.5,5,8.6,32.24,56,4.39,,
2026-07-25 21:01:25,Mumbai,Maharashtra,19.076,72.8777,158,158,,,,,,27.68,84,8.74,,
2026-07-25 21:01:25,Bangalore,Karnataka,12.9716,77.5946,53,53,27,2.9,11.2,4.1,5,21.94,83,0.45,,
2026-07-25 21:01:25,Kolkata,West Bengal,22.5726,88.3639,172,172,,,,,,26.16,88,5.67,,
2026-07-25 21:01:25,Chennai,Tamil Nadu,13.0827,80.2707,46,46,,,,,,29.91,79,1.79,,
2026-07-25 21:01:25,Hyderabad,Telangana,17.385,78.4867,93,93,,,,,,25.21,74,7.16,,
2026-07-25 21:01:25,Pune,Maharashtra,18.5204,73.8567,232,232,138,51,198,,61,24.11,85,3.8,,
2026-07-25 21:01:25,Lucknow,Uttar Pradesh,26.8467,80.9462,128,128,91,10.8,3,3.4,28.4,30.72,64,2.26,,
2026-07-25 21:01:25,Patna,Bihar,25.5941,85.1376,21,107,,1,0.5,0.6,20.9,29.59,69,2.5,,
2026-07-25 21:01:25,Ahmedabad,Gujarat,23.0225,72.5714,108,108,68,0.2,7.3,48.2,11.2,26.13,88,3.36,,
2026-07-25 21:01:25,Jaipur,Rajasthan,26.9124,75.7873,129,129,78,18.8,9.6,10.1,11.3,27.29,76,2.63,,
2026-07-25 21:01:25,Chandigarh,Chandigarh,30.7333,76.7794,32,13,6,2.8,1,3.1,32.1,27.44,76,1.94,,
2026-07-25 21:01:25,Bhopal,Madhya Pradesh,23.2599,77.4126,50,50,37,5,5.3,6.1,22,23.81,91,2.92,,
2026-07-25 21:01:25,Kanpur,Uttar Pradesh,26.4499,80.3319,150,150,86,6.3,9.9,0.4,5.4,30.96,66,1.76,,
2026-07-25 21:01:25,Guwahati,Assam,26.1445,91.7362,30,30,13,2.8,6.4,2.1,22.8,24.64,94,1.36,,
2026-07-25 21:01:25,Itanagar,Arunachal Pradesh,27.0844,93.6053,36,25,36,2.8,6,3.1,24,25.46,97,1.3,,
2026-07-25 21:01:25,Dispur,Assam,26.1433,91.7898,30,30,13,2.8,6.4,2.1,22.8,25.63,94,1.4,,
2026-07-25 21:01:25,Raipur,Chhattisgarh,21.2514,81.6296,113,113,90,3,3.4,0.5,16.8,26.81,81,3.28,,
2026-07-25 21:01:25,Gandhinagar,Gujarat,23.2156,72.6369,76,60,76,3.2,3.4,0.5,0.9,25.02,95,4.43,,
2026-07-25 21:01:25,Shimla,Himachal Pradesh,31.1048,77.1734,32,13,6,2.8,1,3.1,32.1,15.79,91,1.56,,
2026-07-25 21:01:25,Thiruvananthapuram,Kerala,8.5241,76.9366,67,67,,,,,,25.26,88,3.5,,
2026-07-25 21:01:25,Imphal,Manipur,24.817,93.9368,30,30,9,5.5,2.8,4.1,21.2,20.91,98,0.91,,
2026-07-25 21:01:25,Shillong,Meghalaya,25.5788,91.8933,30,30,13,2.8,6.4,2.1,22.8,18.08,96,1.06,,
2026-07-25 21:01:25,Aizawl,Mizoram,23.7271,92.7176,17,13,17,0.6,0.5,5.8,2.3,19.94,99,0.73,,
2026-07-25 21:01:25,Kohima,Nagaland,25.6751,94.1086,30,30,9,5.5,2.8,4.1,21.2,18.38,97,0.99,,
2026-07-25 21:01:25,Gangtok,Sikkim,27.3389,88.6065,69,69,48,0.7,2.5,0.4,4.3,20.64,90,1.41,,
2026-07-25 21:01:25,Agartala,Tripura,23.8315,91.2868,114,114,68,3.5,6.3,2.9,5.8,24.66,96,1.91,,
2026-07-25 21:01:25,Dehradun,Uttarakhand,30.3165,78.0322,32,13,6,2.8,1,3.1,32.1,23.83,90,1.51,,
2026-07-25 21:01:25,Port Blair,Andaman and Nicobar Islands,11.6234,92.7265,23,23,,,1.2,0.6,,27.74,82,8.95,,
2026-07-25 21:01:25,Daman,Dadra and Nagar Haveli and Daman and Diu,20.3974,72.8328,89,89,64,,5.6,6.7,2.9,27.24,88,6.02,,
2026-07-25 21:01:25,Srinagar,Jammu and Kashmir,34.0837,74.7973,117,117,71,6.4,9.6,4.1,26,18.36,94,0.84,,
2026-07-25 21:01:25,Leh,Ladakh,34.1526,77.5771,32,13,6,2.8,1,3.1,32.1,16.62,64,2.91,,
2026-07-25 21:01:25,Puducherry,Puducherry,11.9416,79.8083,44,44,30,3.4,4.6,3.9,17.7,28.51,78,6.29,,
2026-07-25 22:28:49,Delhi,Delhi,28.6139,77.209,109,109,3,5.5,8.5,5,8.6,31.91,57,3.84,,
2026-07-25 22:28:49,Mumbai,Maharashtra,19.076,72.8777,158,158,,,,,,27.67,84,9.14,,
2026-07-25 22:28:49,Bangalore,Karnataka,12.9716,77.5946,53,53,27,2.9,11.2,4.1,5,21.39,85,6.05,,
2026-07-25 22:28:49,Kolkata,West Bengal,22.5726,88.3639,172,172,,,,,,26.02,89,5.64,,
2026-07-25 22:28:49,Chennai,Tamil Nadu,13.0827,80.2707,46,46,,,,,,29.9,79,2.24,,
2026-07-25 22:28:49,Hyderabad,Telangana,17.385,78.4867,93,93,,,,,,24.7,78,6.97,,
2026-07-25 22:28:49,Pune,Maharashtra,18.5204,73.8567,232,232,138,51,198,,61,24.07,82,3.68,,
2026-07-25 22:28:49,Lucknow,Uttar Pradesh,26.8467,80.9462,128,128,91,10.8,3,3.4,28.4,30.94,65,2.19,,
2026-07-25 22:28:49,Patna,Bihar,25.5941,85.1376,21,107,,1,0.5,0.6,20.9,29.25,70,2.66,,
2026-07-25 22:28:49,Ahmedabad,Gujarat,23.0225,72.5714,108,108,68,0.2,7.3,48.2,11.2,25.91,90,3.18,,
2026-07-25 22:28:49,Jaipur,Rajasthan,26.9124,75.7873,129,129,78,18.8,9.6,10.1,11.3,26.78,79,2.01,,
2026-07-25 22:28:49,Chandigarh,Chandigarh,30.7333,76.7794,31,13,6,1.9,1,3.1,31.3,26.91,78,1.96,,
2026-07-25 22:28:49,Bhopal,Madhya Pradesh,23.2599,77.4126,50,50,37,5,5.3,6.1,22,23.6,91,2.33,,
2026-07-25 22:28:49,Kanpur,Uttar Pradesh,26.4499,80.3319,150,150,86,6.3,9.9,0.4,5.4,30.67,67,1.76,,
2026-07-25 22:28:49,Guwahati,Assam,26.1445,91.7362,19,13,14,2.8,10.1,2.6,18.7,24.65,93,1.18,,
2026-07-25 22:28:49,Itanagar,Arunachal Pradesh,27.0844,93.6053,26,13,11,2.8,5.1,4.1,25.6,25.09,97,0.92,,
2026-07-25 22:28:49,Dispur,Assam,26.1433,91.7898,19,13,14,2.8,10.1,2.6,18.7,25.68,94,1.17,,
2026-07-25 22:28:49,Raipur,Chhattisgarh,21.2514,81.6296,113,113,90,3,3.4,0.5,16.8,26.84,80,4.05,,
2026-07-25 22:28:49,Gandhinagar,Gujarat,23.2156,72.6369,76,60,76,3.2,3.4,0.5,0.9,24.98,96,4.22,,
2026-07-25 22:28:49,Shimla,Himachal Pradesh,31.1048,77.1734,31,13,6,1.9,1,3.1,31.3,15.65,91,1.26,,
2026-07-25 22:28:49,Thiruvananthapuram,Kerala,8.5241,76.9366,59,59,,,,,,24.76,89,3.38,,
2026-07-25 22:28:49,Imphal,Manipur,24.817,93.9368,53,53,11,4.6,3.2,4.6,15.9,20.55,98,0.96,,
2026-07-25 22:28:49,Shillong,Meghalaya,25.5788,91.8933,19,13,14,2.8,10.1,2.6,18.7,17.92,95,0.13,,
2026-07-25 22:28:49,Aizawl,Mizoram,23.7271,92.7176,17,13,17,0.6,0.5,5.8,2.3,19.74,100,0.7,,
2026-07-25 22:28:49,Kohima,Nagaland,25.6751,94.1086,53,53,11,4.6,3.2,4.6,15.9,18.59,98,1.6,,
2026-07-25 22:28:49,Gangtok,Sikkim,27.3389,88.6065,69,69,48,0.7,2.5,0.4,4.3,20.15,89,1.63,,
2026-07-25 22:28:49,Agartala,Tripura,23.8315,91.2868,114,114,68,3.5,6.3,2.9,5.8,24.73,93,1.9,,
2026-07-25 22:28:49,Dehradun,Uttarakhand,30.3165,78.0322,31,13,6,1.9,1,3.1,31.3,23.9,89,1.61,,
2026-07-25 22:28:49,Port Blair,Andaman and Nicobar Islands,11.6234,92.7265,23,23,,,1.2,0.6,,27.74,81,9.14,,
2026-07-25 22:28:49,Daman,Dadra and Nagar Haveli and Daman and Diu,20.3974,72.8328,89,89,64,,5.6,6.7,2.9,27.13,87,6.04,,
2026-07-25 22:28:49,Srinagar,Jammu and Kashmir,34.0837,74.7973,65,65,55,1.9,1,2.1,45.9,18.36,94,0.18,,
2026-07-25 22:28:49,Leh,Ladakh,34.1526,77.5771,31,13,6,1.9,1,3.1,31.3,16.36,64,2.61,,
2026-07-25 22:28:49,Puducherry,Puducherry,11.9416,79.8083,44,44,30,3.4,4.6,3.9,17.7,29.07,73,3.97,,
2026-07-25 23:36:17,Delhi,Delhi,28.6139,77.209,109,109,3,5.5,8.5,5,8.6,31.37,59,3.3,,
2026-07-25 23:36:17,Mumbai,Maharashtra,19.076,72.8777,158,158,,,,,,27.81,83,8.78,,
2026-07-25 23:36:17,Bangalore,Karnataka,12.9716,77.5946,53,53,27,2.9,11.2,4.1,5,21.39,86,5.9,,
2026-07-25 23:36:17,Kolkata,West Bengal,22.5726,88.3639,172,172,,,,,,26,90,5.66,,
2026-07-25 23:36:17,Chennai,Tamil Nadu,13.0827,80.2707,46,46,,,,,,29.66,79,2.24,,
2026-07-25 23:36:17,Hyderabad,Telangana,17.385,78.4867,93,93,,,,,,24.03,81,6.84,,
2026-07-25 23:36:17,Pune,Maharashtra,18.5204,73.8567,232,232,138,51,198,,61,24.07,85,2.71,,
2026-07-25 23:36:17,Lucknow,Uttar Pradesh,26.8467,80.9462,128,128,91,10.8,3,3.4,28.4,30.59,66,2.3,,
2026-07-25 23:36:17,Patna,Bihar,25.5941,85.1376,21,107,,1,0.5,0.6,20.9,28.7,71,2.66,,
2026-07-25 23:36:17,Ahmedabad,Gujarat,23.0225,72.5714,108,108,68,0.2,7.3,48.2,11.2,25.82,90,4.75,,
2026-07-25 23:36:17,Jaipur,Rajasthan,26.9124,75.7873,129,129,78,18.8,9.6,10.1,11.3,26.55,80,1.87,,
2026-07-25 23:36:17,Chandigarh,Chandigarh,30.7333,76.7794,33,13,6,2.8,0.5,3.1,32.5,26.99,77,1.73,,
2026-07-25 23:36:17,Bhopal,Madhya Pradesh,23.2599,77.4126,50,50,37,5,5.3,6.1,22,23.33,93,2.35,,
2026-07-25 23:36:17,Kanpur,Uttar Pradesh,26.4499,80.3319,150,150,86,6.3,9.9,0.4,5.4,30.67,67,1.28,,
2026-07-25 23:36:17,Guwahati,Assam,26.1445,91.7362,40,25,7,1.9,2.8,5.1,39.8,25.19,92,0.91,,
2026-07-25 23:36:17,Itanagar,Arunachal Pradesh,27.0844,93.6053,47,25,11,2.8,3.2,3.6,46.8,25.41,96,0.96,,
2026-07-25 23:36:17,Dispur,Assam,26.1433,91.7898,40,25,7,1.9,2.8,5.1,39.8,26.22,93,0.85,,
2026-07-25 23:36:17,Raipur,Chhattisgarh,21.2514,81.6296,113,113,90,3,3.4,0.5,16.8,26.51,81,4.05,,
2026-07-25 23:36:17,Gandhinagar,Gujarat,23.2156,72.6369,76,60,76,3.2,3.4,0.5,0.9,25.28,95,4.69,,
2026-07-25 23:36:17,Shimla,Himachal Pradesh,31.1048,77.1734,33,13,6,2.8,0.5,3.1,32.5,16.73,91,1.23,,
2026-07-25 23:36:17,Thiruvananthapuram,Kerala,8.5241,76.9366,49,49,,,,,,24.6,90,3.17,,
2026-07-25 23:36:17,Imphal,Manipur,24.817,93.9368,53,53,11,4.6,3.2,4.6,15.9,21.4,96,0.6,,
2026-07-25 23:36:17,Shillong,Meghalaya,25.5788,91.8933,40,25,7,1.9,2.8,5.1,39.8,18.77,94,0.18,,
2026-07-25 23:36:17,Aizawl,Mizoram,23.7271,92.7176,17,13,17,0.6,0.5,5.8,2.3,20.04,100,0.45,,
2026-07-25 23:36:17,Kohima,Nagaland,25.6751,94.1086,53,53,11,4.6,3.2,4.6,15.9,19.22,97,1.68,,
2026-07-25 23:36:17,Gangtok,Sikkim,27.3389,88.6065,69,69,48,0.7,2.5,0.4,4.3,20.44,88,1.6,,
2026-07-25 23:36:17,Agartala,Tripura,23.8315,91.2868,114,114,68,3.5,6.3,2.9,5.8,25.15,92,1.85,,
2026-07-25 23:36:17,Dehradun,Uttarakhand,30.3165,78.0322,33,13,6,2.8,0.5,3.1,32.5,23.83,88,1.65,,
2026-07-25 23:36:17,Port Blair,Andaman and Nicobar Islands,11.6234,92.7265,23,23,,,1.2,0.6,,27.65,81,9.29,,
2026-07-25 23:36:17,Daman,Dadra and Nagar Haveli and Daman and Diu,20.3974,72.8328,89,89,64,,5.6,6.7,2.9,26.92,89,6.41,,
2026-07-25 23:36:17,Srinagar,Jammu and Kashmir,34.0837,74.7973,47,46,33,1.9,1,2.1,47.2,18.36,94,0.75,,
2026-07-25 23:36:17,Leh,Ladakh,34.1526,77.5771,33,13,6,2.8,0.5,3.1,32.5,16.25,64,2.5,,
2026-07-25 23:36:17,Puducherry,Puducherry,11.9416,79.8083,44,44,30,3.4,4.6,3.9,17.7,28.51,72,3.66,,
2026-07-26 03:40:08,Delhi,Delhi,28.6139,77.209,109,109,3,5.5,8.5,5,8.6,33.25,54,3.03,,
2026-07-26 03:40:08,Mumbai,Maharashtra,19.076,72.8777,158,158,,,,,,28.12,82,9.11,,
2026-07-26 03:40:08,Bangalore,Karnataka,12.9716,77.5946,53,53,27,2.9,11.2,4.1,5,23.57,78,0.89,,
2026-07-26 03:40:08,Kolkata,West Bengal,22.5726,88.3639,172,172,,,,,,30.29,71,7.27,,
2026-07-26 03:40:08,Chennai,Tamil Nadu,13.0827,80.2707,46,46,,,,,,31.93,62,2.24,,
2026-07-26 03:40:08,Hyderabad,Telangana,17.385,78.4867,93,93,,,,,,28.29,61,8.49,,
2026-07-26 03:40:08,Pune,Maharashtra,18.5204,73.8567,232,232,138,51,198,,61,25.74,73,2.54,,
2026-07-26 03:40:08,Lucknow,Uttar Pradesh,26.8467,80.9462,128,128,91,10.8,3,3.4,28.4,34.2,52,2.95,,
2026-07-26 03:40:08,Patna,Bihar,25.5941,85.1376,21,107,,1,0.5,0.6,20.9,33.74,50,3.83,,
2026-07-26 03:40:08,Ahmedabad,Gujarat,23.0225,72.5714,108,108,68,0.2,7.3,48.2,11.2,28.23,78,5.49,,
2026-07-26 03:40:08,Jaipur,Rajasthan,26.9124,75.7873,129,129,78,18.8,9.6,10.1,11.3,29.45,66,2.71,,
2026-07-26 03:40:08,Chandigarh,Chandigarh,30.7333,76.7794,29,13,6,2.8,3.7,3.1,28.5,32.65,54,2.65,,
2026-07-26 03:40:08,Bhopal,Madhya Pradesh,23.2599,77.4126,50,50,37,5,5.3,6.1,22,27.11,77,2.69,,
2026-07-26 03:40:08,Kanpur,Uttar Pradesh,26.4499,80.3319,150,150,86,6.3,9.9,0.4,5.4,33.81,54,2.1,,
2026-07-26 03:40:08,Guwahati,Assam,26.1445,91.7362,42,13,8,2.8,3.7,3.1,41.9,30.25,71,1.51,,
2026-07-26 03:40:08,Itanagar,Arunachal Pradesh,27.0844,93.6053,46,13,7,2.8,3.7,3.6,45.9,31.71,72,1.02,,
2026-07-26 03:40:08,Dispur,Assam,26.1433,91.7898,42,13,8,2.8,3.7,3.1,41.9,31.37,71,1.41,,
2026-07-26 03:40:08,Raipur,Chhattisgarh,21.2514,81.6296,113,113,90,3,3.4,0.5,16.8,30.55,61,5.31,,
2026-07-26 03:40:08,Gandhinagar,Gujarat,23.2156,72.6369,76,60,76,3.2,3.4,0.5,0.9,27.16,86,4.92,,
2026-07-26 03:40:08,Shimla,Himachal Pradesh,31.1048,77.1734,29,13,6,2.8,3.7,3.1,28.5,21.73,75,1.71,,
2026-07-26 03:40:08,Thiruvananthapuram,Kerala,8.5241,76.9366,55,55,,,,,,29.37,63,4.61,,
2026-07-26 03:40:08,Imphal,Manipur,24.817,93.9368,59,59,16,5.5,2.8,4.1,15.9,28.33,67,0.37,,
2026-07-26 03:40:08,Shillong,Meghalaya,25.5788,91.8933,42,13,8,2.8,3.7,3.1,41.9,25.73,65,1.74,,
2026-07-26 03:40:08,Aizawl,Mizoram,23.7271,92.7176,17,13,17,0.6,0.5,5.8,2.3,27.26,64,0.3,,
2026-07-26 03:40:08,Kohima,Nagaland,25.6751,94.1086,59,59,16,5.5,2.8,4.1,15.9,26.49,62,1.03,,
2026-07-26 03:40:08,Gangtok,Sikkim,27.3389,88.6065,69,69,48,0.7,2.5,0.4,4.3,25.91,79,2.78,,
2026-07-26 03:40:08,Agartala,Tripura,23.8315,91.2868,114,114,68,3.5,6.3,2.9,5.8,30.44,70,1.87,,
2026-07-26 03:40:08,Dehradun,Uttarakhand,30.3165,78.0322,29,13,6,2.8,3.7,3.1,28.5,29.12,71,0.82,,
2026-07-26 03:40:08,Port Blair,Andaman and Nicobar Islands,11.6234,92.7265,29,29,,,1.8,0.6,,29.04,76,9.46,,
2026-07-26 03:40:08,Daman,Dadra and Nagar Haveli and Daman and Diu,20.3974,72.8328,89,89,64,,5.6,6.7,2.9,26.98,89,5.41,,
2026-07-26 03:40:08,Srinagar,Jammu and Kashmir,34.0837,74.7973,55,55,37,2.8,5.1,2.6,37.8,21.7,79,1,,
2026-07-26 03:40:08,Leh,Ladakh,34.1526,77.5771,29,13,6,2.8,3.7,3.1,28.5,18.54,55,2.92,,
2026-07-26 03:40:08,Puducherry,Puducherry,11.9416,79.8083,44,44,30,3.4,4.6,3.9,17.7,31.85,52,5.53,,
2026-07-26 05:16:44,Delhi,Delhi,28.6139,77.209,109,109,3,5.5,8.5,5,8.6,34.5,50,3.21,,
2026-07-26 05:16:44,Mumbai,Maharashtra,19.076,72.8777,158,158,,,,,,28.2,81,8.68,,
2026-07-26 05:16:44,Bangalore,Karnataka,12.9716,77.5946,53,53,27,2.9,11.2,4.1,5,25.79,70,0.45,,
2026-07-26 05:16:44,Kolkata,West Bengal,22.5726,88.3639,172,172,,,,,,31.04,67,7.09,,
2026-07-26 05:16:44,Chennai,Tamil Nadu,13.0827,80.2707,46,46,,,,,,32.78,61,1.79,,
2026-07-26 05:16:44,Hyderabad,Telangana,17.385,78.4867,93,93,,,,,,29.79,54,8.31,,
2026-07-26 05:16:44,Pune,Maharashtra,18.5204,73.8567,232,232,138,51,198,,61,24.17,100,3.14,,
2026-07-26 05:16:44,Lucknow,Uttar Pradesh,26.8467,80.9462,128,128,91,10.8,3,3.4,28.4,35.57,49,2.96,,
2026-07-26 05:16:44,Patna,Bihar,25.5941,85.1376,21,107,,1,0.5,0.6,20.9,34.93,46,4,,
2026-07-26 05:16:44,Ahmedabad,Gujarat,23.0225,72.5714,108,108,68,0.2,7.3,48.2,11.2,29.62,71,6.44,,
2026-07-26 05:16:44,Jaipur,Rajasthan,26.9124,75.7873,129,129,78,18.8,9.6,10.1,11.3,30.77,61,3.26,,
2026-07-26 05:16:44,Chandigarh,Chandigarh,30.7333,76.7794,30,13,10,2.8,3.2,3.1,29.7,33.93,49,2.72,,
2026-07-26 05:16:44,Bhopal,Madhya Pradesh,23.2599,77.4126,50,50,37,5,5.3,6.1,22,28.41,71,3.15,,
2026-07-26 05:16:44,Kanpur,Uttar Pradesh,26.4499,80.3319,150,150,86,6.3,9.9,0.4,5.4,34.94,50,2.16,,
2026-07-26 05:16:44,Guwahati,Assam,26.1445,91.7362,46,13,10,1.9,2.8,3.6,46.3,31.1,68,1.92,,
2026-07-26 05:16:44,Itanagar,Arunachal Pradesh,27.0844,93.6053,49,13,6,2.8,3.2,4.6,49.2,33.97,58,1.82,,
2026-07-26 05:16:44,Dispur,Assam,26.1433,91.7898,46,13,10,1.9,2.8,3.6,46.3,32.4,68,1.81,,
2026-07-26 05:16:44,Raipur,Chhattisgarh,21.2514,81.6296,113,113,90,3,3.4,0.5,16.8,31.9,55,5.07,,
2026-07-26 05:16:44,Gandhinagar,Gujarat,23.2156,72.6369,76,60,76,3.2,3.4,0.5,0.9,28.68,78,5.56,,
2026-07-26 05:16:44,Shimla,Himachal Pradesh,31.1048,77.1734,30,13,10,2.8,3.2,3.1,29.7,22.26,74,2.12,,
2026-07-26 05:16:44,Thiruvananthapuram,Kerala,8.5241,76.9366,54,54,,,,,,30.6,58,5.43,,
2026-07-26 05:16:44,Imphal,Manipur,24.817,93.9368,42,42,11,5.5,2.8,4.1,24.4,28.39,69,0.82,,
2026-07-26 05:16:44,Shillong,Meghalaya,25.5788,91.8933,46,13,10,1.9,2.8,3.6,46.3,25.29,71,1.76,,
2026-07-26 05:16:44,Aizawl,Mizoram,23.7271,92.7176,17,13,17,0.6,0.5,5.8,2.3,27.19,68,0.71,,
2026-07-26 05:16:44,Kohima,Nagaland,25.6751,94.1086,42,42,11,5.5,2.8,4.1,24.4,26.08,69,1.07,,
2026-07-26 05:16:44,Gangtok,Sikkim,27.3389,88.6065,69,69,48,0.7,2.5,0.4,4.3,26.24,81,2.64,,
2026-07-26 05:16:44,Agartala,Tripura,23.8315,91.2868,114,114,68,3.5,6.3,2.9,5.8,31.69,64,2.13,,
2026-07-26 05:16:44,Dehradun,Uttarakhand,30.3165,78.0322,30,13,10,2.8,3.2,3.1,29.7,30.9,64,1.02,,
2026-07-26 05:16:44,Port Blair,Andaman and Nicobar Islands,11.6234,92.7265,25,25,,,1.8,0.6,,29.15,76,9.45,,
2026-07-26 05:16:44,Daman,Dadra and Nagar Haveli and Daman and Diu,20.3974,72.8328,89,89,64,,5.6,6.7,2.9,27.29,88,5.66,,
2026-07-26 05:16:44,Srinagar,Jammu and Kashmir,34.0837,74.7973,53,53,44,1.9,3.2,2.1,47.6,22.25,75,0.45,,
2026-07-26 05:16:44,Leh,Ladakh,34.1526,77.5771,30,13,10,2.8,3.2,3.1,29.7,19.36,52,3.31,,
2026-07-26 05:16:44,Puducherry,Puducherry,11.9416,79.8083,44,44,30,3.4,4.6,3.9,17.7,34.62,51,5.43,,
2026-07-26 05:34:45,Delhi,Delhi,28.6139,77.209,109,109,3,5.5,8.5,5,8.6,34.5,50,3.21,Clouds,overcast clouds
2026-07-26 05:34:45,Mumbai,Maharashtra,19.076,72.8777,158,158,,,,,,28.3,81,7.82,Rain,moderate rain
2026-07-26 05:34:45,Bangalore,Karnataka,12.9716,77.5946,53,53,27,2.9,11.2,4.1,5,25.83,70,0.45,Clouds,overcast clouds
2026-07-26 05:34:45,Kolkata,West Bengal,22.5726,88.3639,172,172,,,,,,31.04,67,7.09,Rain,light rain
2026-07-26 05:34:45,Chennai,Tamil Nadu,13.0827,80.2707,46,46,,,,,,33.28,59,1.79,Clouds,overcast clouds
2026-07-26 05:34:45,Hyderabad,Telangana,17.385,78.4867,93,93,,,,,,29.79,54,8.31,Clouds,overcast clouds
2026-07-26 05:34:45,Pune,Maharashtra,18.5204,73.8567,232,232,138,51,198,,61,25.28,100,3.14,Rain,light rain
2026-07-26 05:34:45,Lucknow,Uttar Pradesh,26.8467,80.9462,128,128,91,10.8,3,3.4,28.4,35.57,49,2.96,Clouds,scattered clouds
2026-07-26 05:34:45,Patna,Bihar,25.5941,85.1376,21,107,,1,0.5,0.6,20.9,34.93,46,4,Clear,clear sky
2026-07-26 05:34:45,Ahmedabad,Gujarat,23.0225,72.5714,108,108,68,0.2,7.3,48.2,11.2,29.46,72,6.29,Rain,light rain
2026-07-26 05:34:45,Jaipur,Rajasthan,26.9124,75.7873,129,129,78,18.8,9.6,10.1,11.3,31.59,57,3.57,Clouds,overcast clouds
2026-07-26 05:34:45,Chandigarh,Chandigarh,30.7333,76.7794,30,13,10,2.8,3.2,3.1,29.7,35.2,45,3,Clouds,scattered clouds
2026-07-26 05:34:45,Bhopal,Madhya Pradesh,23.2599,77.4126,50,50,37,5,5.3,6.1,22,29.38,67,3.58,Rain,light rain
2026-07-26 05:34:45,Kanpur,Uttar Pradesh,26.4499,80.3319,150,150,86,6.3,9.9,0.4,5.4,35.54,48,2.06,Clouds,broken clouds
2026-07-26 05:34:45,Guwahati,Assam,26.1445,91.7362,46,13,10,1.9,2.8,3.6,46.3,31.42,67,2.16,Clouds,broken clouds
2026-07-26 05:34:45,Itanagar,Arunachal Pradesh,27.0844,93.6053,49,13,6,2.8,3.2,4.6,49.2,33.9,59,2.23,Clouds,overcast clouds
2026-07-26 05:34:45,Dispur,Assam,26.1433,91.7898,46,13,10,1.9,2.8,3.6,46.3,32.74,67,2.05,Clouds,broken clouds
2026-07-26 05:34:45,Raipur,Chhattisgarh,21.2514,81.6296,113,113,90,3,3.4,0.5,16.8,33.29,50,4.88,Clouds,overcast clouds
2026-07-26 05:34:45,Gandhinagar,Gujarat,23.2156,72.6369,76,60,76,3.2,3.4,0.5,0.9,29.14,76,6.12,Rain,moderate rain
2026-07-26 05:34:45,Shimla,Himachal Pradesh,31.1048,77.1734,30,13,10,2.8,3.2,3.1,29.7,22.28,76,2.15,Rain,moderate rain
2026-07-26 05:34:45,Thiruvananthapuram,Kerala,8.5241,76.9366,33,33,,,,,,30.98,56,6.22,Clouds,broken clouds
2026-07-26 05:34:45,Imphal,Manipur,24.817,93.9368,42,42,11,5.5,2.8,4.1,24.4,29.2,64,1.56,Rain,light rain
2026-07-26 05:34:45,Shillong,Meghalaya,25.5788,91.8933,46,13,10,1.9,2.8,3.6,46.3,23.83,82,1.78,Rain,moderate rain
2026-07-26 05:34:45,Aizawl,Mizoram,23.7271,92.7176,17,13,17,0.6,0.5,5.8,2.3,25.13,89,1.22,Rain,moderate rain
2026-07-26 05:34:45,Kohima,Nagaland,25.6751,94.1086,42,42,11,5.5,2.8,4.1,24.4,25.98,73,0.96,Rain,light rain
2026-07-26 05:34:45,Gangtok,Sikkim,27.3389,88.6065,69,69,48,0.7,2.5,0.4,4.3,25.7,84,2.24,Rain,light rain
2026-07-26 05:34:45,Agartala,Tripura,23.8315,91.2868,114,114,68,3.5,6.3,2.9,5.8,32.36,62,2.83,Clouds,broken clouds
2026-07-26 05:34:45,Dehradun,Uttarakhand,30.3165,78.0322,30,13,10,2.8,3.2,3.1,29.7,32.28,57,1.59,Clouds,scattered clouds
2026-07-26 05:34:45,Port Blair,Andaman and Nicobar Islands,11.6234,92.7265,25,25,,,1.8,0.6,,29.12,75,9.66,Rain,light rain
2026-07-26 05:34:45,Daman,Dadra and Nagar Haveli and Daman and Diu,20.3974,72.8328,89,89,64,,5.6,6.7,2.9,27.8,86,6.12,Rain,moderate rain
2026-07-26 05:34:45,Srinagar,Jammu and Kashmir,34.0837,74.7973,195,195,44,2.8,2.3,2.6,41.5,23.92,73,1.25,Clouds,overcast clouds
2026-07-26 05:34:45,Leh,Ladakh,34.1526,77.5771,30,13,10,2.8,3.2,3.1,29.7,20.54,46,3.17,Clouds,broken clouds
2026-07-26 05:34:45,Puducherry,Puducherry,11.9416,79.8083,44,44,30,3.4,4.6,3.9,17.7,35.74,47,4.86,Clouds,overcast clouds
2026-07-26 12:02:10,Delhi,Delhi,28.6139,77.209,109,109,3,5.5,8.5,5,8.6,37.17,41,2.47,Clouds,overcast clouds
2026-07-26 12:02:10,Mumbai,Maharashtra,19.076,72.8777,158,158,,,,,,28.74,78,7.49,Rain,moderate rain
2026-07-26 12:02:10,Bangalore,Karnataka,12.9716,77.5946,53,53,27,2.9,11.2,4.1,5,25.95,72,1.34,Clouds,overcast clouds
2026-07-26 12:02:10,Kolkata,West Bengal,22.5726,88.3639,172,172,,,,,,30.96,68,6.52,Rain,moderate rain
2026-07-26 12:02:10,Chennai,Tamil Nadu,13.0827,80.2707,46,46,,,,,,34.89,57,0.45,Clouds,overcast clouds
2026-07-26 12:02:10,Hyderabad,Telangana,17.385,78.4867,93,93,,,,,,32.04,46,7.69,Clouds,broken clouds
2026-07-26 12:02:10,Pune,Maharashtra,18.5204,73.8567,232,232,138,51,198,,61,26.3,70,4.19,Clouds,overcast clouds
2026-07-26 12:02:10,Lucknow,Uttar Pradesh,26.8467,80.9462,128,128,91,10.8,3,3.4,28.4,37.36,40,2.43,Clear,clear sky
2026-07-26 12:02:10,Patna,Bihar,25.5941,85.1376,21,107,,1,0.5,0.6,20.9,36.93,41,3.63,Clouds,broken clouds
2026-07-26 12:02:10,Ahmedabad,Gujarat,23.0225,72.5714,108,108,68,0.2,7.3,48.2,11.2,28.98,75,6.21,Rain,light rain
2026-07-26 12:02:10,Jaipur,Rajasthan,26.9124,75.7873,129,129,78,18.8,9.6,10.1,11.3,32.77,53,3.49,Clouds,overcast clouds
2026-07-26 12:02:10,Chandigarh,Chandigarh,30.7333,76.7794,34,13,6,2.8,1,3.1,33.8,36.28,42,1.84,Clear,clear sky
2026-07-26 12:02:10,Bhopal,Madhya Pradesh,23.2599,77.4126,50,50,37,5,5.3,6.1,22,29.41,67,5.05,Rain,light rain
2026-07-26 12:02:10,Kanpur,Uttar Pradesh,26.4499,80.3319,150,150,86,6.3,9.9,0.4,5.4,35.82,46,1.36,Clouds,broken clouds
2026-07-26 12:02:10,Guwahati,Assam,26.1445,91.7362,49,13,11,2.8,2.8,2.6,49.2,32.27,64,2.26,Rain,light rain
2026-07-26 12:02:10,Itanagar,Arunachal Pradesh,27.0844,93.6053,49,13,6,2.8,2.8,2.6,49.2,33.89,60,2.69,Clouds,overcast clouds
2026-07-26 12:02:10,Dispur,Assam,26.1433,91.7898,49,13,11,2.8,2.8,2.6,49.2,33.34,65,2.22,Rain,light rain
2026-07-26 12:02:10,Raipur,Chhattisgarh,21.2514,81.6296,113,113,90,3,3.4,0.5,16.8,34.34,47,5.54,Rain,light rain
2026-07-26 12:02:10,Gandhinagar,Gujarat,23.2156,72.6369,76,60,76,3.2,3.4,0.5,0.9,29.61,75,6.17,Rain,light rain
2026-07-26 12:02:10,Shimla,Himachal Pradesh,31.1048,77.1734,34,13,6,2.8,1,3.1,33.8,22.09,76,2.33,Rain,moderate rain
2026-07-26 12:02:10,Thiruvananthapuram,Kerala,8.5241,76.9366,69,69,,,,,,30.83,57,6.82,Clear,clear sky
2026-07-26 12:02:10,Imphal,Manipur,24.817,93.9368,38,38,9,5.5,2.3,4.1,34.2,29.21,65,0.93,Rain,light rain
2026-07-26 12:02:10,Shillong,Meghalaya,25.5788,91.8933,49,13,11,2.8,2.8,2.6,49.2,23.61,87,1.23,Rain,moderate rain
2026-07-26 12:02:10,Aizawl,Mizoram,23.7271,92.7176,17,13,17,0.6,0.5,5.8,2.3,25.11,84,1.13,Rain,moderate rain
2026-07-26 12:02:10,Kohima,Nagaland,25.6751,94.1086,38,38,9,5.5,2.3,4.1,34.2,25.95,73,1.51,Rain,moderate rain
2026-07-26 12:02:10,Gangtok,Sikkim,27.3389,88.6065,69,69,48,0.7,2.5,0.4,4.3,24.91,87,1.99,Rain,light rain
2026-07-26 12:02:10,Agartala,Tripura,23.8315,91.2868,114,114,68,3.5,6.3,2.9,5.8,31.74,65,4.18,Rain,light rain
2026-07-26 12:02:10,Dehradun,Uttarakhand,30.3165,78.0322,34,13,6,2.8,1,3.1,33.8,32.65,56,2.63,Rain,light rain
2026-07-26 12:02:10,Port Blair,Andaman and Nicobar Islands,11.6234,92.7265,23,23,,,1.8,0.6,,28.89,77,9.46,Rain,light rain
2026-07-26 12:02:10,Daman,Dadra and Nagar Haveli and Daman and Diu,20.3974,72.8328,89,89,64,,5.6,6.7,2.9,28.37,85,7.25,Rain,moderate rain
2026-07-26 12:02:10,Srinagar,Jammu and Kashmir,34.0837,74.7973,322,244,322,2.8,1.9,2.1,39,24.47,69,0.45,Clouds,broken clouds
2026-07-26 12:02:10,Leh,Ladakh,34.1526,77.5771,34,13,6,2.8,1,3.1,33.8,21.52,41,2.39,Clouds,broken clouds
2026-07-26 12:02:10,Puducherry,Puducherry,11.9416,79.8083,44,44,30,3.4,4.6,3.9,17.7,35.18,45,4.45,Clouds,overcast clouds
2026-07-26 12:13:00,Delhi,Delhi,28.6139,77.209,109,109,3,5.5,8.5,5,8.6,36.81,42,2.47,Clouds,overcast clouds
2026-07-26 12:13:00,Mumbai,Maharashtra,19.076,72.8777,158,158,,,,,,28.96,78,7.49,Rain,moderate rain
2026-07-26 12:13:00,Bangalore,Karnataka,12.9716,77.5946,53,53,27,2.9,11.2,4.1,5,30.81,45,8.45,Clouds,overcast clouds
2026-07-26 12:13:00,Kolkata,West Bengal,22.5726,88.3639,172,172,,,,,,31.22,67,6.52,Rain,moderate rain
2026-07-26 12:13:00,Chennai,Tamil Nadu,13.0827,80.2707,46,46,,,,,,34.89,56,1.34,Clouds,overcast clouds
2026-07-26 12:13:00,Hyderabad,Telangana,17.385,78.4867,93,93,,,,,,31.59,48,7.69,Clouds,broken clouds
2026-07-26 12:13:00,Pune,Maharashtra,18.5204,73.8567,232,232,138,51,198,,61,26.85,69,4.19,Clouds,overcast clouds
2026-07-26 12:13:00,Lucknow,Uttar Pradesh,26.8467,80.9462,128,128,91,10.8,3,3.4,28.4,37.19,40,2.43,Clear,clear sky
2026-07-26 12:13:00,Patna,Bihar,25.5941,85.1376,21,107,,1,0.5,0.6,20.9,36.87,40,3.63,Clouds,broken clouds
2026-07-26 12:13:00,Ahmedabad,Gujarat,23.0225,72.5714,108,108,68,0.2,7.3,48.2,11.2,30.11,69,6.21,Rain,light rain
2026-07-26 12:13:00,Jaipur,Rajasthan,26.9124,75.7873,129,129,78,18.8,9.6,10.1,11.3,33.22,51,3.49,Clouds,overcast clouds
2026-07-26 12:13:00,Chandigarh,Chandigarh,30.7333,76.7794,34,13,6,2.8,1,3.1,33.8,36.61,40,1.84,Clear,clear sky
2026-07-26 12:13:00,Bhopal,Madhya Pradesh,23.2599,77.4126,50,50,37,5,5.3,6.1,22,28.71,69,5.05,Rain,light rain
2026-07-26 12:13:00,Kanpur,Uttar Pradesh,26.4499,80.3319,150,150,86,6.3,9.9,0.4,5.4,36.28,45,1.36,Clouds,broken clouds
2026-07-26 12:13:00,Guwahati,Assam,26.1445,91.7362,49,13,11,2.8,2.8,2.6,49.2,31.81,70,2.26,Rain,light rain
2026-07-26 12:13:00,Itanagar,Arunachal Pradesh,27.0844,93.6053,49,13,6,2.8,2.8,2.6,49.2,34.57,58,2.69,Clouds,overcast clouds
2026-07-26 12:13:00,Dispur,Assam,26.1433,91.7898,49,13,11,2.8,2.8,2.6,49.2,33.02,70,2.22,Rain,light rain
2026-07-26 12:13:00,Raipur,Chhattisgarh,21.2514,81.6296,113,113,90,3,3.4,0.5,16.8,33,52,5.54,Rain,light rain
2026-07-26 12:13:00,Gandhinagar,Gujarat,23.2156,72.6369,76,60,76,3.2,3.4,0.5,0.9,30.2,71,6.17,Rain,light rain
2026-07-26 12:13:00,Shimla,Himachal Pradesh,31.1048,77.1734,34,13,6,2.8,1,3.1,33.8,22.98,72,2.33,Rain,moderate rain
2026-07-26 12:13:00,Thiruvananthapuram,Kerala,8.5241,76.9366,69,69,,,,,,30.88,57,6.82,Clear,clear sky
2026-07-26 12:13:00,Imphal,Manipur,24.817,93.9368,38,38,9,5.5,2.3,4.1,34.2,28.72,71,0.93,Rain,light rain
2026-07-26 12:13:00,Shillong,Meghalaya,25.5788,91.8933,49,13,11,2.8,2.8,2.6,49.2,24.02,85,1.23,Rain,moderate rain
2026-07-26 12:13:00,Aizawl,Mizoram,23.7271,92.7176,17,13,17,0.6,0.5,5.8,2.3,24.79,88,1.13,Rain,moderate rain
2026-07-26 12:13:00,Kohima,Nagaland,25.6751,94.1086,38,38,9,5.5,2.3,4.1,34.2,26.38,75,1.51,Rain,moderate rain
2026-07-26 12:13:00,Gangtok,Sikkim,27.3389,88.6065,69,69,48,0.7,2.5,0.4,4.3,25.77,84,1.99,Rain,light rain
2026-07-26 12:13:00,Agartala,Tripura,23.8315,91.2868,114,114,68,3.5,6.3,2.9,5.8,31.13,72,4.18,Rain,light rain
2026-07-26 12:13:00,Dehradun,Uttarakhand,30.3165,78.0322,34,13,6,2.8,1,3.1,33.8,32.66,55,2.63,Rain,light rain
2026-07-26 12:13:00,Port Blair,Andaman and Nicobar Islands,11.6234,92.7265,23,23,,,1.8,0.6,,28.98,77,9.46,Rain,light rain
2026-07-26 12:13:00,Daman,Dadra and Nagar Haveli and Daman and Diu,20.3974,72.8328,89,89,64,,5.6,6.7,2.9,28.72,83,7.25,Rain,moderate rain
2026-07-26 12:13:00,Srinagar,Jammu and Kashmir,34.0837,74.7973,322,244,322,2.8,1.9,2.1,39,24.47,70,0.99,Clouds,broken clouds
2026-07-26 12:13:00,Leh,Ladakh,34.1526,77.5771,34,13,6,2.8,1,3.1,33.8,21.78,41,2.39,Clouds,broken clouds
2026-07-26 12:13:00,Puducherry,Puducherry,11.9416,79.8083,44,44,30,3.4,4.6,3.9,17.7,35.18,45,4.45,Clouds,overcast clouds
2026-07-26 14:50:10,Delhi,Delhi,28.6139,77.209,109,109,3,5.5,8.5,5,8.6,36.48,41,2.29,Clouds,overcast clouds
2026-07-26 14:50:10,Mumbai,Maharashtra,19.076,72.8777,158,158,,,,,,29.18,76,8.46,Rain,moderate rain
2026-07-26 14:50:10,Bangalore,Karnataka,12.9716,77.5946,53,53,27,2.9,11.2,4.1,5,28.25,57,8.13,Clouds,overcast clouds
2026-07-26 14:50:10,Kolkata,West Bengal,22.5726,88.3639,172,172,,,,,,30.57,71,7.25,Clouds,overcast clouds
2026-07-26 14:50:10,Chennai,Tamil Nadu,13.0827,80.2707,46,46,,,,,,36.98,52,0.45,Clouds,overcast clouds
2026-07-26 14:50:10,Hyderabad,Telangana,17.385,78.4867,93,93,,,,,,30.33,52,7.9,Clouds,overcast clouds
2026-07-26 14:50:10,Pune,Maharashtra,18.5204,73.8567,232,232,138,51,198,,61,27.33,60,4.96,Rain,light rain
2026-07-26 14:50:10,Lucknow,Uttar Pradesh,26.8467,80.9462,128,128,91,10.8,3,3.4,28.4,38.72,35,2.11,Clouds,scattered clouds
2026-07-26 14:50:10,Patna,Bihar,25.5941,85.1376,21,107,,1,0.5,0.6,20.9,36.93,40,3.98,Clouds,broken clouds
2026-07-26 14:50:10,Ahmedabad,Gujarat,23.0225,72.5714,108,108,68,0.2,7.3,48.2,11.2,31.46,64,6.18,Rain,moderate rain
2026-07-26 14:50:10,Jaipur,Rajasthan,26.9124,75.7873,129,129,78,18.8,9.6,10.1,11.3,35.01,45,3.27,Clouds,overcast clouds
2026-07-26 14:50:10,Chandigarh,Chandigarh,30.7333,76.7794,33,13,6,1.9,0.5,3.1,33.3,37.97,36,1.75,Clouds,scattered clouds
2026-07-26 14:50:10,Bhopal,Madhya Pradesh,23.2599,77.4126,50,50,37,5,5.3,6.1,22,29.6,67,6.7,Rain,light rain
2026-07-26 14:50:10,Kanpur,Uttar Pradesh,26.4499,80.3319,150,150,86,6.3,9.9,0.4,5.4,35.36,47,0.86,Clouds,overcast clouds
2026-07-26 14:50:10,Guwahati,Assam,26.1445,91.7362,48,13,8,1.9,2.8,2.6,48,31.4,74,2.26,Rain,light rain
2026-07-26 14:50:10,Itanagar,Arunachal Pradesh,27.0844,93.6053,50,13,6,2.8,2.8,2.6,49.6,32.96,67,2.32,Rain,light rain
2026-07-26 14:50:10,Dispur,Assam,26.1433,91.7898,48,13,8,1.9,2.8,2.6,48,32.21,76,2.18,Rain,light rain
2026-07-26 14:50:10,Raipur,Chhattisgarh,21.2514,81.6296,113,113,90,3,3.4,0.5,16.8,33.37,51,5,Clouds,overcast clouds
2026-07-26 14:50:10,Gandhinagar,Gujarat,23.2156,72.6369,76,60,76,3.2,3.4,0.5,0.9,31.08,68,5.77,Rain,moderate rain
2026-07-26 14:50:10,Shimla,Himachal Pradesh,31.1048,77.1734,33,13,6,1.9,0.5,3.1,33.3,22.63,75,1.97,Rain,moderate rain
2026-07-26 14:50:10,Thiruvananthapuram,Kerala,8.5241,76.9366,79,79,,,,,,30.23,60,6.57,Clouds,scattered clouds
2026-07-26 14:50:10,Imphal,Manipur,24.817,93.9368,46,46,11,4.6,1.9,4.1,37,28.47,74,1.38,Rain,moderate rain
2026-07-26 14:50:10,Shillong,Meghalaya,25.5788,91.8933,48,13,8,1.9,2.8,2.6,48,23.72,87,1.04,Rain,moderate rain
2026-07-26 14:50:10,Aizawl,Mizoram,23.7271,92.7176,17,13,17,0.6,0.5,5.8,2.3,24.29,90,1.33,Rain,moderate rain
2026-07-26 14:50:10,Kohima,Nagaland,25.6751,94.1086,46,46,11,4.6,1.9,4.1,37,24.15,90,0.73,Rain,moderate rain
2026-07-26 14:50:10,Gangtok,Sikkim,27.3389,88.6065,69,69,48,0.7,2.5,0.4,4.3,25.85,86,1.67,Clouds,overcast clouds
2026-07-26 14:50:10,Agartala,Tripura,23.8315,91.2868,114,114,68,3.5,6.3,2.9,5.8,30.23,77,4.05,Clouds,broken clouds
2026-07-26 14:50:10,Dehradun,Uttarakhand,30.3165,78.0322,33,13,6,1.9,0.5,3.1,33.3,32.13,59,2.14,Rain,light rain
2026-07-26 14:50:10,Port Blair,Andaman and Nicobar Islands,11.6234,92.7265,23,23,,,2.4,0.6,,28.97,76,9.39,Clouds,overcast clouds
2026-07-26 14:50:10,Daman,Dadra and Nagar Haveli and Daman and Diu,20.3974,72.8328,89,89,64,,5.6,6.7,2.9,28.85,83,8.07,Rain,moderate rain
2026-07-26 14:50:10,Srinagar,Jammu and Kashmir,34.0837,74.7973,671,364,671,2.8,1,2.1,41.5,28.92,54,0.9,Clouds,broken clouds
2026-07-26 14:50:10,Leh,Ladakh,34.1526,77.5771,33,13,6,1.9,0.5,3.1,33.3,23.82,33,2.64,Clouds,broken clouds
2026-07-26 14:50:10,Puducherry,Puducherry,11.9416,79.8083,44,44,30,3.4,4.6,3.9,17.7,37.96,45,3.67,Clouds,overcast clouds
2026-07-26 16:34:52,Delhi,Delhi,28.6139,77.209,109,109,3,5.5,8.5,5,8.6,37.2,38,1.9,Clouds,overcast clouds
2026-07-26 16:34:52,Mumbai,Maharashtra,19.076,72.8777,158,158,,,,,,29.3,77,8.14,Rain,light rain
2026-07-26 16:34:52,Bangalore,Karnataka,12.9716,77.5946,53,53,27,2.9,11.2,4.1,5,27.65,66,0.89,Clouds,overcast clouds
2026-07-26 16:34:52,Kolkata,West Bengal,22.5726,88.3639,172,172,,,,,,29.6,73,6.51,Clouds,overcast clouds
2026-07-26 16:34:52,Chennai,Tamil Nadu,13.0827,80.2707,46,46,,,,,,34.89,59,1.34,Clouds,overcast clouds
2026-07-26 16:34:52,Hyderabad,Telangana,17.385,78.4867,93,93,,,,,,31.25,49,7.38,Clouds,overcast clouds
2026-07-26 16:34:52,Pune,Maharashtra,18.5204,73.8567,232,232,138,51,198,,61,27.1,62,6.74,Clouds,overcast clouds
2026-07-26 16:34:52,Lucknow,Uttar Pradesh,26.8467,80.9462,128,128,91,10.8,3,3.4,28.4,37.63,38,1.86,Clouds,scattered clouds
2026-07-26 16:34:52,Patna,Bihar,25.5941,85.1376,21,107,,1,0.5,0.6,20.9,35.98,43,4.4,Clouds,broken clouds
2026-07-26 16:34:52,Ahmedabad,Gujarat,23.0225,72.5714,108,108,68,0.2,7.3,48.2,11.2,31.92,62,5.86,Rain,light rain
2026-07-26 16:34:52,Jaipur,Rajasthan,26.9124,75.7873,129,129,78,18.8,9.6,10.1,11.3,33.19,50,3.07,Clouds,overcast clouds
2026-07-26 16:34:52,Chandigarh,Chandigarh,30.7333,76.7794,33,13,6,1.9,0.5,3.1,33.3,36.78,40,1.42,Clouds,broken clouds
2026-07-26 16:34:52,Bhopal,Madhya Pradesh,23.2599,77.4126,50,50,37,5,5.3,6.1,22,29.62,65,4.87,Clouds,overcast clouds
2026-07-26 16:34:52,Kanpur,Uttar Pradesh,26.4499,80.3319,150,150,86,6.3,9.9,0.4,5.4,35.01,49,2.25,Clouds,overcast clouds
2026-07-26 16:34:52,Guwahati,Assam,26.1445,91.7362,54,13,7,1.9,3.2,2.6,53.9,30.21,82,1.98,Rain,light rain
2026-07-26 16:34:52,Itanagar,Arunachal Pradesh,27.0844,93.6053,55,13,6,2.8,2.8,2.6,55.2,32.42,71,1.96,Clouds,broken clouds
2026-07-26 16:34:52,Dispur,Assam,26.1433,91.7898,54,13,7,1.9,3.2,2.6,53.9,31.11,83,1.78,Rain,light rain
2026-07-26 16:34:52,Raipur,Chhattisgarh,21.2514,81.6296,113,113,90,3,3.4,0.5,16.8,31.41,59,4.85,Clouds,overcast clouds
2026-07-26 16:34:52,Gandhinagar,Gujarat,23.2156,72.6369,76,60,76,3.2,3.4,0.5,0.9,31.43,65,5.62,Rain,light rain
2026-07-26 16:34:52,Shimla,Himachal Pradesh,31.1048,77.1734,33,13,6,1.9,0.5,3.1,33.3,22.83,74,1.46,Rain,light rain
2026-07-26 16:34:52,Thiruvananthapuram,Kerala,8.5241,76.9366,25,25,,,,,,29.1,64,6.5,Clouds,broken clouds
2026-07-26 16:34:52,Imphal,Manipur,24.817,93.9368,46,46,11,4.6,1.9,4.6,40.3,26.9,86,0.61,Rain,moderate rain
2026-07-26 16:34:52,Shillong,Meghalaya,25.5788,91.8933,54,13,7,1.9,3.2,2.6,53.9,22.68,91,1.54,Rain,light rain
2026-07-26 16:34:52,Aizawl,Mizoram,23.7271,92.7176,17,13,17,0.6,0.5,5.8,2.3,22.33,97,0.96,Clouds,overcast clouds
2026-07-26 16:34:52,Kohima,Nagaland,25.6751,94.1086,46,46,11,4.6,1.9,4.6,40.3,23.53,93,0.4,Clouds,overcast clouds
2026-07-26 16:34:52,Gangtok,Sikkim,27.3389,88.6065,69,69,48,0.7,2.5,0.4,4.3,25.47,84,1.32,Rain,light rain
2026-07-26 16:34:52,Agartala,Tripura,23.8315,91.2868,114,114,68,3.5,6.3,2.9,5.8,29.56,80,4.63,Rain,light rain
2026-07-26 16:34:52,Dehradun,Uttarakhand,30.3165,78.0322,33,13,6,1.9,0.5,3.1,33.3,30.01,72,0.93,Rain,light rain
2026-07-26 16:34:52,Port Blair,Andaman and Nicobar Islands,11.6234,92.7265,20,20,,,2.4,0.6,,28.51,80,8.96,Rain,light rain
2026-07-26 16:34:52,Daman,Dadra and Nagar Haveli and Daman and Diu,20.3974,72.8328,89,89,64,,5.6,6.7,2.9,28.31,85,8.3,Clouds,broken clouds
2026-07-26 16:34:52,Srinagar,Jammu and Kashmir,34.0837,74.7973,389,223,389,2.8,1.4,3.1,43.5,28.92,59,0.45,Clouds,scattered clouds
2026-07-26 16:34:52,Leh,Ladakh,34.1526,77.5771,33,13,6,1.9,0.5,3.1,33.3,24.34,31,4.02,Clouds,broken clouds
2026-07-26 16:34:52,Puducherry,Puducherry,11.9416,79.8083,44,44,30,3.4,4.6,3.9,17.7,32.04,64,7.78,Clouds,overcast clouds
2026-07-26 18:10:42,Delhi,Delhi,28.6139,77.209,109,109,3,5.5,8.5,5,8.6,36.08,42,2.5,Clouds,overcast clouds
2026-07-26 18:10:42,Mumbai,Maharashtra,19.076,72.8777,158,158,,,,,,28.78,78,6.78,Rain,moderate rain
2026-07-26 18:10:42,Bangalore,Karnataka,12.9716,77.5946,53,53,27,2.9,11.2,4.1,5,27.46,64,0.89,Clouds,overcast clouds
2026-07-26 18:10:42,Kolkata,West Bengal,22.5726,88.3639,172,172,,,,,,27.3,84,5.3,Clouds,overcast clouds
2026-07-26 18:10:42,Chennai,Tamil Nadu,13.0827,80.2707,46,46,,,,,,31.69,73,2.24,Clouds,overcast clouds
2026-07-26 18:10:42,Hyderabad,Telangana,17.385,78.4867,93,93,,,,,,29.4,56,5.48,Clouds,overcast clouds
2026-07-26 18:10:42,Pune,Maharashtra,18.5204,73.8567,232,232,138,51,198,,61,27.1,63,5.31,Clouds,overcast clouds
2026-07-26 18:10:42,Lucknow,Uttar Pradesh,26.8467,80.9462,128,128,91,10.8,3,3.4,28.4,35.11,48,3.47,Clouds,overcast clouds
2026-07-26 18:10:42,Patna,Bihar,25.5941,85.1376,21,107,,1,0.5,0.6,20.9,34.8,47,3.57,Clear,clear sky
2026-07-26 18:10:42,Ahmedabad,Gujarat,23.0225,72.5714,108,108,68,0.2,7.3,48.2,11.2,31.29,65,4.35,Rain,light rain
2026-07-26 18:10:42,Jaipur,Rajasthan,26.9124,75.7873,129,129,78,18.8,9.6,10.1,11.3,32.78,53,2.81,Clouds,overcast clouds
2026-07-26 18:10:42,Chandigarh,Chandigarh,30.7333,76.7794,34,34,24,2.8,1.9,3.1,30.1,34.39,48,1.41,Clouds,overcast clouds
2026-07-26 18:10:42,Bhopal,Madhya Pradesh,23.2599,77.4126,50,50,37,5,5.3,6.1,22,27.89,75,3.64,Rain,light rain
2026-07-26 18:10:42,Kanpur,Uttar Pradesh,26.4499,80.3319,150,150,86,6.3,9.9,0.4,5.4,33.99,55,2.07,Clouds,overcast clouds
2026-07-26 18:10:42,Guwahati,Assam,26.1445,91.7362,46,13,6,2.8,3.7,2.1,46.3,27.33,91,1.79,Clouds,overcast clouds
2026-07-26 18:10:42,Itanagar,Arunachal Pradesh,27.0844,93.6053,48,13,10,2.8,3.7,2.6,47.6,28.02,91,1.01,Rain,light rain
2026-07-26 18:10:42,Dispur,Assam,26.1433,91.7898,46,13,6,2.8,3.7,2.1,46.3,28.29,92,1.67,Clouds,overcast clouds
2026-07-26 18:10:42,Raipur,Chhattisgarh,21.2514,81.6296,113,113,90,3,3.4,0.5,16.8,30.86,62,5.14,Rain,light rain
2026-07-26 18:10:42,Gandhinagar,Gujarat,23.2156,72.6369,76,60,76,3.2,3.4,0.5,0.9,30.03,72,4.4,Rain,moderate rain
2026-07-26 18:10:42,Shimla,Himachal Pradesh,31.1048,77.1734,34,34,24,2.8,1.9,3.1,30.1,21.65,83,1.06,Rain,light rain
2026-07-26 18:10:42,Thiruvananthapuram,Kerala,8.5241,76.9366,38,38,,,,,,26.64,79,5.3,Clouds,broken clouds
2026-07-26 18:10:42,Imphal,Manipur,24.817,93.9368,22,13,11,4.6,2.8,4.1,22.4,23.62,90,1.06,Clear,clear sky
2026-07-26 18:10:42,Shillong,Meghalaya,25.5788,91.8933,46,13,6,2.8,3.7,2.1,46.3,20.27,96,1.67,Rain,light rain
2026-07-26 18:10:42,Aizawl,Mizoram,23.7271,92.7176,17,13,17,0.6,0.5,5.8,2.3,20.36,99,1.32,Clouds,overcast clouds
2026-07-26 18:10:42,Kohima,Nagaland,25.6751,94.1086,22,13,11,4.6,2.8,4.1,22.4,19.99,96,1.85,Clear,clear sky
2026-07-26 18:10:42,Gangtok,Sikkim,27.3389,88.6065,69,69,48,0.7,2.5,0.4,4.3,22.6,95,0.26,Rain,light rain
2026-07-26 18:10:42,Agartala,Tripura,23.8315,91.2868,114,114,68,3.5,6.3,2.9,5.8,26.65,87,3.78,Rain,light rain
2026-07-26 18:10:42,Dehradun,Uttarakhand,30.3165,78.0322,34,34,24,2.8,1.9,3.1,30.1,28.76,79,0.58,Clouds,overcast clouds
2026-07-26 18:10:42,Port Blair,Andaman and Nicobar Islands,11.6234,92.7265,20,20,,,2.4,0.6,,28.08,82,8.74,Rain,light rain
2026-07-26 18:10:42,Daman,Dadra and Nagar Haveli and Daman and Diu,20.3974,72.8328,89,89,64,,5.6,6.7,2.9,28,85,7.54,Rain,light rain
2026-07-26 18:10:42,Srinagar,Jammu and Kashmir,34.0837,74.7973,245,233,245,2.8,1.9,2.6,43.5,25.59,68,0.89,Clear,clear sky
2026-07-26 18:10:42,Leh,Ladakh,34.1526,77.5771,34,34,24,2.8,1.9,3.1,30.1,23.8,32,3.72,Clouds,broken clouds
2026-07-26 18:10:42,Puducherry,Puducherry,11.9416,79.8083,44,44,30,3.4,4.6,3.9,17.7,31.85,75,8.56,Clouds,overcast clouds
2026-07-26 19:24:49,Delhi,Delhi,28.6139,77.209,109,109,3,5.5,8.5,5,8.6,35.52,43,2.27,Clouds,overcast clouds
2026-07-26 19:24:49,Mumbai,Maharashtra,19.076,72.8777,158,158,,,,,,28.24,81,7.08,Rain,moderate rain
2026-07-26 19:24:49,Bangalore,Karnataka,12.9716,77.5946,53,53,27,2.9,11.2,4.1,5,25.83,67,0.89,Clouds,overcast clouds
2026-07-26 19:24:49,Kolkata,West Bengal,22.5726,88.3639,172,172,,,,,,27.26,85,5.33,Clouds,overcast clouds
2026-07-26 19:24:49,Chennai,Tamil Nadu,13.0827,80.2707,46,46,,,,,,31.35,73,1.79,Clouds,overcast clouds
2026-07-26 19:24:49,Hyderabad,Telangana,17.385,78.4867,93,93,,,,,,28.88,58,4.43,Rain,light rain
2026-07-26 19:24:49,Pune,Maharashtra,18.5204,73.8567,232,232,138,51,198,,61,24.63,81,4.04,Clouds,overcast clouds
2026-07-26 19:24:49,Lucknow,Uttar Pradesh,26.8467,80.9462,128,128,91,10.8,3,3.4,28.4,34.95,48,2.81,Clouds,overcast clouds
2026-07-26 19:24:49,Patna,Bihar,25.5941,85.1376,21,107,,1,0.5,0.6,20.9,34.52,47,3.38,Clear,clear sky
2026-07-26 19:24:49,Ahmedabad,Gujarat,23.0225,72.5714,108,108,68,0.2,7.3,48.2,11.2,30.15,69,4.02,Rain,light rain
2026-07-26 19:24:49,Jaipur,Rajasthan,26.9124,75.7873,129,129,78,18.8,9.6,10.1,11.3,32.34,53,2.24,Clouds,overcast clouds
2026-07-26 19:24:49,Chandigarh,Chandigarh,30.7333,76.7794,34,34,17,3.7,8.3,3.1,22,33.54,50,1.36,Rain,light rain
2026-07-26 19:24:49,Bhopal,Madhya Pradesh,23.2599,77.4126,50,50,37,5,5.3,6.1,22,26.66,80,2.95,Rain,light rain
2026-07-26 19:24:49,Kanpur,Uttar Pradesh,26.4499,80.3319,150,150,86,6.3,9.9,0.4,5.4,33.56,55,1.45,Clouds,overcast clouds
2026-07-26 19:24:49,Guwahati,Assam,26.1445,91.7362,47,25,7,2.8,4.2,2.1,47.2,27.02,90,1.76,Clouds,overcast clouds
2026-07-26 19:24:49,Itanagar,Arunachal Pradesh,27.0844,93.6053,44,25,13,2.8,6,2.6,43.9,26.95,95,1.47,Rain,light rain
2026-07-26 19:24:49,Dispur,Assam,26.1433,91.7898,47,25,7,2.8,4.2,2.1,47.2,27.98,91,1.67,Clouds,overcast clouds
2026-07-26 19:24:49,Raipur,Chhattisgarh,21.2514,81.6296,113,113,90,3,3.4,0.5,16.8,29.62,69,4.97,Rain,light rain
2026-07-26 19:24:49,Gandhinagar,Gujarat,23.2156,72.6369,76,60,76,3.2,3.4,0.5,0.9,28.79,77,3.45,Rain,light rain
2026-07-26 19:24:49,Shimla,Himachal Pradesh,31.1048,77.1734,34,34,17,3.7,8.3,3.1,22,19.65,87,0.38,Rain,light rain
2026-07-26 19:24:49,Thiruvananthapuram,Kerala,8.5241,76.9366,38,38,,,,,,26.14,82,4.84,Clouds,broken clouds
2026-07-26 19:24:49,Imphal,Manipur,24.817,93.9368,50,50,11,4.6,2.8,4.1,19.1,22.29,94,1.07,Clear,clear sky
2026-07-26 19:24:49,Shillong,Meghalaya,25.5788,91.8933,47,25,7,2.8,4.2,2.1,47.2,19.55,97,1.67,Rain,heavy intensity rain
2026-07-26 19:24:49,Aizawl,Mizoram,23.7271,92.7176,17,13,17,0.6,0.5,5.8,2.3,20.01,98,1.45,Rain,light rain
2026-07-26 19:24:49,Kohima,Nagaland,25.6751,94.1086,50,50,11,4.6,2.8,4.1,19.1,19.3,97,2.08,Clear,clear sky
2026-07-26 19:24:49,Gangtok,Sikkim,27.3389,88.6065,69,69,48,0.7,2.5,0.4,4.3,22.21,94,0.36,Rain,light rain
2026-07-26 19:24:49,Agartala,Tripura,23.8315,91.2868,114,114,68,3.5,6.3,2.9,5.8,25.97,93,3.6,Rain,light rain
2026-07-26 19:24:49,Dehradun,Uttarakhand,30.3165,78.0322,34,34,17,3.7,8.3,3.1,22,26.92,83,1.02,Clouds,overcast clouds
2026-07-26 19:24:49,Port Blair,Andaman and Nicobar Islands,11.6234,92.7265,20,20,,,2.4,0.6,,28.2,83,9.12,Rain,light rain
2026-07-26 19:24:49,Daman,Dadra and Nagar Haveli and Daman and Diu,20.3974,72.8328,89,89,64,,5.6,6.7,2.9,27.88,87,7.2,Rain,light rain
2026-07-26 19:24:49,Srinagar,Jammu and Kashmir,34.0837,74.7973,359,254,359,2.8,2.8,2.6,41.1,23.92,75,1.65,Clear,clear sky
2026-07-26 19:24:49,Leh,Ladakh,34.1526,77.5771,34,34,17,3.7,8.3,3.1,22,23.04,34,3.53,Clouds,broken clouds
2026-07-26 19:24:49,Puducherry,Puducherry,11.9416,79.8083,44,44,30,3.4,4.6,3.9,17.7,29.62,77,8.52,Clouds,overcast clouds
2026-07-26 20:11:52,Delhi,Delhi,28.6139,77.209,109,109,3,5.5,8.5,5,8.6,35.21,43,2.4,Clouds,broken clouds
2026-07-26 20:11:52,Mumbai,Maharashtra,19.076,72.8777,158,158,,,,,,27.98,82,7.3,Rain,moderate rain
2026-07-26 20:11:52,Bangalore,Karnataka,12.9716,77.5946,53,53,27,2.9,11.2,4.1,5,25.28,71,0.45,Clouds,overcast clouds
2026-07-26 20:11:52,Kolkata,West Bengal,22.5726,88.3639,172,172,,,,,,26.98,86,5.12,Clouds,overcast clouds
2026-07-26 20:11:52,Chennai,Tamil Nadu,13.0827,80.2707,46,46,,,,,,31.24,74,1.79,Clouds,overcast clouds
2026-07-26 20:11:52,Hyderabad,Telangana,17.385,78.4867,93,93,,,,,,28.69,58,5.83,Rain,light rain
2026-07-26 20:11:52,Pune,Maharashtra,18.5204,73.8567,232,232,138,51,198,,61,24.63,74,3.44,Clouds,overcast clouds
2026-07-26 20:11:52,Lucknow,Uttar Pradesh,26.8467,80.9462,128,128,91,10.8,3,3.4,28.4,34.59,50,2.89,Clouds,overcast clouds
2026-07-26 20:11:52,Patna,Bihar,25.5941,85.1376,21,107,,1,0.5,0.6,20.9,34.09,49,3.24,Clear,clear sky
2026-07-26 20:11:52,Ahmedabad,Gujarat,23.0225,72.5714,108,108,68,0.2,7.3,48.2,11.2,29.73,71,3.81,Rain,light rain
2026-07-26 20:11:52,Jaipur,Rajasthan,26.9124,75.7873,129,129,78,18.8,9.6,10.1,11.3,32.21,54,1.7,Clouds,overcast clouds
2026-07-26 20:11:52,Chandigarh,Chandigarh,30.7333,76.7794,27,13,16,2.8,3.7,3.1,26.9,33.15,52,2.1,Clouds,overcast clouds
2026-07-26 20:11:52,Bhopal,Madhya Pradesh,23.2599,77.4126,50,50,37,5,5.3,6.1,22,26.17,82,3,Rain,light rain
2026-07-26 20:11:52,Kanpur,Uttar Pradesh,26.4499,80.3319,150,150,86,6.3,9.9,0.4,5.4,33.43,55,0.94,Clouds,overcast clouds
2026-07-26 20:11:52,Guwahati,Assam,26.1445,91.7362,45,30,8,2.8,4.6,2.1,45.1,26.51,91,1.77,Rain,light rain
2026-07-26 20:11:52,Itanagar,Arunachal Pradesh,27.0844,93.6053,44,25,13,2.8,6,2.6,43.9,26.67,94,1.65,Rain,light rain
2026-07-26 20:11:52,Dispur,Assam,26.1433,91.7898,45,30,8,2.8,4.6,2.1,45.1,27.49,92,1.67,Rain,light rain
2026-07-26 20:11:52,Raipur,Chhattisgarh,21.2514,81.6296,113,113,90,3,3.4,0.5,16.8,29.02,71,5.21,Rain,moderate rain
2026-07-26 20:11:52,Gandhinagar,Gujarat,23.2156,72.6369,76,60,76,3.2,3.4,0.5,0.9,28.48,79,3.12,Clouds,overcast clouds
2026-07-26 20:11:52,Shimla,Himachal Pradesh,31.1048,77.1734,27,13,16,2.8,3.7,3.1,26.9,17.9,88,0.35,Clouds,overcast clouds
2026-07-26 20:11:52,Thiruvananthapuram,Kerala,8.5241,76.9366,58,58,,,,,,26.21,81,4.88,Clouds,broken clouds
2026-07-26 20:11:52,Imphal,Manipur,24.817,93.9368,55,55,11,4.6,2.8,4.1,17.5,22,96,0.82,Clouds,scattered clouds
2026-07-26 20:11:52,Shillong,Meghalaya,25.5788,91.8933,45,30,8,2.8,4.6,2.1,45.1,19.22,96,1.85,Clouds,overcast clouds
2026-07-26 20:11:52,Aizawl,Mizoram,23.7271,92.7176,17,13,17,0.6,0.5,5.8,2.3,19.66,98,1,Clouds,overcast clouds
2026-07-26 20:11:52,Kohima,Nagaland,25.6751,94.1086,55,55,11,4.6,2.8,4.1,17.5,19.16,96,2.03,Clouds,scattered clouds
2026-07-26 20:11:52,Gangtok,Sikkim,27.3389,88.6065,69,69,48,0.7,2.5,0.4,4.3,21.75,94,0.84,Rain,light rain
2026-07-26 20:11:52,Agartala,Tripura,23.8315,91.2868,114,114,68,3.5,6.3,2.9,5.8,25.68,95,2.65,Rain,light rain
2026-07-26 20:11:52,Dehradun,Uttarakhand,30.3165,78.0322,27,13,16,2.8,3.7,3.1,26.9,26.26,86,1.57,Clouds,overcast clouds
2026-07-26 20:11:52,Port Blair,Andaman and Nicobar Islands,11.6234,92.7265,20,20,,,2.4,0.6,,28.19,83,9,Rain,light rain
2026-07-26 20:11:52,Daman,Dadra and Nagar Haveli and Daman and Diu,20.3974,72.8328,89,89,64,,5.6,6.7,2.9,27.62,88,6.86,Rain,light rain
2026-07-26 20:11:52,Srinagar,Jammu and Kashmir,34.0837,74.7973,419,260,419,2.8,4.2,2.6,38.2,22.25,83,1.27,Clear,clear sky
2026-07-26 20:11:52,Leh,Ladakh,34.1526,77.5771,27,13,16,2.8,3.7,3.1,26.9,22.38,35,3.47,Clouds,broken clouds
2026-07-26 20:11:52,Puducherry,Puducherry,11.9416,79.8083,44,44,30,3.4,4.6,3.9,17.7,29.62,70,5.51,Clouds,overcast clouds
2026-07-26 21:38:42,Delhi,Delhi,28.6139,77.209,109,109,3,5.5,8.5,5,8.6,35.09,43,2.26,Clouds,broken clouds
2026-07-26 21:38:42,Mumbai,Maharashtra,19.076,72.8777,158,158,,,,,,28,82,7.18,Rain,moderate rain
2026-07-26 21:38:42,Bangalore,Karnataka,12.9716,77.5946,53,53,27,2.9,11.2,4.1,5,23.61,77,7.32,Clouds,overcast clouds
2026-07-26 21:38:42,Kolkata,West Bengal,22.5726,88.3639,172,172,,,,,,26.82,86,5.28,Clouds,overcast clouds
2026-07-26 21:38:42,Chennai,Tamil Nadu,13.0827,80.2707,46,46,,,,,,31.11,75,1.79,Clouds,overcast clouds
2026-07-26 21:38:42,Hyderabad,Telangana,17.385,78.4867,93,93,,,,,,28.09,61,5.49,Clouds,overcast clouds
2026-07-26 21:38:42,Pune,Maharashtra,18.5204,73.8567,232,232,138,51,198,,61,24.67,72,3.27,Clouds,overcast clouds
2026-07-26 21:38:42,Lucknow,Uttar Pradesh,26.8467,80.9462,128,128,91,10.8,3,3.4,28.4,34.4,51,2.95,Clouds,overcast clouds
2026-07-26 21:38:42,Patna,Bihar,25.5941,85.1376,21,107,,1,0.5,0.6,20.9,33.62,51,3.59,Clear,clear sky
2026-07-26 21:38:42,Ahmedabad,Gujarat,23.0225,72.5714,108,108,68,0.2,7.3,48.2,11.2,29.54,73,4.68,Rain,light rain
2026-07-26 21:38:42,Jaipur,Rajasthan,26.9124,75.7873,129,129,78,18.8,9.6,10.1,11.3,32.2,54,1.62,Clouds,overcast clouds
2026-07-26 21:38:42,Chandigarh,Chandigarh,30.7333,76.7794,33,13,11,2.8,1.4,3.1,32.5,32.61,54,2.78,Clouds,overcast clouds
2026-07-26 21:38:42,Bhopal,Madhya Pradesh,23.2599,77.4126,50,50,37,5,5.3,6.1,22,25.79,83,3.08,Clouds,broken clouds
2026-07-26 21:38:42,Kanpur,Uttar Pradesh,26.4499,80.3319,150,150,86,6.3,9.9,0.4,5.4,33.29,55,0.25,Clouds,overcast clouds
2026-07-26 21:38:42,Guwahati,Assam,26.1445,91.7362,32,30,9,2.8,12.8,2.6,32.1,25.9,93,1.8,Rain,light rain
2026-07-26 21:38:42,Itanagar,Arunachal Pradesh,27.0844,93.6053,37,25,11,3.7,5.5,2.6,37.4,25.82,96,1.73,Rain,light rain
2026-07-26 21:38:42,Dispur,Assam,26.1433,91.7898,32,30,9,2.8,12.8,2.6,32.1,26.87,93,1.77,Rain,moderate rain
2026-07-26 21:38:42,Raipur,Chhattisgarh,21.2514,81.6296,113,113,90,3,3.4,0.5,16.8,28.38,75,4.79,Rain,light rain
2026-07-26 21:38:42,Gandhinagar,Gujarat,23.2156,72.6369,76,60,76,3.2,3.4,0.5,0.9,28.37,79,3.38,Clouds,overcast clouds
2026-07-26 21:38:42,Shimla,Himachal Pradesh,31.1048,77.1734,33,13,11,2.8,1.4,3.1,32.5,18.72,90,0.34,Rain,light rain
2026-07-26 21:38:42,Thiruvananthapuram,Kerala,8.5241,76.9366,35,35,,,,,,26.17,80,4.54,Clouds,overcast clouds
2026-07-26 21:38:42,Imphal,Manipur,24.817,93.9368,72,72,11,5.5,2.8,4.1,18.7,21.74,96,0.73,Clouds,scattered clouds
2026-07-26 21:38:42,Shillong,Meghalaya,25.5788,91.8933,32,30,9,2.8,12.8,2.6,32.1,18.9,96,2.3,Rain,light rain
2026-07-26 21:38:42,Aizawl,Mizoram,23.7271,92.7176,17,13,17,0.6,0.5,5.8,2.3,19.3,99,1.08,Clouds,overcast clouds
2026-07-26 21:38:42,Kohima,Nagaland,25.6751,94.1086,72,72,11,5.5,2.8,4.1,18.7,18.76,98,2.33,Rain,light rain
2026-07-26 21:38:42,Gangtok,Sikkim,27.3389,88.6065,69,69,48,0.7,2.5,0.4,4.3,21.47,93,1.14,Rain,light rain
2026-07-26 21:38:42,Agartala,Tripura,23.8315,91.2868,114,114,68,3.5,6.3,2.9,5.8,25.66,92,3.48,Clouds,overcast clouds
2026-07-26 21:38:42,Dehradun,Uttarakhand,30.3165,78.0322,33,13,11,2.8,1.4,3.1,32.5,25.4,89,1.8,Rain,moderate rain
2026-07-26 21:38:42,Port Blair,Andaman and Nicobar Islands,11.6234,92.7265,20,20,,,2.4,0.6,,28.19,83,8.99,Rain,light rain
2026-07-26 21:38:42,Daman,Dadra and Nagar Haveli and Daman and Diu,20.3974,72.8328,89,89,64,,5.6,6.7,2.9,27.49,88,6.66,Rain,light rain
2026-07-26 21:38:42,Srinagar,Jammu and Kashmir,34.0837,74.7973,458,265,458,3.7,6.9,2.6,33.8,21.14,88,0.91,Clear,clear sky
2026-07-26 21:38:42,Leh,Ladakh,34.1526,77.5771,33,13,11,2.8,1.4,3.1,32.5,21.81,38,3.04,Clouds,scattered clouds
2026-07-26 21:38:42,Puducherry,Puducherry,11.9416,79.8083,44,44,30,3.4,4.6,3.9,17.7,29.07,65,5.56,Clouds,overcast clouds
2026-07-26 23:05:24,Delhi,Delhi,28.6139,77.209,109,109,3,5.5,8.5,5,8.6,34.64,45,2.41,Clouds,broken clouds
2026-07-26 23:05:24,Mumbai,Maharashtra,19.076,72.8777,158,158,,,,,,27.6,83,7.1,Rain,moderate rain
2026-07-26 23:05:24,Bangalore,Karnataka,12.9716,77.5946,53,53,27,2.9,11.2,4.1,5,23.05,78,0.45,Clouds,overcast clouds
2026-07-26 23:05:24,Kolkata,West Bengal,22.5726,88.3639,172,172,,,,,,26.49,89,6.08,Clouds,overcast clouds
2026-07-26 23:05:24,Chennai,Tamil Nadu,13.0827,80.2707,46,46,,,,,,30.94,73,2.24,Clouds,overcast clouds
2026-07-26 23:05:24,Hyderabad,Telangana,17.385,78.4867,93,93,,,,,,27.06,68,6.22,Rain,light rain
2026-07-26 23:05:24,Pune,Maharashtra,18.5204,73.8567,232,232,138,51,198,,61,24.63,73,3.08,Clouds,overcast clouds
2026-07-26 23:05:24,Lucknow,Uttar Pradesh,26.8467,80.9462,128,128,91,10.8,3,3.4,28.4,34.12,51,2.12,Clouds,overcast clouds
2026-07-26 23:05:24,Patna,Bihar,25.5941,85.1376,21,107,,1,0.5,0.6,20.9,32.65,55,3.26,Clouds,scattered clouds
2026-07-26 23:05:24,Ahmedabad,Gujarat,23.0225,72.5714,108,108,68,0.2,7.3,48.2,11.2,28.61,77,5.07,Clouds,overcast clouds
2026-07-26 23:05:24,Jaipur,Rajasthan,26.9124,75.7873,129,129,78,18.8,9.6,10.1,11.3,31.64,56,3.25,Clouds,overcast clouds
2026-07-26 23:05:24,Chandigarh,Chandigarh,30.7333,76.7794,35,25,10,2.8,0.5,3.1,35,31.73,59,2.89,Clouds,overcast clouds
2026-07-26 23:05:24,Bhopal,Madhya Pradesh,23.2599,77.4126,50,50,37,5,5.3,6.1,22,25.74,83,3.07,Clouds,broken clouds
2026-07-26 23:05:24,Kanpur,Uttar Pradesh,26.4499,80.3319,150,150,86,6.3,9.9,0.4,5.4,32.76,57,1.35,Clouds,overcast clouds
2026-07-26 23:05:24,Guwahati,Assam,26.1445,91.7362,46,46,18,3.7,16.5,2.6,26.4,25.06,94,1.41,Rain,moderate rain
2026-07-26 23:05:24,Itanagar,Arunachal Pradesh,27.0844,93.6053,34,30,9,2.8,5.1,2.6,33.8,25.76,95,1.56,Rain,light rain
2026-07-26 23:05:24,Dispur,Assam,26.1433,91.7898,46,46,18,3.7,16.5,2.6,26.4,25.95,95,1.41,Rain,moderate rain
2026-07-26 23:05:24,Raipur,Chhattisgarh,21.2514,81.6296,113,113,90,3,3.4,0.5,16.8,27.61,78,4.57,Clouds,overcast clouds
2026-07-26 23:05:24,Gandhinagar,Gujarat,23.2156,72.6369,76,60,76,3.2,3.4,0.5,0.9,27.71,82,4.54,Clouds,broken clouds
2026-07-26 23:05:24,Shimla,Himachal Pradesh,31.1048,77.1734,35,25,10,2.8,0.5,3.1,35,18.54,90,0.23,Rain,light rain
2026-07-26 23:05:24,Thiruvananthapuram,Kerala,8.5241,76.9366,39,39,,,,,,25.81,81,4.38,Clouds,overcast clouds
2026-07-26 23:05:24,Imphal,Manipur,24.817,93.9368,63,63,11,5.5,3.7,4.1,14.7,21.27,97,0.57,Clouds,broken clouds
2026-07-26 23:05:24,Shillong,Meghalaya,25.5788,91.8933,46,46,18,3.7,16.5,2.6,26.4,19.02,99,1.95,Rain,light rain
2026-07-26 23:05:24,Aizawl,Mizoram,23.7271,92.7176,17,13,17,0.6,0.5,5.8,2.3,21.41,99,0.79,Rain,light rain
2026-07-26 23:05:24,Kohima,Nagaland,25.6751,94.1086,63,63,11,5.5,3.7,4.1,14.7,18.34,97,2.36,Rain,light rain
2026-07-26 23:05:24,Gangtok,Sikkim,27.3389,88.6065,69,69,48,0.7,2.5,0.4,4.3,20.72,90,1.52,Clouds,broken clouds
2026-07-26 23:05:24,Agartala,Tripura,23.8315,91.2868,114,114,68,3.5,6.3,2.9,5.8,25.13,94,2.5,Clouds,overcast clouds
2026-07-26 23:05:24,Dehradun,Uttarakhand,30.3165,78.0322,35,25,10,2.8,0.5,3.1,35,24.23,94,2.08,Rain,moderate rain
2026-07-26 23:05:24,Port Blair,Andaman and Nicobar Islands,11.6234,92.7265,20,20,,,2.4,0.6,,27.91,82,9.74,Rain,light rain
2026-07-26 23:05:24,Daman,Dadra and Nagar Haveli and Daman and Diu,20.3974,72.8328,89,89,64,,5.6,6.7,2.9,27.23,88,7.08,Rain,moderate rain
2026-07-26 23:05:24,Srinagar,Jammu and Kashmir,34.0837,74.7973,404,240,404,3.7,11,2.6,26.9,20.03,91,0.52,Clear,clear sky
2026-07-26 23:05:24,Leh,Ladakh,34.1526,77.5771,35,25,10,2.8,0.5,3.1,35,20.86,41,2.73,Clouds,scattered clouds
2026-07-26 23:05:24,Puducherry,Puducherry,11.9416,79.8083,44,44,30,3.4,4.6,3.9,17.7,29.07,61,4.7,Clouds,overcast clouds
2026-07-27 00:51:46,Delhi,Delhi,28.6139,77.209,109,109,3,5.5,8.5,5,8.6,33.98,47,2,Clouds,scattered clouds
2026-07-27 00:51:46,Mumbai,Maharashtra,19.076,72.8777,158,158,,,,,,27.84,82,7.14,Rain,moderate rain
2026-07-27 00:51:46,Bangalore,Karnataka,12.9716,77.5946,53,53,27,2.9,11.2,4.1,5,21.97,83,6.89,Clouds,overcast clouds
2026-07-27 00:51:46,Kolkata,West Bengal,22.5726,88.3639,172,172,,,,,,26.6,88,5.67,Clouds,overcast clouds
2026-07-27 00:51:46,Chennai,Tamil Nadu,13.0827,80.2707,46,46,,,,,,30.76,72,0.45,Clouds,overcast clouds
2026-07-27 00:51:46,Hyderabad,Telangana,17.385,78.4867,93,93,,,,,,26.27,73,6.71,Rain,light rain
2026-07-27 00:51:46,Pune,Maharashtra,18.5204,73.8567,232,232,138,51,198,,61,24.07,81,3.39,Clouds,overcast clouds
2026-07-27 00:51:46,Lucknow,Uttar Pradesh,26.8467,80.9462,128,128,91,10.8,3,3.4,28.4,33.47,52,1.83,Clouds,overcast clouds
2026-07-27 00:51:46,Patna,Bihar,25.5941,85.1376,21,107,,1,0.5,0.6,20.9,32.47,56,1.29,Clouds,overcast clouds
2026-07-27 00:51:46,Ahmedabad,Gujarat,23.0225,72.5714,108,108,68,0.2,7.3,48.2,11.2,28.2,79,4.49,Clouds,overcast clouds
2026-07-27 00:51:46,Jaipur,Rajasthan,26.9124,75.7873,129,129,78,18.8,9.6,10.1,11.3,30.28,59,2.9,Clouds,scattered clouds
2026-07-27 00:51:46,Chandigarh,Chandigarh,30.7333,76.7794,35,34,10,2.8,0.5,3.1,34.6,27.93,78,2.53,Rain,moderate rain
2026-07-27 00:51:46,Bhopal,Madhya Pradesh,23.2599,77.4126,50,50,37,5,5.3,6.1,22,26.12,81,2.1,Rain,light rain
2026-07-27 00:51:46,Kanpur,Uttar Pradesh,26.4499,80.3319,150,150,86,6.3,9.9,0.4,5.4,32.27,57,1.65,Clouds,overcast clouds
2026-07-27 00:51:46,Guwahati,Assam,26.1445,91.7362,45,34,18,1.9,2.8,2.6,44.7,24.78,96,1.62,Rain,moderate rain
2026-07-27 00:51:46,Itanagar,Arunachal Pradesh,27.0844,93.6053,44,34,10,2.8,3.2,2.6,43.9,25.8,94,1.77,Rain,light rain
2026-07-27 00:51:46,Dispur,Assam,26.1433,91.7898,45,34,18,1.9,2.8,2.6,44.7,25.83,96,1.6,Rain,moderate rain
2026-07-27 00:51:46,Raipur,Chhattisgarh,21.2514,81.6296,113,113,90,3,3.4,0.5,16.8,27.27,79,4.33,Rain,light rain
2026-07-27 00:51:46,Gandhinagar,Gujarat,23.2156,72.6369,76,60,76,3.2,3.4,0.5,0.9,27.38,84,3.98,Clouds,overcast clouds
2026-07-27 00:51:46,Shimla,Himachal Pradesh,31.1048,77.1734,35,34,10,2.8,0.5,3.1,34.6,18.01,91,0.23,Clouds,overcast clouds
2026-07-27 00:51:46,Thiruvananthapuram,Kerala,8.5241,76.9366,79,79,,,,,,25.53,83,4.16,Clouds,overcast clouds
2026-07-27 00:51:46,Imphal,Manipur,24.817,93.9368,53,53,11,5.5,3.2,4.1,13,20.93,97,0.95,Clouds,overcast clouds
2026-07-27 00:51:46,Shillong,Meghalaya,25.5788,91.8933,45,34,18,1.9,2.8,2.6,44.7,19.15,99,2.03,Rain,light rain
2026-07-27 00:51:46,Aizawl,Mizoram,23.7271,92.7176,17,13,17,0.6,0.5,5.8,2.3,19.01,99,0.84,Clouds,overcast clouds
2026-07-27 00:51:46,Kohima,Nagaland,25.6751,94.1086,53,53,11,5.5,3.2,4.1,13,18.16,95,2.37,Rain,light rain
2026-07-27 00:51:46,Gangtok,Sikkim,27.3389,88.6065,69,69,48,0.7,2.5,0.4,4.3,20.73,88,1.72,Rain,light rain
2026-07-27 00:51:46,Agartala,Tripura,23.8315,91.2868,114,114,68,3.5,6.3,2.9,5.8,24.86,93,1.72,Clouds,overcast clouds
2026-07-27 00:51:46,Dehradun,Uttarakhand,30.3165,78.0322,29,13,6,2.8,0.5,3.1,29.3,24.55,92,1.74,Rain,moderate rain
2026-07-27 00:51:46,Port Blair,Andaman and Nicobar Islands,11.6234,92.7265,79,79,,,,,,27.91,84,9.87,Clouds,overcast clouds
2026-07-27 00:51:46,Daman,Dadra and Nagar Haveli and Daman and Diu,20.3974,72.8328,89,89,64,,5.6,6.7,2.9,27.22,89,6.73,Rain,light rain
2026-07-27 00:51:46,Srinagar,Jammu and Kashmir,34.0837,74.7973,347,227,347,3.7,7.8,2.1,27.3,19.47,93,0.62,Clear,clear sky
2026-07-27 00:51:46,Leh,Ladakh,34.1526,77.5771,29,13,6,2.8,0.5,3.1,29.3,19.97,46,2.67,Clouds,few clouds
2026-07-27 00:51:46,Puducherry,Puducherry,11.9416,79.8083,44,44,30,3.4,4.6,3.9,17.7,28.51,53,7.06,Clouds,overcast clouds
2026-07-27 02:01:18,Delhi,Delhi,28.6139,77.209,109,109,3,5.5,8.5,5,8.6,33.47,50,1.73,Clouds,broken clouds
2026-07-27 02:01:18,Mumbai,Maharashtra,19.076,72.8777,158,158,,,,,,27.98,81,7.28,Rain,moderate rain
2026-07-27 02:01:18,Bangalore,Karnataka,12.9716,77.5946,53,53,27,2.9,11.2,4.1,5,21.42,85,6.94,Clouds,overcast clouds
2026-07-27 02:01:18,Kolkata,West Bengal,22.5726,88.3639,172,172,,,,,,26.5,88,5.87,Clouds,overcast clouds
2026-07-27 02:01:18,Chennai,Tamil Nadu,13.0827,80.2707,46,46,,,,,,30.73,72,1.34,Clouds,overcast clouds
2026-07-27 02:01:18,Hyderabad,Telangana,17.385,78.4867,93,93,,,,,,25.43,78,7.19,Clouds,overcast clouds
2026-07-27 02:01:18,Pune,Maharashtra,18.5204,73.8567,232,232,138,51,198,,61,24.07,76,3.41,Clouds,overcast clouds
2026-07-27 02:01:18,Lucknow,Uttar Pradesh,26.8467,80.9462,128,128,91,10.8,3,3.4,28.4,32.53,56,2.07,Clouds,overcast clouds
2026-07-27 02:01:18,Patna,Bihar,25.5941,85.1376,21,107,,1,0.5,0.6,20.9,31.68,59,1.36,Clouds,broken clouds
2026-07-27 02:01:18,Ahmedabad,Gujarat,23.0225,72.5714,108,108,68,0.2,7.3,48.2,11.2,27.72,81,4.64,Clouds,overcast clouds
2026-07-27 02:01:18,Jaipur,Rajasthan,26.9124,75.7873,129,129,78,18.8,9.6,10.1,11.3,29.88,61,2.81,Clouds,scattered clouds
2026-07-27 02:01:18,Chandigarh,Chandigarh,30.7333,76.7794,29,13,6,2.8,1,3.1,29.3,28.45,75,2.34,Clouds,overcast clouds
2026-07-27 02:01:18,Bhopal,Madhya Pradesh,23.2599,77.4126,50,50,37,5,5.3,6.1,22,25.48,82,2.57,Clouds,overcast clouds
2026-07-27 02:01:18,Kanpur,Uttar Pradesh,26.4499,80.3319,150,150,86,6.3,9.9,0.4,5.4,31.93,59,1.72,Clouds,overcast clouds
2026-07-27 02:01:18,Guwahati,Assam,26.1445,91.7362,45,13,10,1.9,2.3,2.1,45.1,24.65,95,1.24,Rain,moderate rain
2026-07-27 02:01:18,Itanagar,Arunachal Pradesh,27.0844,93.6053,45,25,10,2.8,2.8,2.6,44.7,25.23,96,1.65,Rain,light rain
2026-07-27 02:01:18,Dispur,Assam,26.1433,91.7898,45,13,10,1.9,2.3,2.1,45.1,25.54,96,1.26,Rain,moderate rain
2026-07-27 02:01:18,Raipur,Chhattisgarh,21.2514,81.6296,113,113,90,3,3.4,0.5,16.8,26.86,81,3.42,Clouds,overcast clouds
2026-07-27 02:01:18,Gandhinagar,Gujarat,23.2156,72.6369,76,60,76,3.2,3.4,0.5,0.9,26.95,85,4.58,Clouds,broken clouds
2026-07-27 02:01:18,Shimla,Himachal Pradesh,31.1048,77.1734,29,13,6,2.8,1,3.1,29.3,17.43,92,0.56,Clouds,broken clouds
2026-07-27 02:01:18,Thiruvananthapuram,Kerala,8.5241,76.9366,84,84,,,,,,25.2,84,4.01,Clouds,overcast clouds
2026-07-27 02:01:18,Imphal,Manipur,24.817,93.9368,13,13,11,4.6,2.8,4.6,10.6,20.56,97,1.04,Clouds,broken clouds
2026-07-27 02:01:18,Shillong,Meghalaya,25.5788,91.8933,45,13,10,1.9,2.3,2.1,45.1,19.04,98,2.25,Rain,light rain
2026-07-27 02:01:18,Aizawl,Mizoram,23.7271,92.7176,17,13,17,0.6,0.5,5.8,2.3,18.72,99,0.6,Clouds,overcast clouds
2026-07-27 02:01:18,Kohima,Nagaland,25.6751,94.1086,13,13,11,4.6,2.8,4.6,10.6,18.02,93,2.26,Clouds,scattered clouds
2026-07-27 02:01:18,Gangtok,Sikkim,27.3389,88.6065,69,69,48,0.7,2.5,0.4,4.3,20.1,88,1.77,Clouds,overcast clouds
2026-07-27 02:01:18,Agartala,Tripura,23.8315,91.2868,114,114,68,3.5,6.3,2.9,5.8,24.48,95,2.1,Clouds,overcast clouds
2026-07-27 02:01:18,Dehradun,Uttarakhand,30.3165,78.0322,29,13,6,2.8,1,3.1,29.3,25.06,87,1.5,Rain,light rain
2026-07-27 02:01:18,Port Blair,Andaman and Nicobar Islands,11.6234,92.7265,84,84,,,,,,28.06,83,9.13,Clouds,overcast clouds
2026-07-27 02:01:18,Daman,Dadra and Nagar Haveli and Daman and Diu,20.3974,72.8328,89,89,64,,5.6,6.7,2.9,26.87,88,6.71,Rain,moderate rain
2026-07-27 02:01:18,Srinagar,Jammu and Kashmir,34.0837,74.7973,194,194,183,2.8,3.7,2.1,28.9,18.92,93,0.6,Clear,clear sky
2026-07-27 02:01:18,Leh,Ladakh,34.1526,77.5771,29,13,6,2.8,1,3.1,29.3,18.85,52,2.38,Clouds,scattered clouds
2026-07-27 02:01:18,Puducherry,Puducherry,11.9416,79.8083,44,44,30,3.4,4.6,3.9,17.7,29.07,56,4.89,Clouds,overcast clouds
2026-07-27 03:35:25,Delhi,Delhi,28.6139,77.209,109,109,3,5.5,8.5,5,8.6,33.33,51,1.45,Clouds,broken clouds
2026-07-27 03:35:25,Mumbai,Maharashtra,19.076,72.8777,158,158,,,,,,27.81,80,7.17,Rain,light rain
2026-07-27 03:35:25,Bangalore,Karnataka,12.9716,77.5946,53,53,27,2.9,11.2,4.1,5,21.42,86,6.88,Clouds,overcast clouds
2026-07-27 03:35:25,Kolkata,West Bengal,22.5726,88.3639,172,172,,,,,,26.48,88,6.13,Clouds,overcast clouds
2026-07-27 03:35:25,Chennai,Tamil Nadu,13.0827,80.2707,46,46,,,,,,30.2,71,1.34,Clouds,overcast clouds
2026-07-27 03:35:25,Hyderabad,Telangana,17.385,78.4867,93,93,,,,,,24.78,80,7.45,Clouds,overcast clouds
2026-07-27 03:35:25,Pune,Maharashtra,18.5204,73.8567,232,232,138,51,198,,61,24.07,79,3.42,Clouds,overcast clouds
2026-07-27 03:35:25,Lucknow,Uttar Pradesh,26.8467,80.9462,128,128,91,10.8,3,3.4,28.4,32.31,57,1.88,Clouds,overcast clouds
2026-07-27 03:35:25,Patna,Bihar,25.5941,85.1376,21,107,,1,0.5,0.6,20.9,31.44,61,1.33,Clouds,broken clouds
2026-07-27 03:35:25,Ahmedabad,Gujarat,23.0225,72.5714,108,108,68,0.2,7.3,48.2,11.2,27.54,82,4.57,Clouds,overcast clouds
2026-07-27 03:35:25,Jaipur,Rajasthan,26.9124,75.7873,129,129,78,18.8,9.6,10.1,11.3,29.65,62,2.46,Clouds,scattered clouds
2026-07-27 03:35:25,Chandigarh,Chandigarh,30.7333,76.7794,31,13,6,2.8,0.5,3.1,31.3,28.09,77,2.3,Rain,light rain
2026-07-27 03:35:25,Bhopal,Madhya Pradesh,23.2599,77.4126,50,50,37,5,5.3,6.1,22,24.94,85,3.01,Clouds,overcast clouds
2026-07-27 03:35:25,Kanpur,Uttar Pradesh,26.4499,80.3319,150,150,86,6.3,9.9,0.4,5.4,31.57,60,2.09,Clouds,overcast clouds
2026-07-27 03:35:25,Guwahati,Assam,26.1445,91.7362,38,13,6,1.9,8.3,2.6,38.2,24.45,96,1.16,Rain,moderate rain
2026-07-27 03:35:25,Itanagar,Arunachal Pradesh,27.0844,93.6053,44,13,8,2.8,3.2,3.1,44.3,24.49,97,1.62,Rain,moderate rain
2026-07-27 03:35:25,Dispur,Assam,26.1433,91.7898,38,13,6,1.9,8.3,2.6,38.2,25.37,96,1.25,Rain,moderate rain
2026-07-27 03:35:25,Raipur,Chhattisgarh,21.2514,81.6296,113,113,90,3,3.4,0.5,16.8,26.61,82,3.06,Clouds,overcast clouds
2026-07-27 03:35:25,Gandhinagar,Gujarat,23.2156,72.6369,76,60,76,3.2,3.4,0.5,0.9,26.68,87,4.39,Clouds,broken clouds
2026-07-27 03:35:25,Shimla,Himachal Pradesh,31.1048,77.1734,31,13,6,2.8,0.5,3.1,31.3,17.15,92,1.01,Rain,light rain
2026-07-27 03:35:25,Thiruvananthapuram,Kerala,8.5241,76.9366,62,62,,,,,,25,85,3.95,Clouds,overcast clouds
2026-07-27 03:35:25,Imphal,Manipur,24.817,93.9368,13,13,7,4.6,2.8,5.1,9.4,20.39,97,0.82,Clouds,broken clouds
2026-07-27 03:35:25,Shillong,Meghalaya,25.5788,91.8933,38,13,6,1.9,8.3,2.6,38.2,19,98,2.26,Clouds,overcast clouds
2026-07-27 03:35:25,Aizawl,Mizoram,23.7271,92.7176,17,13,17,0.6,0.5,5.8,2.3,18.7,100,0.66,Clouds,overcast clouds
2026-07-27 03:35:25,Kohima,Nagaland,25.6751,94.1086,13,13,7,4.6,2.8,5.1,9.4,17.84,93,2.37,Clouds,scattered clouds
2026-07-27 03:35:25,Gangtok,Sikkim,27.3389,88.6065,69,69,48,0.7,2.5,0.4,4.3,19.95,88,1.84,Clouds,overcast clouds
2026-07-27 03:35:25,Agartala,Tripura,23.8315,91.2868,114,114,68,3.5,6.3,2.9,5.8,24.51,96,2.38,Clouds,overcast clouds
2026-07-27 03:35:25,Dehradun,Uttarakhand,30.3165,78.0322,31,13,6,2.8,0.5,3.1,31.3,24.92,87,1.29,Rain,light rain
2026-07-27 03:35:25,Port Blair,Andaman and Nicobar Islands,11.6234,92.7265,62,62,,,,,,28,82,9.09,Clouds,overcast clouds
2026-07-27 03:35:25,Daman,Dadra and Nagar Haveli and Daman and Diu,20.3974,72.8328,89,89,64,,5.6,6.7,2.9,26.95,88,6.73,Rain,moderate rain
2026-07-27 03:35:25,Srinagar,Jammu and Kashmir,34.0837,74.7973,197,197,162,2.8,3.7,2.1,27.3,19.47,91,0.59,Clear,clear sky
2026-07-27 03:35:25,Leh,Ladakh,34.1526,77.5771,31,13,6,2.8,0.5,3.1,31.3,18.31,55,2.18,Clouds,few clouds
2026-07-27 03:35:25,Puducherry,Puducherry,11.9416,79.8083,44,44,30,3.4,4.6,3.9,17.7,28.51,56,5.41,Clouds,overcast clouds
2026-07-27 05:01:27,Delhi,Delhi,28.6139,77.209,109,109,3,5.5,8.5,5,8.6,33.27,51,1.19,Clouds,broken clouds
2026-07-27 05:01:27,Mumbai,Maharashtra,19.076,72.8777,158,158,,,,,,27.54,81,7.32,Rain,moderate rain
2026-07-27 05:01:27,Bangalore,Karnataka,12.9716,77.5946,53,53,27,2.9,11.2,4.1,5,20.86,87,0.45,Clouds,overcast clouds
2026-07-27 05:01:27,Kolkata,West Bengal,22.5726,88.3639,172,172,,,,,,26.35,88,7.08,Rain,light rain
2026-07-27 05:01:27,Chennai,Tamil Nadu,13.0827,80.2707,46,46,,,,,,30.31,66,1.34,Clouds,overcast clouds
2026-07-27 05:01:27,Hyderabad,Telangana,17.385,78.4867,93,93,,,,,,24.5,80,6.93,Clouds,overcast clouds
2026-07-27 05:01:27,Pune,Maharashtra,18.5204,73.8567,232,232,138,51,198,,61,24.11,81,3.04,Clouds,overcast clouds
2026-07-27 05:01:27,Lucknow,Uttar Pradesh,26.8467,80.9462,128,128,91,10.8,3,3.4,28.4,32,58,1.41,Clouds,overcast clouds
2026-07-27 05:01:27,Patna,Bihar,25.5941,85.1376,21,107,,1,0.5,0.6,20.9,31.17,62,1.42,Clouds,broken clouds
2026-07-27 05:01:27,Ahmedabad,Gujarat,23.0225,72.5714,108,108,68,0.2,7.3,48.2,11.2,27.25,83,4.24,Clouds,overcast clouds
2026-07-27 05:01:27,Jaipur,Rajasthan,26.9124,75.7873,129,129,78,18.8,9.6,10.1,11.3,29.61,64,1.63,Clouds,broken clouds
2026-07-27 05:01:27,Chandigarh,Chandigarh,30.7333,76.7794,29,13,6,2.8,0.5,3.1,29.3,26.05,85,2.31,Clouds,overcast clouds
2026-07-27 05:01:27,Bhopal,Madhya Pradesh,23.2599,77.4126,50,50,37,5,5.3,6.1,22,24.3,89,3.11,Clouds,overcast clouds
2026-07-27 05:01:27,Kanpur,Uttar Pradesh,26.4499,80.3319,150,150,86,6.3,9.9,0.4,5.4,31.04,63,2.37,Clouds,overcast clouds
2026-07-27 05:01:27,Guwahati,Assam,26.1445,91.7362,42,13,6,1.9,2.8,2.6,41.5,24.25,96,1.24,Rain,moderate rain
2026-07-27 05:01:27,Itanagar,Arunachal Pradesh,27.0844,93.6053,43,13,7,2.8,3.7,2.6,43.1,25.14,96,1.41,Rain,light rain
2026-07-27 05:01:27,Dispur,Assam,26.1433,91.7898,42,13,6,1.9,2.8,2.6,41.5,25.37,97,0.97,Rain,moderate rain
2026-07-27 05:01:27,Raipur,Chhattisgarh,21.2514,81.6296,113,113,90,3,3.4,0.5,16.8,26.52,82,3.16,Clouds,overcast clouds
2026-07-27 05:01:27,Gandhinagar,Gujarat,23.2156,72.6369,76,60,76,3.2,3.4,0.5,0.9,26.44,88,4.02,Clouds,scattered clouds
2026-07-27 05:01:27,Shimla,Himachal Pradesh,31.1048,77.1734,29,13,6,2.8,0.5,3.1,29.3,16.07,90,1.23,Clouds,broken clouds
2026-07-27 05:01:27,Thiruvananthapuram,Kerala,8.5241,76.9366,53,53,,,,,,24.84,85,3.86,Clouds,overcast clouds
2026-07-27 05:01:27,Imphal,Manipur,24.817,93.9368,34,34,7,4.6,2.8,5.6,7.8,21.13,96,0.35,Clouds,scattered clouds
2026-07-27 05:01:27,Shillong,Meghalaya,25.5788,91.8933,42,13,6,1.9,2.8,2.6,41.5,18.92,97,2.05,Clouds,overcast clouds
2026-07-27 05:01:27,Aizawl,Mizoram,23.7271,92.7176,17,13,17,0.6,0.5,5.8,2.3,21.34,99,0.73,Rain,light rain
2026-07-27 05:01:27,Kohima,Nagaland,25.6751,94.1086,34,34,7,4.6,2.8,5.6,7.8,18.29,92,2.09,Clouds,scattered clouds
2026-07-27 05:01:27,Gangtok,Sikkim,27.3389,88.6065,69,69,48,0.7,2.5,0.4,4.3,20.41,87,1.57,Clouds,overcast clouds
2026-07-27 05:01:27,Agartala,Tripura,23.8315,91.2868,114,114,68,3.5,6.3,2.9,5.8,24.55,93,2.88,Clouds,overcast clouds
2026-07-27 05:01:27,Dehradun,Uttarakhand,30.3165,78.0322,29,13,6,2.8,0.5,3.1,29.3,25.03,86,1.3,Clouds,overcast clouds
2026-07-27 05:01:27,Port Blair,Andaman and Nicobar Islands,11.6234,92.7265,52,52,,,,,,27.86,81,9.01,Rain,light rain
2026-07-27 05:01:27,Daman,Dadra and Nagar Haveli and Daman and Diu,20.3974,72.8328,89,89,64,,5.6,6.7,2.9,27.19,87,5.98,Rain,light rain
2026-07-27 05:01:27,Srinagar,Jammu and Kashmir,34.0837,74.7973,203,203,172,2.8,6.9,2.6,17.5,19.47,88,0.23,Clear,clear sky
2026-07-27 05:01:27,Leh,Ladakh,34.1526,77.5771,29,13,6,2.8,0.5,3.1,29.3,17.52,59,2.06,Clouds,broken clouds
2026-07-27 05:01:27,Puducherry,Puducherry,11.9416,79.8083,44,44,30,3.4,4.6,3.9,17.7,28.51,59,5.81,Clouds,overcast clouds
2026-07-27 09:19:39,Delhi,Delhi,28.6139,77.209,109,109,3,5.5,8.5,5,8.6,34.83,46,1.4,Clouds,broken clouds
2026-07-27 09:19:39,Mumbai,Maharashtra,19.076,72.8777,158,158,,,,,,28.22,80,5.78,Rain,light rain
2026-07-27 09:19:39,Bangalore,Karnataka,12.9716,77.5946,53,53,27,2.9,11.2,4.1,5,23.05,79,0.89,Clouds,overcast clouds
2026-07-27 09:19:39,Kolkata,West Bengal,22.5726,88.3639,172,172,,,,,,27.09,87,6.5,Rain,light rain
2026-07-27 09:19:39,Chennai,Tamil Nadu,13.0827,80.2707,46,46,,,,,,32.75,60,3.58,Clouds,overcast clouds
2026-07-27 09:19:39,Hyderabad,Telangana,17.385,78.4867,93,93,,,,,,26.57,72,7.82,Clouds,overcast clouds
2026-07-27 09:19:39,Pune,Maharashtra,18.5204,73.8567,232,232,138,51,198,,61,25.74,73,3.94,Rain,light rain
2026-07-27 09:19:39,Lucknow,Uttar Pradesh,26.8467,80.9462,128,128,91,10.8,3,3.4,28.4,33.47,51,2.26,Clouds,overcast clouds
2026-07-27 09:19:39,Patna,Bihar,25.5941,85.1376,21,107,,1,0.5,0.6,20.9,35.35,47,2.72,Clouds,broken clouds
2026-07-27 09:19:39,Ahmedabad,Gujarat,23.0225,72.5714,108,108,68,0.2,7.3,48.2,11.2,27.79,81,5.88,Clouds,overcast clouds
2026-07-27 09:19:39,Jaipur,Rajasthan,26.9124,75.7873,129,129,78,18.8,9.6,10.1,11.3,30.39,61,1.74,Clouds,overcast clouds
2026-07-27 09:19:39,Chandigarh,Chandigarh,30.7333,76.7794,29,13,8,2.8,2.3,3.1,28.9,31.06,66,1.85,Rain,light rain
2026-07-27 09:19:39,Bhopal,Madhya Pradesh,23.2599,77.4126,50,50,37,5,5.3,6.1,22,28.01,74,5.04,Clouds,broken clouds
2026-07-27 09:19:39,Kanpur,Uttar Pradesh,26.4499,80.3319,150,150,86,6.3,9.9,0.4,5.4,33.05,56,2.63,Clouds,overcast clouds
2026-07-27 09:19:39,Guwahati,Assam,26.1445,91.7362,39,13,6,2.8,7.8,2.6,39.4,28.03,87,1.86,Rain,moderate rain
2026-07-27 09:19:39,Itanagar,Arunachal Pradesh,27.0844,93.6053,40,13,6,2.8,3.7,5.6,39.8,29.69,85,0.79,Rain,moderate rain
2026-07-27 09:19:39,Dispur,Assam,26.1433,91.7898,39,13,6,2.8,7.8,2.6,39.4,29.11,88,1.75,Rain,moderate rain
2026-07-27 09:19:39,Raipur,Chhattisgarh,21.2514,81.6296,113,113,90,3,3.4,0.5,16.8,30.8,62,2.97,Clouds,overcast clouds
2026-07-27 09:19:39,Gandhinagar,Gujarat,23.2156,72.6369,76,60,76,3.2,3.4,0.5,0.9,27.87,82,7.12,Rain,light rain
2026-07-27 09:19:39,Shimla,Himachal Pradesh,31.1048,77.1734,29,13,8,2.8,2.3,3.1,28.9,21.76,76,1.97,Rain,light rain
2026-07-27 09:19:39,Thiruvananthapuram,Kerala,8.5241,76.9366,59,59,,,,,,28.87,70,5.05,Clouds,overcast clouds
2026-07-27 09:19:39,Imphal,Manipur,24.817,93.9368,50,50,7,5.5,3.2,5.1,14.7,24.43,87,1.58,Rain,light rain
2026-07-27 09:19:39,Shillong,Meghalaya,25.5788,91.8933,39,13,6,2.8,7.8,2.6,39.4,21.15,90,0.7,Rain,light rain
2026-07-27 09:19:39,Aizawl,Mizoram,23.7271,92.7176,17,13,17,0.6,0.5,5.8,2.3,26.35,70,0.29,Rain,light rain
2026-07-27 09:19:39,Kohima,Nagaland,25.6751,94.1086,50,50,7,5.5,3.2,5.1,14.7,26.21,59,0.64,Clouds,overcast clouds
2026-07-27 09:19:39,Gangtok,Sikkim,27.3389,88.6065,69,69,48,0.7,2.5,0.4,4.3,24.88,83,1.96,Rain,light rain
2026-07-27 09:19:39,Agartala,Tripura,23.8315,91.2868,114,114,68,3.5,6.3,2.9,5.8,30.59,69,4.88,Clouds,broken clouds
2026-07-27 09:19:39,Dehradun,Uttarakhand,30.3165,78.0322,29,13,8,2.8,2.3,3.1,28.9,28.9,72,0.78,Rain,moderate rain
2026-07-27 09:19:39,Port Blair,Andaman and Nicobar Islands,11.6234,92.7265,25,25,,,2.4,0.6,,28.05,83,9.43,Rain,moderate rain
2026-07-27 09:19:39,Daman,Dadra and Nagar Haveli and Daman and Diu,20.3974,72.8328,89,89,64,,5.6,6.7,2.9,28.23,84,6.89,Rain,light rain
2026-07-27 09:19:39,Srinagar,Jammu and Kashmir,34.0837,74.7973,213,213,199,3.7,7.4,2.6,23.2,23.36,76,0.79,Clear,clear sky
2026-07-27 09:19:39,Leh,Ladakh,34.1526,77.5771,29,13,8,2.8,2.3,3.1,28.9,19.94,49,2.71,Clouds,broken clouds
2026-07-27 09:19:39,Puducherry,Puducherry,11.9416,79.8083,44,44,30,3.4,4.6,3.9,17.7,32.96,50,7.57,Clouds,overcast clouds
2026-07-27 13:10:33,Delhi,Delhi,28.6139,77.209,109,109,3,5.5,8.5,5,8.6,38.15,35,1.63,Clouds,broken clouds
2026-07-27 13:10:33,Mumbai,Maharashtra,19.076,72.8777,158,158,,,,,,28.77,78,7.43,Rain,moderate rain
2026-07-27 13:10:33,Bangalore,Karnataka,12.9716,77.5946,53,53,27,2.9,11.2,4.1,5,27.56,62,1.34,Clouds,overcast clouds
2026-07-27 13:10:33,Kolkata,West Bengal,22.5726,88.3639,172,172,,,,,,29.25,78,7.12,Rain,light rain
2026-07-27 13:10:33,Chennai,Tamil Nadu,13.0827,80.2707,46,46,,,,,,36.94,49,0.45,Clouds,overcast clouds
2026-07-27 13:10:33,Hyderabad,Telangana,17.385,78.4867,93,93,,,,,,24.5,86,4,Rain,moderate rain
2026-07-27 13:10:33,Pune,Maharashtra,18.5204,73.8567,232,232,138,51,198,,61,25.08,83,7.66,Clouds,broken clouds
2026-07-27 13:10:33,Lucknow,Uttar Pradesh,26.8467,80.9462,128,128,91,10.8,3,3.4,28.4,36.01,44,3.5,Clouds,overcast clouds
2026-07-27 13:10:33,Patna,Bihar,25.5941,85.1376,21,107,,1,0.5,0.6,20.9,37.1,40,3.62,Clouds,overcast clouds
2026-07-27 13:10:33,Ahmedabad,Gujarat,23.0225,72.5714,108,108,68,0.2,7.3,48.2,11.2,31.89,63,6.16,Rain,light rain
2026-07-27 13:10:33,Jaipur,Rajasthan,26.9124,75.7873,129,129,78,18.8,9.6,10.1,11.3,35.44,40,1.72,Clouds,overcast clouds
2026-07-27 13:10:33,Chandigarh,Chandigarh,30.7333,76.7794,38,13,6,1.9,0.5,3.1,38.2,36.62,44,2.57,Rain,light rain
2026-07-27 13:10:33,Bhopal,Madhya Pradesh,23.2599,77.4126,50,50,37,5,5.3,6.1,22,30.5,65,4.53,Rain,moderate rain
2026-07-27 13:10:33,Kanpur,Uttar Pradesh,26.4499,80.3319,150,150,86,6.3,9.9,0.4,5.4,35.94,45,2.02,Clouds,overcast clouds
2026-07-27 13:10:33,Guwahati,Assam,26.1445,91.7362,56,13,12,2.8,4.2,2.6,55.8,30.83,76,1.98,Rain,moderate rain
2026-07-27 13:10:33,Itanagar,Arunachal Pradesh,27.0844,93.6053,53,13,8,2.8,3.7,3.1,53.2,32.62,68,1.6,Clouds,overcast clouds
2026-07-27 13:10:33,Dispur,Assam,26.1433,91.7898,56,13,12,2.8,4.2,2.6,55.8,31.77,78,2.06,Rain,moderate rain
2026-07-27 13:10:33,Raipur,Chhattisgarh,21.2514,81.6296,113,113,90,3,3.4,0.5,16.8,34.14,49,2.71,Clouds,overcast clouds
2026-07-27 13:10:33,Gandhinagar,Gujarat,23.2156,72.6369,76,60,76,3.2,3.4,0.5,0.9,30.92,69,6.8,Rain,light rain
2026-07-27 13:10:33,Shimla,Himachal Pradesh,31.1048,77.1734,38,13,6,1.9,0.5,3.1,38.2,23.22,73,2.57,Rain,moderate rain
2026-07-27 13:10:33,Thiruvananthapuram,Kerala,8.5241,76.9366,22,22,,,,,,30.96,60,7.13,Clouds,broken clouds
2026-07-27 13:10:33,Imphal,Manipur,24.817,93.9368,34,34,7,4.6,1.9,5.1,21.6,28.76,70,0.44,Rain,light rain
2026-07-27 13:10:33,Shillong,Meghalaya,25.5788,91.8933,56,13,12,2.8,4.2,2.6,55.8,24.05,81,1.24,Rain,light rain
2026-07-27 13:10:33,Aizawl,Mizoram,23.7271,92.7176,17,13,17,0.6,0.5,5.8,2.3,24.03,92,0.7,Clouds,overcast clouds
2026-07-27 13:10:33,Kohima,Nagaland,25.6751,94.1086,34,34,7,4.6,1.9,5.1,21.6,24.17,86,1.29,Rain,moderate rain
2026-07-27 13:10:33,Gangtok,Sikkim,27.3389,88.6065,69,69,48,0.7,2.5,0.4,4.3,25.4,82,1.56,Rain,light rain
2026-07-27 13:10:33,Agartala,Tripura,23.8315,91.2868,114,114,68,3.5,6.3,2.9,5.8,31.11,74,4.48,Rain,moderate rain
2026-07-27 13:10:33,Dehradun,Uttarakhand,30.3165,78.0322,38,13,6,1.9,0.5,3.1,38.2,29.92,73,2.18,Rain,light rain
2026-07-27 13:10:33,Port Blair,Andaman and Nicobar Islands,11.6234,92.7265,28,28,,,2.9,1.1,,28.6,82,10.04,Clouds,overcast clouds
2026-07-27 13:10:33,Daman,Dadra and Nagar Haveli and Daman and Diu,20.3974,72.8328,89,89,64,,5.6,6.7,2.9,28.89,80,7.77,Rain,light rain
2026-07-27 13:10:33,Srinagar,Jammu and Kashmir,34.0837,74.7973,196,196,179,1.9,1.4,2.1,40.7,31.14,54,0.26,Clear,clear sky
2026-07-27 13:10:33,Leh,Ladakh,34.1526,77.5771,38,13,6,1.9,0.5,3.1,38.2,24.11,30,3.98,Clear,clear sky
2026-07-27 13:10:33,Puducherry,Puducherry,11.9416,79.8083,44,44,30,3.4,4.6,3.9,17.7,36.29,44,4.49,Clouds,overcast clouds
2026-07-27 17:03:00,Delhi,Delhi,28.6139,77.209,109,109,3,5.5,8.5,5,8.6,38.58,32,0.5,Rain,light rain
2026-07-27 17:03:00,Mumbai,Maharashtra,19.076,72.8777,158,158,,,,,,28.59,79,7.45,Rain,moderate rain
2026-07-27 17:03:00,Bangalore,Karnataka,12.9716,77.5946,53,53,27,2.9,11.2,4.1,5,27.98,63,0.89,Clouds,overcast clouds
2026-07-27 17:03:00,Kolkata,West Bengal,22.5726,88.3639,172,172,,,,,,28.39,83,5.51,Rain,moderate rain
2026-07-27 17:03:00,Chennai,Tamil Nadu,13.0827,80.2707,46,46,,,,,,32.09,70,0.89,Rain,light rain
2026-07-27 17:03:00,Hyderabad,Telangana,17.385,78.4867,93,93,,,,,,26.05,76,3.85,Rain,moderate rain
2026-07-27 17:03:00,Pune,Maharashtra,18.5204,73.8567,232,232,138,51,198,,61,24.51,80,0.45,Clouds,overcast clouds
2026-07-27 17:03:00,Lucknow,Uttar Pradesh,26.8467,80.9462,128,128,91,10.8,3,3.4,28.4,37.24,40,0.7,Clouds,overcast clouds
2026-07-27 17:03:00,Patna,Bihar,25.5941,85.1376,21,107,,1,0.5,0.6,20.9,35.2,48,3.19,Clouds,overcast clouds
2026-07-27 17:03:00,Ahmedabad,Gujarat,23.0225,72.5714,108,108,68,0.2,7.3,48.2,11.2,31.6,65,4.73,Rain,light rain
2026-07-27 17:03:00,Jaipur,Rajasthan,26.9124,75.7873,129,129,78,18.8,9.6,10.1,11.3,35.33,40,0.81,Clouds,overcast clouds
2026-07-27 17:03:00,Chandigarh,Chandigarh,30.7333,76.7794,35,13,10,2.8,2.3,3.1,35.4,34.64,49,3.8,Clouds,overcast clouds
2026-07-27 17:03:00,Bhopal,Madhya Pradesh,23.2599,77.4126,50,50,37,5,5.3,6.1,22,28.69,77,4.74,Rain,light rain
2026-07-27 17:03:00,Kanpur,Uttar Pradesh,26.4499,80.3319,150,150,86,6.3,9.9,0.4,5.4,33.99,53,2.47,Clouds,overcast clouds
2026-07-27 17:03:00,Guwahati,Assam,26.1445,91.7362,53,13,9,2.8,4.6,2.6,52.6,28.56,85,1.7,Rain,light rain
2026-07-27 17:03:00,Itanagar,Arunachal Pradesh,27.0844,93.6053,59,13,8,2.8,3.7,3.1,59.1,28.2,92,0.85,Rain,light rain
2026-07-27 17:03:00,Dispur,Assam,26.1433,91.7898,53,13,9,2.8,4.6,2.6,52.6,29.47,87,1.65,Rain,light rain
2026-07-27 17:03:00,Raipur,Chhattisgarh,21.2514,81.6296,113,113,90,3,3.4,0.5,16.8,31.86,59,4.83,Rain,light rain
2026-07-27 17:03:00,Gandhinagar,Gujarat,23.2156,72.6369,76,60,76,3.2,3.4,0.5,0.9,31.42,66,4.86,Rain,light rain
2026-07-27 17:03:00,Shimla,Himachal Pradesh,31.1048,77.1734,35,13,10,2.8,2.3,3.1,35.4,22.13,78,1.66,Rain,light rain
2026-07-27 17:03:00,Thiruvananthapuram,Kerala,8.5241,76.9366,22,22,,,,,,28.09,67,5.57,Clouds,broken clouds
2026-07-27 17:03:00,Imphal,Manipur,24.817,93.9368,50,50,11,6.4,4.2,4.6,15.5,24.19,90,1.08,Rain,light rain
2026-07-27 17:03:00,Shillong,Meghalaya,25.5788,91.8933,53,13,9,2.8,4.6,2.6,52.6,21.31,94,1.75,Clouds,overcast clouds
2026-07-27 17:03:00,Aizawl,Mizoram,23.7271,92.7176,17,13,17,0.6,0.5,5.8,2.3,25.85,95,0.6,Rain,light rain
2026-07-27 17:03:00,Kohima,Nagaland,25.6751,94.1086,50,50,11,6.4,4.2,4.6,15.5,21.05,96,0.94,Rain,light rain
2026-07-27 17:03:00,Gangtok,Sikkim,27.3389,88.6065,69,69,48,0.7,2.5,0.4,4.3,23.81,92,1.11,Rain,light rain
2026-07-27 17:03:00,Agartala,Tripura,23.8315,91.2868,114,114,68,3.5,6.3,2.9,5.8,27.59,88,3.81,Clouds,broken clouds
2026-07-27 17:03:00,Dehradun,Uttarakhand,30.3165,78.0322,35,13,10,2.8,2.3,3.1,35.4,27.98,84,0.75,Rain,moderate rain
2026-07-27 17:03:00,Port Blair,Andaman and Nicobar Islands,11.6234,92.7265,30,30,,,3.5,0.6,,27.97,84,9.92,Rain,light rain
2026-07-27 17:03:00,Daman,Dadra and Nagar Haveli and Daman and Diu,20.3974,72.8328,89,89,64,,5.6,6.7,2.9,27.98,84,7.78,Rain,moderate rain
2026-07-27 17:03:00,Srinagar,Jammu and Kashmir,34.0837,74.7973,165,165,133,2.8,3.2,2.6,49.2,32.25,50,2.69,Clear,clear sky
2026-07-27 17:03:00,Leh,Ladakh,34.1526,77.5771,35,13,10,2.8,2.3,3.1,35.4,24.99,26,3.94,Clear,clear sky
2026-07-27 17:03:00,Puducherry,Puducherry,11.9416,79.8083,44,44,30,3.4,4.6,3.9,17.7,36.29,63,5.47,Clouds,overcast clouds
2026-07-27 20:22:44,Delhi,Delhi,28.6139,77.209,109,109,3,5.5,8.5,5,8.6,36,42,3.76,Clouds,overcast clouds
2026-07-27 20:22:44,Mumbai,Maharashtra,19.076,72.8777,158,158,,,,,,28.08,81,7.24,Rain,moderate rain
2026-07-27 20:22:44,Bangalore,Karnataka,12.9716,77.5946,53,53,27,2.9,11.2,4.1,5,24.04,77,0.45,Clouds,overcast clouds
2026-07-27 20:22:44,Kolkata,West Bengal,22.5726,88.3639,172,172,,,,,,27.06,89,6.31,Rain,light rain
2026-07-27 20:22:44,Chennai,Tamil Nadu,13.0827,80.2707,46,46,,,,,,29.87,76,2.24,Rain,light rain
2026-07-27 20:22:44,Hyderabad,Telangana,17.385,78.4867,93,93,,,,,,25.7,78,3.42,Rain,light rain
2026-07-27 20:22:44,Pune,Maharashtra,18.5204,73.8567,232,232,138,51,198,,61,24.06,78,0.45,Clouds,overcast clouds
2026-07-27 20:22:44,Lucknow,Uttar Pradesh,26.8467,80.9462,128,128,91,10.8,3,3.4,28.4,31.52,61,3.12,Rain,light rain
2026-07-27 20:22:44,Patna,Bihar,25.5941,85.1376,21,107,,1,0.5,0.6,20.9,32.49,58,1.85,Rain,light rain
2026-07-27 20:22:44,Ahmedabad,Gujarat,23.0225,72.5714,108,108,68,0.2,7.3,48.2,11.2,30.76,68,4.46,Clouds,overcast clouds
2026-07-27 20:22:44,Jaipur,Rajasthan,26.9124,75.7873,129,129,78,18.8,9.6,10.1,11.3,33.67,46,1.94,Clouds,overcast clouds
2026-07-27 20:22:44,Chandigarh,Chandigarh,30.7333,76.7794,35,13,10,2.8,1,3.1,35,30.12,69,2.99,Rain,light rain
2026-07-27 20:22:44,Bhopal,Madhya Pradesh,23.2599,77.4126,50,50,37,5,5.3,6.1,22,26.74,84,3.18,Rain,light rain
2026-07-27 20:22:44,Kanpur,Uttar Pradesh,26.4499,80.3319,150,150,86,6.3,9.9,0.4,5.4,32.36,57,2.2,Rain,light rain
2026-07-27 20:22:44,Guwahati,Assam,26.1445,91.7362,55,55,9,2.8,4.6,2.6,40.7,26.26,91,1.62,Rain,light rain
2026-07-27 20:22:44,Itanagar,Arunachal Pradesh,27.0844,93.6053,35,25,10,3.7,8.7,2.6,34.6,25.87,96,1.81,Rain,light rain
2026-07-27 20:22:44,Dispur,Assam,26.1433,91.7898,55,55,9,2.8,4.6,2.6,40.7,27.34,91,1.56,Rain,light rain
2026-07-27 20:22:44,Raipur,Chhattisgarh,21.2514,81.6296,113,113,90,3,3.4,0.5,16.8,28.85,74,5.01,Clouds,overcast clouds
2026-07-27 20:22:44,Gandhinagar,Gujarat,23.2156,72.6369,76,60,76,3.2,3.4,0.5,0.9,29.79,74,4.76,Clouds,overcast clouds
2026-07-27 20:22:44,Shimla,Himachal Pradesh,31.1048,77.1734,35,13,10,2.8,1,3.1,35,18.96,90,0.35,Rain,light rain
2026-07-27 20:22:44,Thiruvananthapuram,Kerala,8.5241,76.9366,82,82,,,,,,26.14,79,4.11,Clouds,overcast clouds
2026-07-27 20:22:44,Imphal,Manipur,24.817,93.9368,59,59,16,6.4,4.2,4.1,9,22.5,95,0.9,Clouds,scattered clouds
2026-07-27 20:22:44,Shillong,Meghalaya,25.5788,91.8933,55,55,9,2.8,4.6,2.6,40.7,18.95,98,2.27,Rain,light rain
2026-07-27 20:22:44,Aizawl,Mizoram,23.7271,92.7176,17,13,17,0.6,0.5,5.8,2.3,20.1,98,1.44,Clouds,overcast clouds
2026-07-27 20:22:44,Kohima,Nagaland,25.6751,94.1086,59,59,16,6.4,4.2,4.1,9,19.26,97,1.9,Clouds,few clouds
2026-07-27 20:22:44,Gangtok,Sikkim,27.3389,88.6065,69,69,48,0.7,2.5,0.4,4.3,21.19,96,0.45,Clouds,overcast clouds
2026-07-27 20:22:44,Agartala,Tripura,23.8315,91.2868,114,114,68,3.5,6.3,2.9,5.8,26.1,93,3.75,Clouds,overcast clouds
2026-07-27 20:22:44,Dehradun,Uttarakhand,30.3165,78.0322,35,13,10,2.8,1,3.1,35,24.65,95,0.19,Clouds,overcast clouds
2026-07-27 20:22:44,Port Blair,Andaman and Nicobar Islands,11.6234,92.7265,30,30,,,3.5,0.6,,27.92,84,9.47,Rain,light rain
2026-07-27 20:22:44,Daman,Dadra and Nagar Haveli and Daman and Diu,20.3974,72.8328,89,89,64,,5.6,6.7,2.9,27.29,88,7.68,Rain,moderate rain
2026-07-27 20:22:44,Srinagar,Jammu and Kashmir,34.0837,74.7973,99,99,71,2.8,4.6,2.1,59.1,25.59,70,0.61,Rain,light rain
2026-07-27 20:22:44,Leh,Ladakh,34.1526,77.5771,35,13,10,2.8,1,3.1,35,22.93,32,3.4,Clear,clear sky
2026-07-27 20:22:44,Puducherry,Puducherry,11.9416,79.8083,44,44,30,3.4,4.6,3.9,17.7,31.85,65,7.05,Clouds,overcast clouds
2026-07-27 22:34:00,Delhi,Delhi,28.6139,77.209,109,109,3,5.5,8.5,5,8.6,35.15,46,3.82,Clouds,overcast clouds
2026-07-27 22:34:00,Mumbai,Maharashtra,19.076,72.8777,158,158,,,,,,27.89,83,7.17,Rain,moderate rain
2026-07-27 22:34:00,Bangalore,Karnataka,12.9716,77.5946,53,53,27,2.9,11.2,4.1,5,23.61,78,0.89,Clouds,overcast clouds
2026-07-27 22:34:00,Kolkata,West Bengal,22.5726,88.3639,172,172,,,,,,29.45,100,7.07,Rain,light rain
2026-07-27 22:34:00,Chennai,Tamil Nadu,13.0827,80.2707,46,46,,,,,,29.27,82,4.02,Rain,light rain
2026-07-27 22:34:00,Hyderabad,Telangana,17.385,78.4867,93,93,,,,,,25.55,78,4.96,Rain,light rain
2026-07-27 22:34:00,Pune,Maharashtra,18.5204,73.8567,232,232,138,51,198,,61,23.38,87,3.6,Clouds,overcast clouds
2026-07-27 22:34:00,Lucknow,Uttar Pradesh,26.8467,80.9462,128,128,91,10.8,3,3.4,28.4,30.06,69,2.5,Rain,light rain
2026-07-27 22:34:00,Patna,Bihar,25.5941,85.1376,21,107,,1,0.5,0.6,20.9,32.35,60,1.61,Rain,light rain
2026-07-27 22:34:00,Ahmedabad,Gujarat,23.0225,72.5714,108,108,68,0.2,7.3,48.2,11.2,29.52,72,5.5,Clouds,overcast clouds
2026-07-27 22:34:00,Jaipur,Rajasthan,26.9124,75.7873,129,129,78,18.8,9.6,10.1,11.3,33.36,48,2.67,Clouds,overcast clouds
2026-07-27 22:34:00,Chandigarh,Chandigarh,30.7333,76.7794,33,13,8,1.9,0.5,3.1,32.5,28.67,75,4.15,Rain,light rain
2026-07-27 22:34:00,Bhopal,Madhya Pradesh,23.2599,77.4126,50,50,37,5,5.3,6.1,22,26.16,86,3.13,Clouds,overcast clouds
2026-07-27 22:34:00,Kanpur,Uttar Pradesh,26.4499,80.3319,150,150,86,6.3,9.9,0.4,5.4,32.34,56,1.39,Rain,light rain
2026-07-27 22:34:00,Guwahati,Assam,26.1445,91.7362,34,34,10,2.8,6.4,2.1,32.9,25.35,94,1.33,Rain,moderate rain
2026-07-27 22:34:00,Itanagar,Arunachal Pradesh,27.0844,93.6053,31,30,14,3.7,7.4,2.6,30.9,25.63,95,1.73,Rain,heavy intensity rain
2026-07-27 22:34:00,Dispur,Assam,26.1433,91.7898,34,34,10,2.8,6.4,2.1,32.9,26.19,95,1.33,Rain,moderate rain
2026-07-27 22:34:00,Raipur,Chhattisgarh,21.2514,81.6296,113,113,90,3,3.4,0.5,16.8,27.96,79,5.24,Rain,light rain
2026-07-27 22:34:00,Gandhinagar,Gujarat,23.2156,72.6369,76,60,76,3.2,3.4,0.5,0.9,29.06,76,5.48,Clouds,overcast clouds
2026-07-27 22:34:00,Shimla,Himachal Pradesh,31.1048,77.1734,33,13,8,1.9,0.5,3.1,32.5,18.92,88,0.52,Rain,light rain
2026-07-27 22:34:00,Thiruvananthapuram,Kerala,8.5241,76.9366,63,63,,,,,,25.86,81,3.52,Rain,light rain
2026-07-27 22:34:00,Imphal,Manipur,24.817,93.9368,42,42,16,6.4,5.1,4.6,6.1,22.36,96,0.81,Rain,light rain
2026-07-27 22:34:00,Shillong,Meghalaya,25.5788,91.8933,34,34,10,2.8,6.4,2.1,32.9,18.73,99,2.21,Clouds,broken clouds
2026-07-27 22:34:00,Aizawl,Mizoram,23.7271,92.7176,17,13,17,0.6,0.5,5.8,2.3,19.61,98,1.06,Clouds,overcast clouds
2026-07-27 22:34:00,Kohima,Nagaland,25.6751,94.1086,42,42,16,6.4,5.1,4.6,6.1,18.7,98,2.05,Rain,light rain
2026-07-27 22:34:00,Gangtok,Sikkim,27.3389,88.6065,69,69,48,0.7,2.5,0.4,4.3,20.97,95,0.77,Clouds,overcast clouds
2026-07-27 22:34:00,Agartala,Tripura,23.8315,91.2868,114,114,68,3.5,6.3,2.9,5.8,25.54,93,3.31,Clouds,overcast clouds
2026-07-27 22:34:00,Dehradun,Uttarakhand,30.3165,78.0322,33,13,8,1.9,0.5,3.1,32.5,24.07,97,1.67,Rain,moderate rain
2026-07-27 22:34:00,Port Blair,Andaman and Nicobar Islands,11.6234,92.7265,30,30,,,3.5,0.6,,27.79,85,9.55,Rain,light rain
2026-07-27 22:34:00,Daman,Dadra and Nagar Haveli and Daman and Diu,20.3974,72.8328,89,89,64,,5.6,6.7,2.9,27.27,89,7.33,Clouds,broken clouds
2026-07-27 22:34:00,Srinagar,Jammu and Kashmir,34.0837,74.7973,153,153,111,2.8,3.7,2.1,44.3,23.92,74,0.81,Rain,moderate rain
2026-07-27 22:34:00,Leh,Ladakh,34.1526,77.5771,33,13,8,1.9,0.5,3.1,32.5,21.82,38,3.22,Clear,clear sky
2026-07-27 22:34:00,Puducherry,Puducherry,11.9416,79.8083,44,44,30,3.4,4.6,3.9,17.7,29.62,63,6.3,Clouds,overcast clouds
2026-07-28 00:27:48,Delhi,Delhi,28.6139,77.209,109,109,3,5.5,8.5,5,8.6,33.05,55,3.81,Clouds,overcast clouds
2026-07-28 00:27:48,Mumbai,Maharashtra,19.076,72.8777,158,158,,,,,,27.6,84,6.35,Rain,moderate rain
2026-07-28 00:27:48,Bangalore,Karnataka,12.9716,77.5946,53,53,27,2.9,11.2,4.1,5,23.05,80,6.81,Clouds,overcast clouds
2026-07-28 00:27:48,Kolkata,West Bengal,22.5726,88.3639,172,172,,,,,,26.7,88,8.57,Rain,light rain
2026-07-28 00:27:48,Chennai,Tamil Nadu,13.0827,80.2707,46,46,,,,,,29.59,84,1.34,Clouds,overcast clouds
2026-07-28 00:27:48,Hyderabad,Telangana,17.385,78.4867,93,93,,,,,,24.36,88,6.39,Rain,light rain
2026-07-28 00:27:48,Pune,Maharashtra,18.5204,73.8567,232,232,138,51,198,,61,22.86,92,2.87,Clouds,overcast clouds
2026-07-28 00:27:48,Lucknow,Uttar Pradesh,26.8467,80.9462,128,128,91,10.8,3,3.4,28.4,28.84,74,2.66,Clouds,overcast clouds
2026-07-28 00:27:48,Patna,Bihar,25.5941,85.1376,21,107,,1,0.5,0.6,20.9,31.3,64,3.31,Clear,clear sky
2026-07-28 00:27:48,Ahmedabad,Gujarat,23.0225,72.5714,108,108,68,0.2,7.3,48.2,11.2,28.7,75,4.86,Clouds,overcast clouds
2026-07-28 00:27:48,Jaipur,Rajasthan,26.9124,75.7873,129,129,78,18.8,9.6,10.1,11.3,32.15,51,1.38,Clouds,overcast clouds
2026-07-28 00:27:48,Chandigarh,Chandigarh,30.7333,76.7794,34,13,10,1.9,0.5,3.1,33.8,28.65,73,3.79,Rain,light rain
2026-07-28 00:27:48,Bhopal,Madhya Pradesh,23.2599,77.4126,50,50,37,5,5.3,6.1,22,25.4,90,2.97,Rain,light rain
2026-07-28 00:27:48,Kanpur,Uttar Pradesh,26.4499,80.3319,150,150,86,6.3,9.9,0.4,5.4,29.14,75,3.68,Clouds,overcast clouds
2026-07-28 00:27:48,Guwahati,Assam,26.1445,91.7362,30,13,7,2.8,4.6,2.1,30.1,24.92,93,1.12,Clouds,overcast clouds
2026-07-28 00:27:48,Itanagar,Arunachal Pradesh,27.0844,93.6053,30,30,15,3.7,8.7,3.1,24.4,25.01,95,1.72,Rain,moderate rain
2026-07-28 00:27:48,Dispur,Assam,26.1433,91.7898,30,13,7,2.8,4.6,2.1,30.1,25.92,94,1.13,Clouds,broken clouds
2026-07-28 00:27:48,Raipur,Chhattisgarh,21.2514,81.6296,113,113,90,3,3.4,0.5,16.8,27.28,81,5.38,Rain,moderate rain
2026-07-28 00:27:48,Gandhinagar,Gujarat,23.2156,72.6369,76,60,76,3.2,3.4,0.5,0.9,27.81,79,5.18,Clouds,overcast clouds
2026-07-28 00:27:48,Shimla,Himachal Pradesh,31.1048,77.1734,34,13,10,1.9,0.5,3.1,33.8,17.68,90,0.64,Clouds,broken clouds
2026-07-28 00:27:48,Thiruvananthapuram,Kerala,8.5241,76.9366,63,63,,,,,,25.49,84,3.42,Rain,light rain
2026-07-28 00:27:48,Imphal,Manipur,24.817,93.9368,50,50,11,5.5,3.2,4.6,4.9,21.63,96,0.82,Clouds,overcast clouds
2026-07-28 00:27:48,Shillong,Meghalaya,25.5788,91.8933,30,13,7,2.8,4.6,2.1,30.1,18.77,98,2.03,Clouds,overcast clouds
2026-07-28 00:27:48,Aizawl,Mizoram,23.7271,92.7176,17,13,17,0.6,0.5,5.8,2.3,19.15,98,0.73,Clouds,overcast clouds
2026-07-28 00:27:48,Kohima,Nagaland,25.6751,94.1086,50,50,11,5.5,3.2,4.6,4.9,18.17,98,2.13,Rain,light rain
2026-07-28 00:27:48,Gangtok,Sikkim,27.3389,88.6065,69,69,48,0.7,2.5,0.4,4.3,21.71,95,0.38,Rain,light rain
2026-07-28 00:27:48,Agartala,Tripura,23.8315,91.2868,114,114,68,3.5,6.3,2.9,5.8,25.12,94,2.73,Clouds,overcast clouds
2026-07-28 00:27:48,Dehradun,Uttarakhand,30.3165,78.0322,34,13,10,1.9,0.5,3.1,33.8,23.55,96,1.36,Clouds,overcast clouds
2026-07-28 00:27:48,Port Blair,Andaman and Nicobar Islands,11.6234,92.7265,63,63,,,,,,27.81,84,9.41,Rain,light rain
2026-07-28 00:27:48,Daman,Dadra and Nagar Haveli and Daman and Diu,20.3974,72.8328,89,89,64,,5.6,6.7,2.9,27.34,90,6.43,Clouds,overcast clouds
2026-07-28 00:27:48,Srinagar,Jammu and Kashmir,34.0837,74.7973,154,154,103,2.8,3.7,1.6,41.9,22.25,76,0.21,Rain,light rain
2026-07-28 00:27:48,Leh,Ladakh,34.1526,77.5771,34,13,10,1.9,0.5,3.1,33.8,20.21,47,3.14,Clear,clear sky
2026-07-28 00:27:48,Puducherry,Puducherry,11.9416,79.8083,44,44,30,3.4,4.6,3.9,17.7,28.51,64,4.83,Clouds,overcast clouds
2026-07-28 02:09:43,Delhi,Delhi,28.6139,77.209,109,109,3,5.5,8.5,5,8.6,31.95,60,4.48,Clouds,overcast clouds
2026-07-28 02:09:43,Mumbai,Maharashtra,19.076,72.8777,158,158,,,,,,27.82,80,6.79,Rain,moderate rain
2026-07-28 02:09:43,Bangalore,Karnataka,12.9716,77.5946,53,53,27,2.9,11.2,4.1,5,22.46,84,0.45,Clouds,overcast clouds
2026-07-28 02:09:43,Kolkata,West Bengal,22.5726,88.3639,172,172,,,,,,26.59,88,7.72,Rain,light rain
2026-07-28 02:09:43,Chennai,Tamil Nadu,13.0827,80.2707,46,46,,,,,,29.61,82,3.58,Clouds,overcast clouds
2026-07-28 02:09:43,Hyderabad,Telangana,17.385,78.4867,93,93,,,,,,24.23,86,6.2,Rain,light rain
2026-07-28 02:09:43,Pune,Maharashtra,18.5204,73.8567,232,232,138,51,198,,61,22.83,92,0.45,Clouds,overcast clouds
2026-07-28 02:09:43,Lucknow,Uttar Pradesh,26.8467,80.9462,128,128,91,10.8,3,3.4,28.4,28.71,74,2.34,Clouds,overcast clouds
2026-07-28 02:09:43,Patna,Bihar,25.5941,85.1376,21,107,,1,0.5,0.6,20.9,30.87,64,3.64,Clouds,few clouds
2026-07-28 02:09:43,Ahmedabad,Gujarat,23.0225,72.5714,108,108,68,0.2,7.3,48.2,11.2,27.83,80,4.75,Clouds,overcast clouds
2026-07-28 02:09:43,Jaipur,Rajasthan,26.9124,75.7873,129,129,78,18.8,9.6,10.1,11.3,31.54,54,1.56,Clouds,overcast clouds
2026-07-28 02:09:43,Chandigarh,Chandigarh,30.7333,76.7794,35,25,9,1.9,0.5,2.6,35.4,26.59,84,5.03,Clouds,overcast clouds
2026-07-28 02:09:43,Bhopal,Madhya Pradesh,23.2599,77.4126,50,50,37,5,5.3,6.1,22,25,91,3.57,Rain,moderate rain
2026-07-28 02:09:43,Kanpur,Uttar Pradesh,26.4499,80.3319,150,150,86,6.3,9.9,0.4,5.4,28.77,76,3.07,Clouds,overcast clouds
2026-07-28 02:09:43,Guwahati,Assam,26.1445,91.7362,35,30,7,2.8,1.9,3.1,34.6,24.57,93,1.33,Rain,light rain
2026-07-28 02:09:43,Itanagar,Arunachal Pradesh,27.0844,93.6053,25,25,10,3.7,6.9,3.1,22.8,24.43,97,1.33,Rain,light rain
2026-07-28 02:09:43,Dispur,Assam,26.1433,91.7898,35,30,7,2.8,1.9,3.1,34.6,25.56,94,1.3,Rain,light rain
2026-07-28 02:09:43,Raipur,Chhattisgarh,21.2514,81.6296,113,113,90,3,3.4,0.5,16.8,26.49,85,5.09,Rain,light rain
2026-07-28 02:09:43,Gandhinagar,Gujarat,23.2156,72.6369,76,60,76,3.2,3.4,0.5,0.9,27.3,82,4.71,Clouds,overcast clouds
2026-07-28 02:09:43,Shimla,Himachal Pradesh,31.1048,77.1734,35,25,9,1.9,0.5,2.6,35.4,17.62,90,1.05,Rain,light rain
2026-07-28 02:09:43,Thiruvananthapuram,Kerala,8.5241,76.9366,71,71,,,,,,25.06,87,3.45,Rain,light rain
2026-07-28 02:09:43,Imphal,Manipur,24.817,93.9368,46,46,11,5.5,2.8,4.1,4.5,20.99,98,0.72,Clouds,broken clouds
2026-07-28 02:09:43,Shillong,Meghalaya,25.5788,91.8933,35,30,7,2.8,1.9,3.1,34.6,18.46,98,1.79,Clouds,overcast clouds
2026-07-28 02:09:43,Aizawl,Mizoram,23.7271,92.7176,17,13,17,0.6,0.5,5.8,2.3,21.1,99,0.79,Rain,moderate rain
2026-07-28 02:09:43,Kohima,Nagaland,25.6751,94.1086,46,46,11,5.5,2.8,4.1,4.5,18.12,97,1.94,Clouds,overcast clouds
2026-07-28 02:09:43,Gangtok,Sikkim,27.3389,88.6065,69,69,48,0.7,2.5,0.4,4.3,21.23,95,0.57,Clouds,overcast clouds
2026-07-28 02:09:43,Agartala,Tripura,23.8315,91.2868,114,114,68,3.5,6.3,2.9,5.8,24.71,96,2.24,Clouds,overcast clouds
2026-07-28 02:09:43,Dehradun,Uttarakhand,30.3165,78.0322,35,25,9,1.9,0.5,2.6,35.4,23.42,96,0.57,Rain,heavy intensity rain
2026-07-28 02:09:43,Port Blair,Andaman and Nicobar Islands,11.6234,92.7265,71,71,,,,,,27.79,85,9.31,Clouds,overcast clouds
2026-07-28 02:09:43,Daman,Dadra and Nagar Haveli and Daman and Diu,20.3974,72.8328,89,89,64,,5.6,6.7,2.9,27.24,87,6.26,Rain,light rain
2026-07-28 02:09:43,Srinagar,Jammu and Kashmir,34.0837,74.7973,127,127,81,1.9,2.8,1.6,43.9,21.7,77,0.19,Clouds,broken clouds
2026-07-28 02:09:43,Leh,Ladakh,34.1526,77.5771,35,25,9,1.9,0.5,2.6,35.4,19.02,53,2.68,Clear,clear sky
2026-07-28 02:09:43,Puducherry,Puducherry,11.9416,79.8083,44,44,30,3.4,4.6,3.9,17.7,28.51,63,3.21,Clouds,overcast clouds
2026-07-28 03:42:48,Delhi,Delhi,28.6139,77.209,109,109,3,5.5,8.5,5,8.6,31.24,64,4.12,Clouds,overcast clouds
2026-07-28 03:42:48,Mumbai,Maharashtra,19.076,72.8777,158,158,,,,,,27.73,82,6.72,Rain,light rain
2026-07-28 03:42:48,Bangalore,Karnataka,12.9716,77.5946,53,53,27,2.9,11.2,4.1,5,21.94,85,6.1,Clouds,overcast clouds
2026-07-28 03:42:48,Kolkata,West Bengal,22.5726,88.3639,172,172,,,,,,26.44,89,9.22,Rain,light rain
2026-07-28 03:42:48,Chennai,Tamil Nadu,13.0827,80.2707,46,46,,,,,,29.01,81,0.89,Clouds,overcast clouds
2026-07-28 03:42:48,Hyderabad,Telangana,17.385,78.4867,93,93,,,,,,24.27,83,7.31,Clouds,overcast clouds
2026-07-28 03:42:48,Pune,Maharashtra,18.5204,73.8567,232,232,138,51,198,,61,22.83,92,0.45,Clouds,overcast clouds
2026-07-28 03:42:48,Lucknow,Uttar Pradesh,26.8467,80.9462,128,128,91,10.8,3,3.4,28.4,28.51,75,2.83,Clouds,overcast clouds
2026-07-28 03:42:48,Patna,Bihar,25.5941,85.1376,21,107,,1,0.5,0.6,20.9,30.48,66,3.46,Clouds,few clouds
2026-07-28 03:42:48,Ahmedabad,Gujarat,23.0225,72.5714,108,108,68,0.2,7.3,48.2,11.2,27.67,81,4.6,Clouds,overcast clouds
2026-07-28 03:42:48,Jaipur,Rajasthan,26.9124,75.7873,129,129,78,18.8,9.6,10.1,11.3,31.25,55,1.57,Clouds,overcast clouds
2026-07-28 03:42:48,Chandigarh,Chandigarh,30.7333,76.7794,33,13,6,2.8,0.5,3.1,32.9,25.87,89,5.2,Rain,light rain
2026-07-28 03:42:48,Bhopal,Madhya Pradesh,23.2599,77.4126,50,50,37,5,5.3,6.1,22,24.84,92,3.71,Rain,light rain
2026-07-28 03:42:48,Kanpur,Uttar Pradesh,26.4499,80.3319,150,150,86,6.3,9.9,0.4,5.4,28.8,76,2.77,Clouds,overcast clouds
2026-07-28 03:42:48,Guwahati,Assam,26.1445,91.7362,31,25,6,1.9,1.9,2.6,31.3,24.34,94,1.21,Clouds,overcast clouds
2026-07-28 03:42:48,Itanagar,Arunachal Pradesh,27.0844,93.6053,29,13,7,4.6,5.5,3.1,28.5,24.16,97,1.48,Rain,light rain
2026-07-28 03:42:48,Dispur,Assam,26.1433,91.7898,31,25,6,1.9,1.9,2.6,31.3,25.36,94,1.2,Clouds,overcast clouds
2026-07-28 03:42:48,Raipur,Chhattisgarh,21.2514,81.6296,113,113,90,3,3.4,0.5,16.8,25.98,87,5.74,Rain,moderate rain
2026-07-28 03:42:48,Gandhinagar,Gujarat,23.2156,72.6369,76,60,76,3.2,3.4,0.5,0.9,27.07,83,5.14,Clouds,overcast clouds
2026-07-28 03:42:48,Shimla,Himachal Pradesh,31.1048,77.1734,33,13,6,2.8,0.5,3.1,32.9,17.91,89,0.7,Rain,light rain
2026-07-28 03:42:48,Thiruvananthapuram,Kerala,8.5241,76.9366,68,68,,,,,,24.82,88,3.4,Rain,light rain
2026-07-28 03:42:48,Imphal,Manipur,24.817,93.9368,55,55,11,5.5,2.8,4.6,4.1,20.95,98,0.56,Clouds,overcast clouds
2026-07-28 03:42:48,Shillong,Meghalaya,25.5788,91.8933,31,25,6,1.9,1.9,2.6,31.3,18.48,97,1.81,Clouds,overcast clouds
2026-07-28 03:42:48,Aizawl,Mizoram,23.7271,92.7176,17,13,17,0.6,0.5,5.8,2.3,18.64,99,0.8,Clouds,overcast clouds
2026-07-28 03:42:48,Kohima,Nagaland,25.6751,94.1086,55,55,11,5.5,2.8,4.6,4.1,17.97,97,1.99,Rain,light rain
2026-07-28 03:42:48,Gangtok,Sikkim,27.3389,88.6065,69,69,48,0.7,2.5,0.4,4.3,21.09,95,0.83,Clouds,overcast clouds
2026-07-28 03:42:48,Agartala,Tripura,23.8315,91.2868,114,114,68,3.5,6.3,2.9,5.8,24.63,97,2.38,Clouds,overcast clouds
2026-07-28 03:42:48,Dehradun,Uttarakhand,30.3165,78.0322,33,13,6,2.8,0.5,3.1,32.9,23.09,97,0.45,Rain,heavy intensity rain
2026-07-28 03:42:48,Port Blair,Andaman and Nicobar Islands,11.6234,92.7265,68,68,,,,,,27.81,85,9.43,Rain,light rain
2026-07-28 03:42:48,Daman,Dadra and Nagar Haveli and Daman and Diu,20.3974,72.8328,89,89,64,,5.6,6.7,2.9,27.38,85,6.01,Rain,light rain
2026-07-28 03:42:48,Srinagar,Jammu and Kashmir,34.0837,74.7973,127,127,75,1.9,2.3,2.1,41.9,20.59,84,0.33,Rain,light rain
2026-07-28 03:42:48,Leh,Ladakh,34.1526,77.5771,33,13,6,2.8,0.5,3.1,32.9,18.45,57,2.55,Clear,clear sky
2026-07-28 03:42:48,Puducherry,Puducherry,11.9416,79.8083,44,44,30,3.4,4.6,3.9,17.7,28.51,65,4.78,Clouds,overcast clouds
2026-07-28 05:06:51,Delhi,Delhi,28.6139,77.209,109,109,3,5.5,8.5,5,8.6,30.87,66,3.52,Clouds,overcast clouds
2026-07-28 05:06:51,Mumbai,Maharashtra,19.076,72.8777,158,158,,,,,,28.16,81,7.81,Rain,light rain
2026-07-28 05:06:51,Bangalore,Karnataka,12.9716,77.5946,53,53,27,2.9,11.2,4.1,5,21.94,85,0.45,Clouds,overcast clouds
2026-07-28 05:06:51,Kolkata,West Bengal,22.5726,88.3639,172,172,,,,,,26.56,88,8.02,Rain,light rain
2026-07-28 05:06:51,Chennai,Tamil Nadu,13.0827,80.2707,46,46,,,,,,29.16,78,0.89,Clouds,overcast clouds
2026-07-28 05:06:51,Hyderabad,Telangana,17.385,78.4867,93,93,,,,,,23.68,85,6.87,Clouds,overcast clouds
2026-07-28 05:06:51,Pune,Maharashtra,18.5204,73.8567,232,232,138,51,198,,61,23.38,88,3.47,Clouds,overcast clouds
2026-07-28 05:06:51,Lucknow,Uttar Pradesh,26.8467,80.9462,128,128,91,10.8,3,3.4,28.4,28.14,76,2.1,Clouds,overcast clouds
2026-07-28 05:06:51,Patna,Bihar,25.5941,85.1376,21,107,,1,0.5,0.6,20.9,29.81,68,3.58,Clouds,scattered clouds
2026-07-28 05:06:51,Ahmedabad,Gujarat,23.0225,72.5714,108,108,68,0.2,7.3,48.2,11.2,27.05,82,4.49,Clouds,overcast clouds
2026-07-28 05:06:51,Jaipur,Rajasthan,26.9124,75.7873,129,129,78,18.8,9.6,10.1,11.3,30.91,57,1.91,Clouds,overcast clouds
2026-07-28 05:06:51,Chandigarh,Chandigarh,30.7333,76.7794,36,13,6,1.9,0.5,3.1,36.2,25.43,89,4.28,Rain,light rain
2026-07-28 05:06:51,Bhopal,Madhya Pradesh,23.2599,77.4126,50,50,37,5,5.3,6.1,22,24.62,93,4.85,Clouds,broken clouds
2026-07-28 05:06:51,Kanpur,Uttar Pradesh,26.4499,80.3319,150,150,86,6.3,9.9,0.4,5.4,28.7,76,2.59,Clouds,overcast clouds
2026-07-28 05:06:51,Guwahati,Assam,26.1445,91.7362,32,30,8,1.9,3.2,3.6,32.1,24.58,93,1.29,Clouds,overcast clouds
2026-07-28 05:06:51,Itanagar,Arunachal Pradesh,27.0844,93.6053,34,13,6,3.7,3.7,5.1,33.8,24.5,96,1.48,Rain,light rain
2026-07-28 05:06:51,Dispur,Assam,26.1433,91.7898,32,30,8,1.9,3.2,3.6,32.1,25.51,94,1.35,Clouds,overcast clouds
2026-07-28 05:06:51,Raipur,Chhattisgarh,21.2514,81.6296,113,113,90,3,3.4,0.5,16.8,25.48,90,5.68,Clouds,overcast clouds
2026-07-28 05:06:51,Gandhinagar,Gujarat,23.2156,72.6369,76,60,76,3.2,3.4,0.5,0.9,26.53,86,4.27,Clouds,overcast clouds
2026-07-28 05:06:51,Shimla,Himachal Pradesh,31.1048,77.1734,36,13,6,1.9,0.5,3.1,36.2,18.03,88,0.45,Clouds,broken clouds
2026-07-28 05:06:51,Thiruvananthapuram,Kerala,8.5241,76.9366,42,42,,,,,,24.71,88,3.52,Rain,light rain
2026-07-28 05:06:51,Imphal,Manipur,24.817,93.9368,38,38,13,5.5,2.8,4.6,4.5,21.53,97,0.72,Rain,light rain
2026-07-28 05:06:51,Shillong,Meghalaya,25.5788,91.8933,32,30,8,1.9,3.2,3.6,32.1,18.71,94,1.46,Clouds,overcast clouds
2026-07-28 05:06:51,Aizawl,Mizoram,23.7271,92.7176,17,13,17,0.6,0.5,5.8,2.3,21.21,100,0.81,Rain,moderate rain
2026-07-28 05:06:51,Kohima,Nagaland,25.6751,94.1086,38,38,13,5.5,2.8,4.6,4.5,18.43,96,1.93,Clouds,broken clouds
2026-07-28 05:06:51,Gangtok,Sikkim,27.3389,88.6065,69,69,48,0.7,2.5,0.4,4.3,21.16,94,0.67,Clouds,overcast clouds
2026-07-28 05:06:51,Agartala,Tripura,23.8315,91.2868,114,114,68,3.5,6.3,2.9,5.8,24.94,95,2.48,Clouds,overcast clouds
2026-07-28 05:06:51,Dehradun,Uttarakhand,30.3165,78.0322,36,13,6,1.9,0.5,3.1,36.2,23.31,96,0.53,Rain,heavy intensity rain
2026-07-28 05:06:51,Port Blair,Andaman and Nicobar Islands,11.6234,92.7265,42,42,,,,,,27.9,85,9.55,Clouds,overcast clouds
2026-07-28 05:06:51,Daman,Dadra and Nagar Haveli and Daman and Diu,20.3974,72.8328,89,89,64,,5.6,6.7,2.9,27.27,86,6.68,Clouds,overcast clouds
2026-07-28 05:06:51,Srinagar,Jammu and Kashmir,34.0837,74.7973,129,129,81,1.9,3.7,2.1,36.6,20.59,87,0.31,Clouds,scattered clouds
2026-07-28 05:06:51,Leh,Ladakh,34.1526,77.5771,36,13,6,1.9,0.5,3.1,36.2,17.21,65,2.92,Rain,light rain
2026-07-28 05:06:51,Puducherry,Puducherry,11.9416,79.8083,44,44,30,3.4,4.6,3.9,17.7,27.96,64,5.46,Clouds,overcast clouds
2026-07-28 08:50:15,Delhi,Delhi,28.6139,77.209,109,109,3,5.5,8.5,5,8.6,29.16,74,4.7,Rain,light rain
2026-07-28 08:50:15,Mumbai,Maharashtra,19.076,72.8777,158,158,,,,,,28.3,81,8.09,Rain,moderate rain
2026-07-28 08:50:15,Bangalore,Karnataka,12.9716,77.5946,53,53,27,2.9,11.2,4.1,5,23.05,80,0.89,Clouds,overcast clouds
2026-07-28 08:50:15,Kolkata,West Bengal,22.5726,88.3639,172,172,,,,,,28.7,79,7.33,Rain,light rain
2026-07-28 08:50:15,Chennai,Tamil Nadu,13.0827,80.2707,46,46,,,,,,31.57,66,1.79,Clouds,overcast clouds
2026-07-28 08:50:15,Hyderabad,Telangana,17.385,78.4867,93,93,,,,,,25.11,80,7.61,Clouds,overcast clouds
2026-07-28 08:50:15,Pune,Maharashtra,18.5204,73.8567,232,232,138,51,198,,61,26.16,70,3.36,Rain,light rain
2026-07-28 08:50:15,Lucknow,Uttar Pradesh,26.8467,80.9462,128,128,91,10.8,3,3.4,28.4,30.14,66,1.63,Clouds,overcast clouds
2026-07-28 08:50:15,Patna,Bihar,25.5941,85.1376,21,107,,1,0.5,0.6,20.9,33.25,54,5.01,Clear,clear sky
2026-07-28 08:50:15,Ahmedabad,Gujarat,23.0225,72.5714,108,108,68,0.2,7.3,48.2,11.2,28.54,73,4.86,Clouds,scattered clouds
2026-07-28 08:50:15,Jaipur,Rajasthan,26.9124,75.7873,129,129,78,18.8,9.6,10.1,11.3,32.52,54,1.89,Clouds,overcast clouds
2026-07-28 08:50:15,Chandigarh,Chandigarh,30.7333,76.7794,33,13,8,2.8,1.4,3.1,32.9,27.78,79,6.08,Clouds,broken clouds
2026-07-28 08:50:15,Bhopal,Madhya Pradesh,23.2599,77.4126,50,50,37,5,5.3,6.1,22,26.05,87,5.84,Rain,light rain
2026-07-28 08:50:15,Kanpur,Uttar Pradesh,26.4499,80.3319,150,150,86,6.3,9.9,0.4,5.4,30.85,67,2.46,Clouds,scattered clouds
2026-07-28 08:50:15,Guwahati,Assam,26.1445,91.7362,32,25,6,2.8,5.1,5.1,31.7,27.75,87,0.3,Rain,moderate rain
2026-07-28 08:50:15,Itanagar,Arunachal Pradesh,27.0844,93.6053,35,25,8,3.7,4.6,4.6,35,28.44,91,2.06,Rain,moderate rain
2026-07-28 08:50:15,Dispur,Assam,26.1433,91.7898,32,25,6,2.8,5.1,5.1,31.7,28.89,87,0.28,Rain,moderate rain
2026-07-28 08:50:15,Raipur,Chhattisgarh,21.2514,81.6296,113,113,90,3,3.4,0.5,16.8,27.55,81,4.09,Rain,light rain
2026-07-28 08:50:15,Gandhinagar,Gujarat,23.2156,72.6369,76,60,76,3.2,3.4,0.5,0.9,28.16,77,5.64,Clouds,scattered clouds
2026-07-28 08:50:15,Shimla,Himachal Pradesh,31.1048,77.1734,33,13,8,2.8,1.4,3.1,32.9,20.63,78,1.22,Clouds,overcast clouds
2026-07-28 08:50:15,Thiruvananthapuram,Kerala,8.5241,76.9366,52,52,,,,,,28.63,83,4.76,Rain,light rain
2026-07-28 08:50:15,Imphal,Manipur,24.817,93.9368,25,25,16,6.4,4.2,4.6,2.9,24.51,91,1.81,Rain,moderate rain
2026-07-28 08:50:15,Shillong,Meghalaya,25.5788,91.8933,32,25,6,2.8,5.1,5.1,31.7,22.83,79,1.47,Clouds,overcast clouds
2026-07-28 08:50:15,Aizawl,Mizoram,23.7271,92.7176,17,13,17,0.6,0.5,5.8,2.3,24.47,79,1.16,Rain,light rain
2026-07-28 08:50:15,Kohima,Nagaland,25.6751,94.1086,25,25,16,6.4,4.2,4.6,2.9,23.15,86,0.56,Rain,light rain
2026-07-28 08:50:15,Gangtok,Sikkim,27.3389,88.6065,69,69,48,0.7,2.5,0.4,4.3,24.54,86,1.72,Rain,light rain
2026-07-28 08:50:15,Agartala,Tripura,23.8315,91.2868,114,114,68,3.5,6.3,2.9,5.8,29.32,76,4.57,Clouds,overcast clouds
2026-07-28 08:50:15,Dehradun,Uttarakhand,30.3165,78.0322,33,13,8,2.8,1.4,3.1,32.9,24.64,94,1.13,Rain,heavy intensity rain
2026-07-28 08:50:15,Port Blair,Andaman and Nicobar Islands,11.6234,92.7265,31,31,,,2.4,0.6,,28.63,83,9.36,Clouds,overcast clouds
2026-07-28 08:50:15,Daman,Dadra and Nagar Haveli and Daman and Diu,20.3974,72.8328,89,89,64,,5.6,6.7,2.9,27.64,86,6.1,Rain,light rain
2026-07-28 08:50:15,Srinagar,Jammu and Kashmir,34.0837,74.7973,119,119,84,2.8,8.3,2.1,22.8,23.92,74,0.78,Clouds,scattered clouds
2026-07-28 08:50:15,Leh,Ladakh,34.1526,77.5771,33,13,8,2.8,1.4,3.1,32.9,18.45,57,3.12,Clouds,few clouds
2026-07-28 08:50:15,Puducherry,Puducherry,11.9416,79.8083,44,44,30,3.4,4.6,3.9,17.7,31.85,60,5.45,Clouds,overcast clouds
2026-07-28 11:40:17,Delhi,Delhi,28.6139,77.209,109,109,3,5.5,8.5,5,8.6,33.36,58,3.63,Rain,light rain
2026-07-28 11:40:17,Mumbai,Maharashtra,19.076,72.8777,158,158,,,,,,29.18,78,8.14,Rain,moderate rain
2026-07-28 11:40:17,Bangalore,Karnataka,12.9716,77.5946,53,53,27,2.9,11.2,4.1,5,26.87,68,1.79,Clouds,overcast clouds
2026-07-28 11:40:17,Kolkata,West Bengal,22.5726,88.3639,172,172,,,,,,27.46,87,5.88,Rain,light rain
2026-07-28 11:40:17,Chennai,Tamil Nadu,13.0827,80.2707,46,46,,,,,,34.32,57,2.68,Clouds,overcast clouds
2026-07-28 11:40:17,Hyderabad,Telangana,17.385,78.4867,93,93,,,,,,26.24,74,6.73,Clouds,overcast clouds
2026-07-28 11:40:17,Pune,Maharashtra,18.5204,73.8567,232,232,138,51,198,,61,26.28,70,0.45,Clouds,overcast clouds
2026-07-28 11:40:17,Lucknow,Uttar Pradesh,26.8467,80.9462,128,128,91,10.8,3,3.4,28.4,32.69,57,0.66,Clouds,overcast clouds
2026-07-28 11:40:17,Patna,Bihar,25.5941,85.1376,21,107,,1,0.5,0.6,20.9,34.73,48,6.57,Rain,light rain
2026-07-28 11:40:17,Ahmedabad,Gujarat,23.0225,72.5714,108,108,68,0.2,7.3,48.2,11.2,31.93,57,5.08,Clouds,scattered clouds
2026-07-28 11:40:17,Jaipur,Rajasthan,26.9124,75.7873,129,129,78,18.8,9.6,10.1,11.3,35.54,44,4.82,Rain,light rain
2026-07-28 11:40:17,Chandigarh,Chandigarh,30.7333,76.7794,37,13,6,1.9,0.5,3.1,37,29.65,73,2.69,Clouds,broken clouds
2026-07-28 11:40:17,Bhopal,Madhya Pradesh,23.2599,77.4126,50,50,37,5,5.3,6.1,22,29.54,72,5.07,Clouds,overcast clouds
2026-07-28 11:40:17,Kanpur,Uttar Pradesh,26.4499,80.3319,150,150,86,6.3,9.9,0.4,5.4,31.64,64,2.56,Clouds,overcast clouds
2026-07-28 11:40:17,Guwahati,Assam,26.1445,91.7362,40,13,9,2.8,3.7,4.1,40.3,32.04,64,2.22,Clouds,overcast clouds
2026-07-28 11:40:17,Itanagar,Arunachal Pradesh,27.0844,93.6053,39,13,7,2.8,3.2,3.6,38.6,29.68,86,0.84,Rain,moderate rain
2026-07-28 11:40:17,Dispur,Assam,26.1433,91.7898,40,13,9,2.8,3.7,4.1,40.3,33.26,63,2.07,Clouds,overcast clouds
2026-07-28 11:40:17,Raipur,Chhattisgarh,21.2514,81.6296,113,113,90,3,3.4,0.5,16.8,26.92,84,3.7,Clouds,overcast clouds
2026-07-28 11:40:17,Gandhinagar,Gujarat,23.2156,72.6369,76,60,76,3.2,3.4,0.5,0.9,31.25,61,5.34,Clouds,scattered clouds
2026-07-28 11:40:17,Shimla,Himachal Pradesh,31.1048,77.1734,37,13,6,1.9,0.5,3.1,37,21.7,78,1.29,Rain,light rain
2026-07-28 11:40:17,Thiruvananthapuram,Kerala,8.5241,76.9366,35,35,,,,,,30.14,68,6.09,Rain,light rain
2026-07-28 11:40:17,Imphal,Manipur,24.817,93.9368,34,34,13,4.6,2.3,4.6,19.9,25.91,88,2.06,Clouds,broken clouds
2026-07-28 11:40:17,Shillong,Meghalaya,25.5788,91.8933,40,13,9,2.8,3.7,4.1,40.3,23.78,85,1.2,Clouds,overcast clouds
2026-07-28 11:40:17,Aizawl,Mizoram,23.7271,92.7176,17,13,17,0.6,0.5,5.8,2.3,26.82,69,0.84,Rain,light rain
2026-07-28 11:40:17,Kohima,Nagaland,25.6751,94.1086,34,34,13,4.6,2.3,4.6,19.9,24.7,80,1.18,Clouds,scattered clouds
2026-07-28 11:40:17,Gangtok,Sikkim,27.3389,88.6065,69,69,48,0.7,2.5,0.4,4.3,24.37,90,1.53,Rain,light rain
2026-07-28 11:40:17,Agartala,Tripura,23.8315,91.2868,114,114,68,3.5,6.3,2.9,5.8,30.62,77,4.85,Rain,moderate rain
2026-07-28 11:40:17,Dehradun,Uttarakhand,30.3165,78.0322,37,13,6,1.9,0.5,3.1,37,27.87,82,1.62,Clouds,overcast clouds
2026-07-28 11:40:17,Port Blair,Andaman and Nicobar Islands,11.6234,92.7265,30,30,,,1.8,1.1,,29.43,77,10.2,Clouds,overcast clouds
2026-07-28 11:40:17,Daman,Dadra and Nagar Haveli and Daman and Diu,20.3974,72.8328,89,89,64,,5.6,6.7,2.9,28.92,80,6.76,Rain,light rain
2026-07-28 11:40:17,Srinagar,Jammu and Kashmir,34.0837,74.7973,129,129,86,1.9,1.9,2.6,50,29.47,57,0.88,Clouds,few clouds
2026-07-28 11:40:17,Leh,Ladakh,34.1526,77.5771,37,13,6,1.9,0.5,3.1,37,21.53,41,3.28,Clear,clear sky
2026-07-28 11:40:17,Puducherry,Puducherry,11.9416,79.8083,44,44,30,3.4,4.6,3.9,17.7,35.74,50,3.12,Clouds,overcast clouds
2026-07-28 14:49:22,Delhi,Delhi,28.6139,77.209,109,109,3,5.5,8.5,5,8.6,32.67,60,3.97,Rain,light rain
2026-07-28 14:49:22,Mumbai,Maharashtra,19.076,72.8777,158,158,,,,,,29.48,77,8.31,Rain,light rain
2026-07-28 14:49:22,Bangalore,Karnataka,12.9716,77.5946,53,53,27,2.9,11.2,4.1,5,26.94,70,0.45,Clouds,overcast clouds
2026-07-28 14:49:22,Kolkata,West Bengal,22.5726,88.3639,172,172,,,,,,29.44,78,7.81,Rain,light rain
2026-07-28 14:49:22,Chennai,Tamil Nadu,13.0827,80.2707,46,46,,,,,,37.18,48,2.24,Clouds,overcast clouds
2026-07-28 14:49:22,Hyderabad,Telangana,17.385,78.4867,93,93,,,,,,30.15,57,8.1,Clouds,overcast clouds
2026-07-28 14:49:22,Pune,Maharashtra,18.5204,73.8567,232,232,138,51,198,,61,26.64,73,0.45,Clouds,overcast clouds
2026-07-28 14:49:22,Lucknow,Uttar Pradesh,26.8467,80.9462,128,128,91,10.8,3,3.4,28.4,35.62,44,1.77,Clouds,scattered clouds
2026-07-28 14:49:22,Patna,Bihar,25.5941,85.1376,21,107,,1,0.5,0.6,20.9,35.4,46,6.02,Clouds,overcast clouds
2026-07-28 14:49:22,Ahmedabad,Gujarat,23.0225,72.5714,108,108,68,0.2,7.3,48.2,11.2,34.49,45,5.52,Clouds,overcast clouds
2026-07-28 14:49:22,Jaipur,Rajasthan,26.9124,75.7873,129,129,78,18.8,9.6,10.1,11.3,35.16,44,1.15,Clouds,overcast clouds
2026-07-28 14:49:22,Chandigarh,Chandigarh,30.7333,76.7794,37,13,6,1.9,0.5,3.1,37,32.42,60,2.67,Rain,light rain
2026-07-28 14:49:22,Bhopal,Madhya Pradesh,23.2599,77.4126,50,50,37,5,5.3,6.1,22,27.93,78,4.6,Rain,moderate rain
2026-07-28 14:49:22,Kanpur,Uttar Pradesh,26.4499,80.3319,150,150,86,6.3,9.9,0.4,5.4,35.33,50,1.71,Clouds,broken clouds
2026-07-28 14:49:22,Guwahati,Assam,26.1445,91.7362,46,25,10,2.8,3.2,3.1,45.9,31.66,71,1.14,Rain,moderate rain
2026-07-28 14:49:22,Itanagar,Arunachal Pradesh,27.0844,93.6053,43,13,7,2.8,2.8,3.6,43.1,31.38,75,1.34,Rain,light rain
2026-07-28 14:49:22,Dispur,Assam,26.1433,91.7898,46,25,10,2.8,3.2,3.1,45.9,32.56,72,1.27,Rain,moderate rain
2026-07-28 14:49:22,Raipur,Chhattisgarh,21.2514,81.6296,113,113,90,3,3.4,0.5,16.8,29.04,73,6.9,Rain,light rain
2026-07-28 14:49:22,Gandhinagar,Gujarat,23.2156,72.6369,76,60,76,3.2,3.4,0.5,0.9,33.61,50,4.82,Clouds,overcast clouds
2026-07-28 14:49:22,Shimla,Himachal Pradesh,31.1048,77.1734,37,13,6,1.9,0.5,3.1,37,20.64,81,2.39,Rain,moderate rain
2026-07-28 14:49:22,Thiruvananthapuram,Kerala,8.5241,76.9366,35,35,,,,,,30.23,64,6.44,Rain,light rain
2026-07-28 14:49:22,Imphal,Manipur,24.817,93.9368,46,46,6,4.6,1.9,3.6,26,27.85,77,1.49,Clouds,broken clouds
2026-07-28 14:49:22,Shillong,Meghalaya,25.5788,91.8933,46,25,10,2.8,3.2,3.1,45.9,23.14,87,1.13,Clouds,overcast clouds
2026-07-28 14:49:22,Aizawl,Mizoram,23.7271,92.7176,17,13,17,0.6,0.5,5.8,2.3,25.1,90,1.01,Rain,light rain
2026-07-28 14:49:22,Kohima,Nagaland,25.6751,94.1086,46,46,6,4.6,1.9,3.6,26,22.93,93,0.81,Clouds,overcast clouds
2026-07-28 14:49:22,Gangtok,Sikkim,27.3389,88.6065,69,69,48,0.7,2.5,0.4,4.3,24.21,93,1.34,Rain,light rain
2026-07-28 14:49:22,Agartala,Tripura,23.8315,91.2868,114,114,68,3.5,6.3,2.9,5.8,30.06,80,5.05,Clouds,overcast clouds
2026-07-28 14:49:22,Dehradun,Uttarakhand,30.3165,78.0322,37,13,6,1.9,0.5,3.1,37,27.71,86,1.59,Rain,light rain
2026-07-28 14:49:22,Port Blair,Andaman and Nicobar Islands,11.6234,92.7265,22,22,,,2.9,0.6,,29,80,9.76,Rain,light rain
2026-07-28 14:49:22,Daman,Dadra and Nagar Haveli and Daman and Diu,20.3974,72.8328,89,89,64,,5.6,6.7,2.9,28.85,81,7.85,Rain,light rain
2026-07-28 14:49:22,Srinagar,Jammu and Kashmir,34.0837,74.7973,134,134,81,2.8,1,2.1,55.8,30.59,54,1.34,Clear,clear sky
2026-07-28 14:49:22,Leh,Ladakh,34.1526,77.5771,37,13,6,1.9,0.5,3.1,37,23.98,30,3.25,Clear,clear sky
2026-07-28 14:49:22,Puducherry,Puducherry,11.9416,79.8083,44,44,30,3.4,4.6,3.9,17.7,37.4,51,5.27,Clouds,overcast clouds
2026-07-28 17:06:29,Delhi,Delhi,28.6139,77.209,109,109,3,5.5,8.5,5,8.6,35.5,48,2.87,Rain,light rain
2026-07-28 17:06:29,Mumbai,Maharashtra,19.076,72.8777,158,158,,,,,,29.17,77,8.39,Rain,light rain
2026-07-28 17:06:29,Bangalore,Karnataka,12.9716,77.5946,53,53,27,2.9,11.2,4.1,5,27.92,62,0.45,Clouds,overcast clouds
2026-07-28 17:06:29,Kolkata,West Bengal,22.5726,88.3639,172,172,,,,,,28.54,80,7.17,Clouds,broken clouds
2026-07-28 17:06:29,Chennai,Tamil Nadu,13.0827,80.2707,46,46,,,,,,31.09,72,7.37,Clouds,overcast clouds
2026-07-28 17:06:29,Hyderabad,Telangana,17.385,78.4867,93,93,,,,,,27,71,6.03,Clouds,overcast clouds
2026-07-28 17:06:29,Pune,Maharashtra,18.5204,73.8567,232,232,138,51,198,,61,26.18,69,0.45,Clouds,overcast clouds
2026-07-28 17:06:29,Lucknow,Uttar Pradesh,26.8467,80.9462,128,128,91,10.8,3,3.4,28.4,32.62,59,3.58,Rain,moderate rain
2026-07-28 17:06:29,Patna,Bihar,25.5941,85.1376,21,107,,1,0.5,0.6,20.9,34.43,50,6.14,Rain,light rain
2026-07-28 17:06:29,Ahmedabad,Gujarat,23.0225,72.5714,108,108,68,0.2,7.3,48.2,11.2,34.84,43,5.35,Clouds,broken clouds
2026-07-28 17:06:29,Jaipur,Rajasthan,26.9124,75.7873,129,129,78,18.8,9.6,10.1,11.3,29.88,65,5.07,Rain,light rain
2026-07-28 17:06:29,Chandigarh,Chandigarh,30.7333,76.7794,34,13,12,2.8,1,3.1,33.8,32.36,61,2.54,Clouds,overcast clouds
2026-07-28 17:06:29,Bhopal,Madhya Pradesh,23.2599,77.4126,50,50,37,5,5.3,6.1,22,26.07,89,5.47,Rain,moderate rain
2026-07-28 17:06:29,Kanpur,Uttar Pradesh,26.4499,80.3319,150,150,86,6.3,9.9,0.4,5.4,34.46,52,2.89,Clouds,broken clouds
2026-07-28 17:06:29,Guwahati,Assam,26.1445,91.7362,39,25,6,2.8,4.2,2.6,39.4,28.72,85,1.3,Rain,moderate rain
2026-07-28 17:06:29,Itanagar,Arunachal Pradesh,27.0844,93.6053,48,13,7,2.8,3.7,3.1,48,28.61,90,0.6,Rain,light rain
2026-07-28 17:06:29,Dispur,Assam,26.1433,91.7898,39,25,6,2.8,4.2,2.6,39.4,29.6,86,1.25,Rain,moderate rain
2026-07-28 17:06:29,Raipur,Chhattisgarh,21.2514,81.6296,113,113,90,3,3.4,0.5,16.8,29.13,74,6.91,Clouds,overcast clouds
2026-07-28 17:06:29,Gandhinagar,Gujarat,23.2156,72.6369,76,60,76,3.2,3.4,0.5,0.9,34.05,46,5.31,Clouds,broken clouds
2026-07-28 17:06:29,Shimla,Himachal Pradesh,31.1048,77.1734,34,13,12,2.8,1,3.1,33.8,20.34,89,1.21,Rain,moderate rain
2026-07-28 17:06:29,Thiruvananthapuram,Kerala,8.5241,76.9366,29,29,,,,,,28.11,70,5.15,Rain,light rain
2026-07-28 17:06:29,Imphal,Manipur,24.817,93.9368,34,34,6,4.6,2.3,4.1,24,24.41,93,1.41,Rain,moderate rain
2026-07-28 17:06:29,Shillong,Meghalaya,25.5788,91.8933,39,25,6,2.8,4.2,2.6,39.4,21.25,94,1.67,Rain,light rain
2026-07-28 17:06:29,Aizawl,Mizoram,23.7271,92.7176,17,13,17,0.6,0.5,5.8,2.3,21.28,97,1.48,Clouds,overcast clouds
2026-07-28 17:06:29,Kohima,Nagaland,25.6751,94.1086,34,34,6,4.6,2.3,4.1,24,20.55,96,0.77,Clouds,overcast clouds
2026-07-28 17:06:29,Gangtok,Sikkim,27.3389,88.6065,69,69,48,0.7,2.5,0.4,4.3,23.25,96,0.72,Rain,light rain
2026-07-28 17:06:29,Agartala,Tripura,23.8315,91.2868,114,114,68,3.5,6.3,2.9,5.8,27.2,90,4.9,Clouds,overcast clouds
2026-07-28 17:06:29,Dehradun,Uttarakhand,30.3165,78.0322,34,13,12,2.8,1,3.1,33.8,26.22,90,0.79,Rain,moderate rain
2026-07-28 17:06:29,Port Blair,Andaman and Nicobar Islands,11.6234,92.7265,21,21,,,2.4,0.6,,28.58,82,9.16,Rain,light rain
2026-07-28 17:06:29,Daman,Dadra and Nagar Haveli and Daman and Diu,20.3974,72.8328,89,89,64,,5.6,6.7,2.9,28.46,82,7.65,Clouds,broken clouds
2026-07-28 17:06:29,Srinagar,Jammu and Kashmir,34.0837,74.7973,102,102,66,2.8,1.9,2.1,63,30.03,51,1.57,Clouds,few clouds
2026-07-28 17:06:29,Leh,Ladakh,34.1526,77.5771,34,13,12,2.8,1,3.1,33.8,23.9,30,4.58,Clouds,few clouds
2026-07-28 17:06:29,Puducherry,Puducherry,11.9416,79.8083,44,44,30,3.4,4.6,3.9,17.7,36.85,69,7.43,Clouds,overcast clouds
2026-07-28 19:56:58,Delhi,Delhi,28.6139,77.209,109,109,3,5.5,8.5,5,8.6,32.46,61,3.11,Rain,light rain
2026-07-28 19:56:58,Mumbai,Maharashtra,19.076,72.8777,158,158,,,,,,28.56,80,8.55,Rain,light rain
2026-07-28 19:56:58,Bangalore,Karnataka,12.9716,77.5946,53,53,27,2.9,11.2,4.1,5,24.68,73,0.89,Clouds,broken clouds
2026-07-28 19:56:58,Kolkata,West Bengal,22.5726,88.3639,172,172,,,,,,27.33,83,5.7,Clouds,broken clouds
2026-07-28 19:56:58,Chennai,Tamil Nadu,13.0827,80.2707,46,46,,,,,,31.43,76,3.58,Clouds,overcast clouds
2026-07-28 19:56:58,Hyderabad,Telangana,17.385,78.4867,93,93,,,,,,24.94,83,5.43,Rain,light rain
2026-07-28 19:56:58,Pune,Maharashtra,18.5204,73.8567,232,232,138,51,198,,61,24.51,78,0.45,Clouds,broken clouds
2026-07-28 19:56:58,Lucknow,Uttar Pradesh,26.8467,80.9462,128,128,91,10.8,3,3.4,28.4,31.41,65,3.68,Rain,light rain
2026-07-28 19:56:58,Patna,Bihar,25.5941,85.1376,21,107,,1,0.5,0.6,20.9,32.91,57,6.2,Clouds,overcast clouds
2026-07-28 19:56:58,Ahmedabad,Gujarat,23.0225,72.5714,108,108,68,0.2,7.3,48.2,11.2,32.56,51,4.56,Clouds,broken clouds
2026-07-28 19:56:58,Jaipur,Rajasthan,26.9124,75.7873,129,129,78,18.8,9.6,10.1,11.3,29.62,65,1.47,Rain,light rain
2026-07-28 19:56:58,Chandigarh,Chandigarh,30.7333,76.7794,35,13,8,1.9,0.5,3.1,35,29.6,73,2.94,Clouds,overcast clouds
2026-07-28 19:56:58,Bhopal,Madhya Pradesh,23.2599,77.4126,50,50,37,5,5.3,6.1,22,25.58,90,4.84,Rain,light rain
2026-07-28 19:56:58,Kanpur,Uttar Pradesh,26.4499,80.3319,150,150,86,6.3,9.9,0.4,5.4,31.12,68,4.16,Clouds,broken clouds
2026-07-28 19:56:58,Guwahati,Assam,26.1445,91.7362,36,13,6,1.9,1.9,2.6,35.8,26.61,89,1.32,Rain,moderate rain
2026-07-28 19:56:58,Itanagar,Arunachal Pradesh,27.0844,93.6053,34,25,10,2.8,4.6,3.1,34.2,26.15,98,1.4,Rain,moderate rain
2026-07-28 19:56:58,Dispur,Assam,26.1433,91.7898,36,13,6,1.9,1.9,2.6,35.8,27.44,91,1.33,Rain,moderate rain
2026-07-28 19:56:58,Raipur,Chhattisgarh,21.2514,81.6296,113,113,90,3,3.4,0.5,16.8,27.14,83,7.09,Rain,very heavy rain
2026-07-28 19:56:58,Gandhinagar,Gujarat,23.2156,72.6369,76,60,76,3.2,3.4,0.5,0.9,31.51,57,3.92,Clouds,overcast clouds
2026-07-28 19:56:58,Shimla,Himachal Pradesh,31.1048,77.1734,35,13,8,1.9,0.5,3.1,35,18.84,91,0.81,Rain,light rain
2026-07-28 19:56:58,Thiruvananthapuram,Kerala,8.5241,76.9366,91,91,,,,,,26.23,82,3.94,Rain,light rain
2026-07-28 19:56:58,Imphal,Manipur,24.817,93.9368,42,42,11,5.5,5.5,4.1,18.3,22.33,95,0.73,Rain,moderate rain
2026-07-28 19:56:58,Shillong,Meghalaya,25.5788,91.8933,36,13,6,1.9,1.9,2.6,35.8,19.05,98,1.86,Clouds,overcast clouds
2026-07-28 19:56:58,Aizawl,Mizoram,23.7271,92.7176,17,13,17,0.6,0.5,5.8,2.3,19.99,99,1.53,Clouds,overcast clouds
2026-07-28 19:56:58,Kohima,Nagaland,25.6751,94.1086,42,42,11,5.5,5.5,4.1,18.3,19.2,97,1.52,Clouds,overcast clouds
2026-07-28 19:56:58,Gangtok,Sikkim,27.3389,88.6065,69,69,48,0.7,2.5,0.4,4.3,22.13,95,0.64,Rain,light rain
2026-07-28 19:56:58,Agartala,Tripura,23.8315,91.2868,114,114,68,3.5,6.3,2.9,5.8,26.16,93,4.41,Clouds,overcast clouds
2026-07-28 19:56:58,Dehradun,Uttarakhand,30.3165,78.0322,35,13,8,1.9,0.5,3.1,35,24.74,94,1.67,Rain,light rain
2026-07-28 19:56:58,Port Blair,Andaman and Nicobar Islands,11.6234,92.7265,21,21,,,2.4,0.6,,28.17,84,9.12,Clouds,overcast clouds
2026-07-28 19:56:58,Daman,Dadra and Nagar Haveli and Daman and Diu,20.3974,72.8328,89,89,64,,5.6,6.7,2.9,27.83,82,7.49,Rain,light rain
2026-07-28 19:56:58,Srinagar,Jammu and Kashmir,34.0837,74.7973,93,93,64,3.7,2.8,3.6,57.1,25.59,64,1.6,Rain,light rain
2026-07-28 19:56:58,Leh,Ladakh,34.1526,77.5771,35,13,8,1.9,0.5,3.1,35,21.8,34,4.05,Clouds,broken clouds
2026-07-28 19:56:58,Puducherry,Puducherry,11.9416,79.8083,44,44,30,3.4,4.6,3.9,17.7,34.62,67,8.14,Clouds,overcast clouds
2026-07-28 21:49:45,Delhi,Delhi,28.6139,77.209,109,109,3,5.5,8.5,5,8.6,30.41,66,2.26,Rain,light rain
2026-07-28 21:49:45,Mumbai,Maharashtra,19.076,72.8777,158,158,,,,,,28.22,83,8.35,Rain,light rain
2026-07-28 21:49:45,Bangalore,Karnataka,12.9716,77.5946,53,53,27,2.9,11.2,4.1,5,24.11,76,0.45,Clouds,broken clouds
2026-07-28 21:49:45,Kolkata,West Bengal,22.5726,88.3639,172,172,,,,,,27.42,86,5.05,Clouds,scattered clouds
2026-07-28 21:49:45,Chennai,Tamil Nadu,13.0827,80.2707,46,46,,,,,,30.94,78,4.02,Rain,light rain
2026-07-28 21:49:45,Hyderabad,Telangana,17.385,78.4867,93,93,,,,,,24.19,89,5.65,Rain,moderate rain
2026-07-28 21:49:45,Pune,Maharashtra,18.5204,73.8567,232,232,138,51,198,,61,24.06,80,4.96,Clouds,overcast clouds
2026-07-28 21:49:45,Lucknow,Uttar Pradesh,26.8467,80.9462,128,128,91,10.8,3,3.4,28.4,30.57,68,3.84,Clouds,broken clouds
2026-07-28 21:49:45,Patna,Bihar,25.5941,85.1376,21,107,,1,0.5,0.6,20.9,31.34,65,6.11,Clouds,broken clouds
2026-07-28 21:49:45,Ahmedabad,Gujarat,23.0225,72.5714,108,108,68,0.2,7.3,48.2,11.2,30.79,63,3.85,Clouds,overcast clouds
2026-07-28 21:49:45,Jaipur,Rajasthan,26.9124,75.7873,129,129,78,18.8,9.6,10.1,11.3,28.51,73,3.69,Rain,moderate rain
2026-07-28 21:49:45,Chandigarh,Chandigarh,30.7333,76.7794,32,30,10,2.8,1.9,3.1,31.7,29.2,70,2.99,Clouds,overcast clouds
2026-07-28 21:49:45,Bhopal,Madhya Pradesh,23.2599,77.4126,50,50,37,5,5.3,6.1,22,24.97,92,4.81,Clouds,overcast clouds
2026-07-28 21:49:45,Kanpur,Uttar Pradesh,26.4499,80.3319,150,150,86,6.3,9.9,0.4,5.4,30.75,70,4.37,Clouds,scattered clouds
2026-07-28 21:49:45,Guwahati,Assam,26.1445,91.7362,34,25,8,2.8,3.7,2.6,33.8,26.09,92,1.36,Rain,heavy intensity rain
2026-07-28 21:49:45,Itanagar,Arunachal Pradesh,27.0844,93.6053,29,25,11,3.7,6.4,3.1,29.3,25.41,96,1.82,Rain,moderate rain
2026-07-28 21:49:45,Dispur,Assam,26.1433,91.7898,34,25,8,2.8,3.7,2.6,33.8,27.08,92,1.32,Rain,moderate rain
2026-07-28 21:49:45,Raipur,Chhattisgarh,21.2514,81.6296,113,113,90,3,3.4,0.5,16.8,25.67,93,5.52,Rain,very heavy rain
2026-07-28 21:49:45,Gandhinagar,Gujarat,23.2156,72.6369,76,60,76,3.2,3.4,0.5,0.9,29.35,70,3.82,Clouds,overcast clouds
2026-07-28 21:49:45,Shimla,Himachal Pradesh,31.1048,77.1734,32,30,10,2.8,1.9,3.1,31.7,18.35,91,1.06,Clouds,overcast clouds
2026-07-28 21:49:45,Thiruvananthapuram,Kerala,8.5241,76.9366,53,53,,,,,,25.61,89,3.62,Rain,light rain
2026-07-28 21:49:45,Imphal,Manipur,24.817,93.9368,42,42,7,5.5,5.5,4.1,11.4,21.69,98,0.74,Clouds,scattered clouds
2026-07-28 21:49:45,Shillong,Meghalaya,25.5788,91.8933,34,25,8,2.8,3.7,2.6,33.8,19.63,99,2.34,Rain,light rain
2026-07-28 21:49:45,Aizawl,Mizoram,23.7271,92.7176,17,13,17,0.6,0.5,5.8,2.3,19.7,99,1.24,Clouds,overcast clouds
2026-07-28 21:49:45,Kohima,Nagaland,25.6751,94.1086,42,42,7,5.5,5.5,4.1,11.4,18.63,98,2.12,Rain,light rain
2026-07-28 21:49:45,Gangtok,Sikkim,27.3389,88.6065,69,69,48,0.7,2.5,0.4,4.3,21.6,95,0.47,Rain,light rain
2026-07-28 21:49:45,Agartala,Tripura,23.8315,91.2868,114,114,68,3.5,6.3,2.9,5.8,25.87,93,3.94,Clouds,overcast clouds
2026-07-28 21:49:45,Dehradun,Uttarakhand,30.3165,78.0322,32,30,10,2.8,1.9,3.1,31.7,24.75,94,1.45,Clouds,overcast clouds
2026-07-28 21:49:45,Port Blair,Andaman and Nicobar Islands,11.6234,92.7265,21,21,,,2.4,0.6,,28.1,83,9.43,Rain,light rain
2026-07-28 21:49:45,Daman,Dadra and Nagar Haveli and Daman and Diu,20.3974,72.8328,89,89,64,,5.6,6.7,2.9,27.56,87,7.91,Rain,light rain
2026-07-28 21:49:45,Srinagar,Jammu and Kashmir,34.0837,74.7973,119,119,69,3.7,6.4,3.1,45.1,22.81,73,0.74,Rain,light rain
2026-07-28 21:49:45,Leh,Ladakh,34.1526,77.5771,32,30,10,2.8,1.9,3.1,31.7,20.96,40,3.62,Clouds,broken clouds
2026-07-28 21:49:45,Puducherry,Puducherry,11.9416,79.8083,44,44,30,3.4,4.6,3.9,17.7,32.4,73,6.8,Clouds,overcast clouds
2026-07-28 23:28:16,Delhi,Delhi,28.6139,77.209,109,109,3,5.5,8.5,5,8.6,29.95,68,3.41,Rain,light rain
2026-07-28 23:28:16,Mumbai,Maharashtra,19.076,72.8777,158,158,,,,,,28.35,80,8.27,Rain,light rain
2026-07-28 23:28:16,Bangalore,Karnataka,12.9716,77.5946,53,53,27,2.9,11.2,4.1,5,23.57,78,7.19,Clouds,overcast clouds
2026-07-28 23:28:16,Kolkata,West Bengal,22.5726,88.3639,172,172,,,,,,27.18,88,4.97,Rain,light rain
2026-07-28 23:28:16,Chennai,Tamil Nadu,13.0827,80.2707,46,46,,,,,,30.53,79,0.89,Clouds,overcast clouds
2026-07-28 23:28:16,Hyderabad,Telangana,17.385,78.4867,93,93,,,,,,23.93,90,6.05,Clouds,overcast clouds
2026-07-28 23:28:16,Pune,Maharashtra,18.5204,73.8567,232,232,138,51,198,,61,24.06,78,3.92,Clouds,overcast clouds
2026-07-28 23:28:16,Lucknow,Uttar Pradesh,26.8467,80.9462,128,128,91,10.8,3,3.4,28.4,30.2,69,3.96,Clouds,scattered clouds
2026-07-28 23:28:16,Patna,Bihar,25.5941,85.1376,21,107,,1,0.5,0.6,20.9,30.25,69,6.19,Clouds,broken clouds
2026-07-28 23:28:16,Ahmedabad,Gujarat,23.0225,72.5714,108,108,68,0.2,7.3,48.2,11.2,29.91,67,5.03,Clouds,overcast clouds
2026-07-28 23:28:16,Jaipur,Rajasthan,26.9124,75.7873,129,129,78,18.8,9.6,10.1,11.3,28.83,72,2.3,Clouds,overcast clouds
2026-07-28 23:28:16,Chandigarh,Chandigarh,30.7333,76.7794,30,13,11,2.8,1.9,3.1,29.7,27.87,79,4.01,Clouds,overcast clouds
2026-07-28 23:28:16,Bhopal,Madhya Pradesh,23.2599,77.4126,50,50,37,5,5.3,6.1,22,24.57,93,5.38,Rain,moderate rain
2026-07-28 23:28:16,Kanpur,Uttar Pradesh,26.4499,80.3319,150,150,86,6.3,9.9,0.4,5.4,30.02,73,4.01,Clear,clear sky
2026-07-28 23:28:16,Guwahati,Assam,26.1445,91.7362,33,30,8,1.9,2.8,3.1,32.5,24.67,97,1.51,Rain,light rain
2026-07-28 23:28:16,Itanagar,Arunachal Pradesh,27.0844,93.6053,30,13,11,3.7,4.6,3.1,29.7,25.31,94,1.65,Rain,moderate rain
2026-07-28 23:28:16,Dispur,Assam,26.1433,91.7898,33,30,8,1.9,2.8,3.1,32.5,25.71,97,1.51,Rain,light rain
2026-07-28 23:28:16,Raipur,Chhattisgarh,21.2514,81.6296,113,113,90,3,3.4,0.5,16.8,24.99,95,6.19,Rain,moderate rain
2026-07-28 23:28:16,Gandhinagar,Gujarat,23.2156,72.6369,76,60,76,3.2,3.4,0.5,0.9,29.3,70,4.27,Clouds,overcast clouds
2026-07-28 23:28:16,Shimla,Himachal Pradesh,31.1048,77.1734,30,13,11,2.8,1.9,3.1,29.7,18.13,89,1.19,Clouds,overcast clouds
2026-07-28 23:28:16,Thiruvananthapuram,Kerala,8.5241,76.9366,59,59,,,,,,25.5,89,4.09,Rain,light rain
2026-07-28 23:28:16,Imphal,Manipur,24.817,93.9368,34,34,11,5.5,4.6,4.1,7.8,21.23,98,0.74,Clouds,broken clouds
2026-07-28 23:28:16,Shillong,Meghalaya,25.5788,91.8933,33,30,8,1.9,2.8,3.1,32.5,19.57,98,1.96,Rain,heavy intensity rain
2026-07-28 23:28:16,Aizawl,Mizoram,23.7271,92.7176,17,13,17,0.6,0.5,5.8,2.3,19.48,99,1.09,Clouds,overcast clouds
2026-07-28 23:28:16,Kohima,Nagaland,25.6751,94.1086,34,34,11,5.5,4.6,4.1,7.8,18.52,98,2.18,Rain,light rain
2026-07-28 23:28:16,Gangtok,Sikkim,27.3389,88.6065,69,69,48,0.7,2.5,0.4,4.3,21.14,95,0.56,Rain,light rain
2026-07-28 23:28:16,Agartala,Tripura,23.8315,91.2868,114,114,68,3.5,6.3,2.9,5.8,25.22,94,3.09,Clouds,overcast clouds
2026-07-28 23:28:16,Dehradun,Uttarakhand,30.3165,78.0322,30,13,11,2.8,1.9,3.1,29.7,24.71,91,1.06,Clouds,overcast clouds
2026-07-28 23:28:16,Port Blair,Andaman and Nicobar Islands,11.6234,92.7265,24,24,,,2.9,0.6,,28.1,84,8.16,Clouds,overcast clouds
2026-07-28 23:28:16,Daman,Dadra and Nagar Haveli and Daman and Diu,20.3974,72.8328,89,89,64,,5.6,6.7,2.9,27.5,86,7.25,Rain,light rain
2026-07-28 23:28:16,Srinagar,Jammu and Kashmir,34.0837,74.7973,117,117,73,2.8,5.5,2.1,41.5,22.25,80,0.61,Clouds,few clouds
2026-07-28 23:28:16,Leh,Ladakh,34.1526,77.5771,30,13,11,2.8,1.9,3.1,29.7,20.46,41,2.53,Clouds,broken clouds
2026-07-28 23:28:16,Puducherry,Puducherry,11.9416,79.8083,44,44,30,3.4,4.6,3.9,17.7,30.74,66,6.26,Clouds,overcast clouds
2026-07-29 01:16:35,Delhi,Delhi,28.6139,77.209,109,109,3,5.5,8.5,5,8.6,29.65,68,2.5,Rain,light rain
2026-07-29 01:16:35,Mumbai,Maharashtra,19.076,72.8777,158,158,,,,,,28.46,81,7.79,Rain,light rain
2026-07-29 01:16:35,Bangalore,Karnataka,12.9716,77.5946,53,53,27,2.9,11.2,4.1,5,21.97,83,7.27,Clouds,overcast clouds
2026-07-29 01:16:35,Kolkata,West Bengal,22.5726,88.3639,172,172,,,,,,26.76,88,4.46,Rain,moderate rain
2026-07-29 01:16:35,Chennai,Tamil Nadu,13.0827,80.2707,46,46,,,,,,31.22,75,0.45,Rain,light rain
2026-07-29 01:16:35,Hyderabad,Telangana,17.385,78.4867,93,93,,,,,,24.25,86,7.2,Rain,light rain
2026-07-29 01:16:35,Pune,Maharashtra,18.5204,73.8567,232,232,138,51,198,,61,24.06,78,4.34,Clouds,overcast clouds
2026-07-29 01:16:35,Lucknow,Uttar Pradesh,26.8467,80.9462,128,128,91,10.8,3,3.4,28.4,29.34,74,3.48,Clouds,broken clouds
2026-07-29 01:16:35,Patna,Bihar,25.5941,85.1376,21,107,,1,0.5,0.6,20.9,29.06,75,5.55,Clouds,broken clouds
2026-07-29 01:16:35,Ahmedabad,Gujarat,23.0225,72.5714,108,108,68,0.2,7.3,48.2,11.2,28.67,73,4.74,Clouds,overcast clouds
2026-07-29 01:16:35,Jaipur,Rajasthan,26.9124,75.7873,129,129,78,18.8,9.6,10.1,11.3,29.79,66,2.32,Clouds,overcast clouds
2026-07-29 01:16:35,Chandigarh,Chandigarh,30.7333,76.7794,38,13,9,2.8,1,3.1,38.2,26.79,87,3.97,Clouds,overcast clouds
2026-07-29 01:16:35,Bhopal,Madhya Pradesh,23.2599,77.4126,50,50,37,5,5.3,6.1,22,23.16,96,5.07,Rain,light rain
2026-07-29 01:16:35,Kanpur,Uttar Pradesh,26.4499,80.3319,150,150,86,6.3,9.9,0.4,5.4,28.21,79,3.54,Rain,moderate rain
2026-07-29 01:16:35,Guwahati,Assam,26.1445,91.7362,31,25,7,1.9,2.3,2.6,30.9,24.72,95,0.72,Rain,moderate rain
2026-07-29 01:16:35,Itanagar,Arunachal Pradesh,27.0844,93.6053,42,42,10,3.7,3.2,3.1,31.3,24.47,96,1.76,Clouds,overcast clouds
2026-07-29 01:16:35,Dispur,Assam,26.1433,91.7898,31,25,7,1.9,2.3,2.6,30.9,25.7,96,0.94,Rain,moderate rain
2026-07-29 01:16:35,Raipur,Chhattisgarh,21.2514,81.6296,113,113,90,3,3.4,0.5,16.8,25.36,93,6.13,Rain,heavy intensity rain
2026-07-29 01:16:35,Gandhinagar,Gujarat,23.2156,72.6369,76,60,76,3.2,3.4,0.5,0.9,28.21,74,5.01,Clouds,overcast clouds
2026-07-29 01:16:35,Shimla,Himachal Pradesh,31.1048,77.1734,38,13,9,2.8,1,3.1,38.2,17.89,87,1.04,Clouds,overcast clouds
2026-07-29 01:16:35,Thiruvananthapuram,Kerala,8.5241,76.9366,53,53,,,,,,25.6,89,4.36,Rain,moderate rain
2026-07-29 01:16:35,Imphal,Manipur,24.817,93.9368,42,42,7,5.5,3.7,4.1,4.9,21.76,97,0.73,Clouds,overcast clouds
2026-07-29 01:16:35,Shillong,Meghalaya,25.5788,91.8933,31,25,7,1.9,2.3,2.6,30.9,19.27,98,2.08,Clouds,overcast clouds
2026-07-29 01:16:35,Aizawl,Mizoram,23.7271,92.7176,17,13,17,0.6,0.5,5.8,2.3,18.68,99,0.58,Clouds,scattered clouds
2026-07-29 01:16:35,Kohima,Nagaland,25.6751,94.1086,42,42,7,5.5,3.7,4.1,4.9,17.84,98,2.29,Rain,light rain
2026-07-29 01:16:35,Gangtok,Sikkim,27.3389,88.6065,69,69,48,0.7,2.5,0.4,4.3,21.06,95,0.36,Clouds,overcast clouds
2026-07-29 01:16:35,Agartala,Tripura,23.8315,91.2868,114,114,68,3.5,6.3,2.9,5.8,24.9,95,2.72,Clouds,overcast clouds
2026-07-29 01:16:35,Dehradun,Uttarakhand,30.3165,78.0322,38,13,9,2.8,1,3.1,38.2,23.75,95,0.44,Rain,light rain
2026-07-29 01:16:35,Port Blair,Andaman and Nicobar Islands,11.6234,92.7265,24,24,,,2.9,0.6,,27.94,84,8.83,Clouds,overcast clouds
2026-07-29 01:16:35,Daman,Dadra and Nagar Haveli and Daman and Diu,20.3974,72.8328,89,89,64,,5.6,6.7,2.9,27.52,85,7.16,Rain,light rain
2026-07-29 01:16:35,Srinagar,Jammu and Kashmir,34.0837,74.7973,102,102,70,2.8,5.1,1.6,32.1,21.7,81,0.55,Clear,clear sky
2026-07-29 01:16:35,Leh,Ladakh,34.1526,77.5771,38,13,9,2.8,1,3.1,38.2,19.84,43,2.05,Clouds,scattered clouds
2026-07-29 01:16:35,Puducherry,Puducherry,11.9416,79.8083,44,44,30,3.4,4.6,3.9,17.7,30.74,68,4.46,Clouds,overcast clouds
2026-07-29 02:44:47,Delhi,Delhi,28.6139,77.209,109,109,3,5.5,8.5,5,8.6,29.4,70,2.45,Rain,light rain
2026-07-29 02:44:47,Mumbai,Maharashtra,19.076,72.8777,158,158,,,,,,28.2,81,7.84,Rain,light rain
2026-07-29 02:44:47,Bangalore,Karnataka,12.9716,77.5946,53,53,27,2.9,11.2,4.1,5,21.94,83,0.45,Clouds,overcast clouds
2026-07-29 02:44:47,Kolkata,West Bengal,22.5726,88.3639,172,172,,,,,,26.56,90,4.33,Rain,light rain
2026-07-29 02:44:47,Chennai,Tamil Nadu,13.0827,80.2707,46,46,,,,,,31.22,66,0.45,Rain,light rain
2026-07-29 02:44:47,Hyderabad,Telangana,17.385,78.4867,93,93,,,,,,24.05,86,7.25,Clouds,overcast clouds
2026-07-29 02:44:47,Pune,Maharashtra,18.5204,73.8567,232,232,138,51,198,,61,23.59,82,4.28,Clouds,overcast clouds
2026-07-29 02:44:47,Lucknow,Uttar Pradesh,26.8467,80.9462,128,128,91,10.8,3,3.4,28.4,29.22,75,3.18,Clouds,broken clouds
2026-07-29 02:44:47,Patna,Bihar,25.5941,85.1376,21,107,,1,0.5,0.6,20.9,28.84,76,5.56,Clouds,overcast clouds
2026-07-29 02:44:47,Ahmedabad,Gujarat,23.0225,72.5714,108,108,68,0.2,7.3,48.2,11.2,28.49,74,4.06,Clouds,overcast clouds
2026-07-29 02:44:47,Jaipur,Rajasthan,26.9124,75.7873,129,129,78,18.8,9.6,10.1,11.3,29.01,69,1.96,Rain,light rain
2026-07-29 02:44:47,Chandigarh,Chandigarh,30.7333,76.7794,39,13,6,2.8,0.5,3.1,39,26.36,88,4.06,Rain,light rain
2026-07-29 02:44:47,Bhopal,Madhya Pradesh,23.2599,77.4126,50,50,37,5,5.3,6.1,22,23.2,96,4.43,Clouds,overcast clouds
2026-07-29 02:44:47,Kanpur,Uttar Pradesh,26.4499,80.3319,150,150,86,6.3,9.9,0.4,5.4,28.25,80,3.49,Rain,light rain
2026-07-29 02:44:47,Guwahati,Assam,26.1445,91.7362,33,13,8,1.9,1.4,3.6,33.3,24.34,97,0.84,Rain,moderate rain
2026-07-29 02:44:47,Itanagar,Arunachal Pradesh,27.0844,93.6053,42,42,10,3.7,2.8,3.6,33.8,24.26,97,1.66,Rain,light rain
2026-07-29 02:44:47,Dispur,Assam,26.1433,91.7898,33,13,8,1.9,1.4,3.6,33.3,25.33,97,1.15,Rain,moderate rain
2026-07-29 02:44:47,Raipur,Chhattisgarh,21.2514,81.6296,113,113,90,3,3.4,0.5,16.8,25.73,89,5.75,Rain,moderate rain
2026-07-29 02:44:47,Gandhinagar,Gujarat,23.2156,72.6369,76,60,76,3.2,3.4,0.5,0.9,27.79,77,4.68,Clouds,overcast clouds
2026-07-29 02:44:47,Shimla,Himachal Pradesh,31.1048,77.1734,39,13,6,2.8,0.5,3.1,39,17.51,87,1.19,Clouds,overcast clouds
2026-07-29 02:44:47,Thiruvananthapuram,Kerala,8.5241,76.9366,52,52,,,,,,25.43,88,4.62,Rain,moderate rain
2026-07-29 02:44:47,Imphal,Manipur,24.817,93.9368,57,57,7,5.5,1.9,4.1,9.4,21.87,97,0.81,Clouds,overcast clouds
2026-07-29 02:44:47,Shillong,Meghalaya,25.5788,91.8933,33,13,8,1.9,1.4,3.6,33.3,19.16,97,2.42,Rain,moderate rain
2026-07-29 02:44:47,Aizawl,Mizoram,23.7271,92.7176,17,13,17,0.6,0.5,5.8,2.3,18.62,99,0.58,Clouds,scattered clouds
2026-07-29 02:44:47,Kohima,Nagaland,25.6751,94.1086,57,57,7,5.5,1.9,4.1,9.4,17.64,98,2.31,Rain,light rain
2026-07-29 02:44:47,Gangtok,Sikkim,27.3389,88.6065,69,69,48,0.7,2.5,0.4,4.3,20.85,95,0.84,Clouds,overcast clouds
2026-07-29 02:44:47,Agartala,Tripura,23.8315,91.2868,114,114,68,3.5,6.3,2.9,5.8,24.65,96,2.57,Clouds,overcast clouds
2026-07-29 02:44:47,Dehradun,Uttarakhand,30.3165,78.0322,39,13,6,2.8,0.5,3.1,39,23.48,96,0.91,Rain,moderate rain
2026-07-29 02:44:47,Port Blair,Andaman and Nicobar Islands,11.6234,92.7265,24,24,,,2.9,0.6,,28,83,8.34,Clouds,overcast clouds
2026-07-29 02:44:47,Daman,Dadra and Nagar Haveli and Daman and Diu,20.3974,72.8328,89,89,64,,5.6,6.7,2.9,27.48,85,7.08,Rain,light rain
2026-07-29 02:44:47,Srinagar,Jammu and Kashmir,34.0837,74.7973,95,95,65,2.8,6,2.1,28.5,21.7,84,0.7,Clear,clear sky
2026-07-29 02:44:47,Leh,Ladakh,34.1526,77.5771,39,13,6,2.8,0.5,3.1,39,19.02,45,2.31,Clouds,scattered clouds
2026-07-29 02:44:47,Puducherry,Puducherry,11.9416,79.8083,44,44,30,3.4,4.6,3.9,17.7,29.62,66,4.85,Clouds,overcast clouds
2026-07-29 04:05:44,Delhi,Delhi,28.6139,77.209,109,109,3,5.5,8.5,5,8.6,29.35,73,2.67,Clouds,overcast clouds
2026-07-29 04:05:44,Mumbai,Maharashtra,19.076,72.8777,158,158,,,,,,28.2,80,7.93,Rain,light rain
2026-07-29 04:05:44,Bangalore,Karnataka,12.9716,77.5946,53,53,27,2.9,11.2,4.1,5,21.39,86,7.38,Clouds,overcast clouds
2026-07-29 04:05:44,Kolkata,West Bengal,22.5726,88.3639,172,172,,,,,,26.47,91,4.66,Rain,moderate rain
2026-07-29 04:05:44,Chennai,Tamil Nadu,13.0827,80.2707,46,46,,,,,,30.76,63,3.13,Clouds,overcast clouds
2026-07-29 04:05:44,Hyderabad,Telangana,17.385,78.4867,93,93,,,,,,23.1,90,7.72,Rain,light rain
2026-07-29 04:05:44,Pune,Maharashtra,18.5204,73.8567,232,232,138,51,198,,61,23.59,77,4.23,Clouds,overcast clouds
2026-07-29 04:05:44,Lucknow,Uttar Pradesh,26.8467,80.9462,128,128,91,10.8,3,3.4,28.4,29.42,74,3.64,Clouds,overcast clouds
2026-07-29 04:05:44,Patna,Bihar,25.5941,85.1376,21,107,,1,0.5,0.6,20.9,28.14,79,6.04,Clouds,broken clouds
2026-07-29 04:05:44,Ahmedabad,Gujarat,23.0225,72.5714,108,108,68,0.2,7.3,48.2,11.2,27.99,74,3.64,Clouds,overcast clouds
2026-07-29 04:05:44,Jaipur,Rajasthan,26.9124,75.7873,129,129,78,18.8,9.6,10.1,11.3,28.1,74,1.17,Rain,light rain
2026-07-29 04:05:44,Chandigarh,Chandigarh,30.7333,76.7794,31,13,8,2.8,4.6,2.6,30.5,25.75,92,3.86,Clouds,overcast clouds
2026-07-29 04:05:44,Bhopal,Madhya Pradesh,23.2599,77.4126,50,50,37,5,5.3,6.1,22,23.42,95,3.77,Clouds,overcast clouds
2026-07-29 04:05:44,Kanpur,Uttar Pradesh,26.4499,80.3319,150,150,86,6.3,9.9,0.4,5.4,28.86,78,3.28,Clouds,broken clouds
2026-07-29 04:05:44,Guwahati,Assam,26.1445,91.7362,38,30,8,1.9,1.4,3.6,37.8,24.12,98,0.93,Rain,moderate rain
2026-07-29 04:05:44,Itanagar,Arunachal Pradesh,27.0844,93.6053,36,13,10,3.7,2.8,3.1,35.8,24.59,98,1.56,Rain,light rain
2026-07-29 04:05:44,Dispur,Assam,26.1433,91.7898,38,30,8,1.9,1.4,3.6,37.8,25.11,99,0.97,Rain,moderate rain
2026-07-29 04:05:44,Raipur,Chhattisgarh,21.2514,81.6296,113,113,90,3,3.4,0.5,16.8,26.23,84,4.81,Rain,moderate rain
2026-07-29 04:05:44,Gandhinagar,Gujarat,23.2156,72.6369,76,60,76,3.2,3.4,0.5,0.9,27.24,79,3.74,Clouds,overcast clouds
2026-07-29 04:05:44,Shimla,Himachal Pradesh,31.1048,77.1734,31,13,8,2.8,4.6,2.6,30.5,17.03,89,1.35,Clouds,broken clouds
2026-07-29 04:05:44,Thiruvananthapuram,Kerala,8.5241,76.9366,47,47,,,,,,25.46,89,4.68,Rain,moderate rain
2026-07-29 04:05:44,Imphal,Manipur,24.817,93.9368,34,34,7,4.6,1,4.1,15.9,21.98,96,0.9,Rain,light rain
2026-07-29 04:05:44,Shillong,Meghalaya,25.5788,91.8933,38,30,8,1.9,1.4,3.6,37.8,18.92,98,1.89,Rain,light rain
2026-07-29 04:05:44,Aizawl,Mizoram,23.7271,92.7176,17,13,17,0.6,0.5,5.8,2.3,20.65,99,0.5,Rain,light rain
2026-07-29 04:05:44,Kohima,Nagaland,25.6751,94.1086,34,34,7,4.6,1,4.1,15.9,17.68,97,2.01,Clouds,broken clouds
2026-07-29 04:05:44,Gangtok,Sikkim,27.3389,88.6065,69,69,48,0.7,2.5,0.4,4.3,20.54,95,0.37,Rain,light rain
2026-07-29 04:05:44,Agartala,Tripura,23.8315,91.2868,114,114,68,3.5,6.3,2.9,5.8,24.53,96,2.86,Clouds,broken clouds
2026-07-29 04:05:44,Dehradun,Uttarakhand,30.3165,78.0322,31,13,8,2.8,4.6,2.6,30.5,23.37,96,0.66,Rain,moderate rain
2026-07-29 04:05:44,Port Blair,Andaman and Nicobar Islands,11.6234,92.7265,24,24,,,2.9,0.6,,28.12,84,8.54,Clouds,overcast clouds
2026-07-29 04:05:44,Daman,Dadra and Nagar Haveli and Daman and Diu,20.3974,72.8328,89,89,64,,5.6,6.7,2.9,27.42,85,6.77,Rain,light rain
2026-07-29 04:05:44,Srinagar,Jammu and Kashmir,34.0837,74.7973,107,107,66,3.7,8.7,2.6,22,21.14,86,0.51,Clear,clear sky
2026-07-29 04:05:44,Leh,Ladakh,34.1526,77.5771,31,13,8,2.8,4.6,2.6,30.5,17.73,50,2.93,Clouds,scattered clouds
2026-07-29 04:05:44,Puducherry,Puducherry,11.9416,79.8083,44,44,30,3.4,4.6,3.9,17.7,29.07,62,5.24,Clouds,overcast clouds
2026-07-29 05:33:41,Delhi,Delhi,28.6139,77.209,109,109,3,5.5,8.5,5,8.6,29.33,73,2.59,Clouds,overcast clouds
2026-07-29 05:33:41,Mumbai,Maharashtra,19.076,72.8777,158,158,,,,,,28.3,79,8.1,Rain,light rain
2026-07-29 05:33:41,Bangalore,Karnataka,12.9716,77.5946,53,53,27,2.9,11.2,4.1,5,20.86,87,6.51,Clouds,overcast clouds
2026-07-29 05:33:41,Kolkata,West Bengal,22.5726,88.3639,172,172,,,,,,26.36,91,4.44,Rain,light rain
2026-07-29 05:33:41,Chennai,Tamil Nadu,13.0827,80.2707,46,46,,,,,,30.27,64,0.45,Clouds,overcast clouds
2026-07-29 05:33:41,Hyderabad,Telangana,17.385,78.4867,93,93,,,,,,23.39,87,7.75,Rain,light rain
2026-07-29 05:33:41,Pune,Maharashtra,18.5204,73.8567,232,232,138,51,198,,61,23.59,82,0.45,Clouds,overcast clouds
2026-07-29 05:33:41,Lucknow,Uttar Pradesh,26.8467,80.9462,128,128,91,10.8,3,3.4,28.4,29.44,73,3.65,Clouds,overcast clouds
2026-07-29 05:33:41,Patna,Bihar,25.5941,85.1376,21,107,,1,0.5,0.6,20.9,27.91,80,6.14,Clouds,broken clouds
2026-07-29 05:33:41,Ahmedabad,Gujarat,23.0225,72.5714,108,108,68,0.2,7.3,48.2,11.2,27.65,76,3.3,Clouds,overcast clouds
2026-07-29 05:33:41,Jaipur,Rajasthan,26.9124,75.7873,129,129,78,18.8,9.6,10.1,11.3,26.94,80,1.54,Rain,moderate rain
2026-07-29 05:33:41,Chandigarh,Chandigarh,30.7333,76.7794,33,13,6,1.9,1,3.1,33.3,25.63,92,4.17,Clouds,broken clouds
2026-07-29 05:33:41,Bhopal,Madhya Pradesh,23.2599,77.4126,50,50,37,5,5.3,6.1,22,23.78,95,3.82,Clouds,overcast clouds
2026-07-29 05:33:41,Kanpur,Uttar Pradesh,26.4499,80.3319,150,150,86,6.3,9.9,0.4,5.4,28.82,78,3.08,Clouds,broken clouds
2026-07-29 05:33:41,Guwahati,Assam,26.1445,91.7362,39,25,6,1.9,1.9,3.1,38.6,24.19,99,0.27,Rain,heavy intensity rain
2026-07-29 05:33:41,Itanagar,Arunachal Pradesh,27.0844,93.6053,40,13,6,3.7,2.8,2.6,39.8,24.5,98,1.59,Rain,moderate rain
2026-07-29 05:33:41,Dispur,Assam,26.1433,91.7898,39,25,6,1.9,1.9,3.1,38.6,25.23,99,0.41,Rain,heavy intensity rain
2026-07-29 05:33:41,Raipur,Chhattisgarh,21.2514,81.6296,113,113,90,3,3.4,0.5,16.8,26,86,4.16,Rain,moderate rain
2026-07-29 05:33:41,Gandhinagar,Gujarat,23.2156,72.6369,76,60,76,3.2,3.4,0.5,0.9,26.94,80,3.11,Clouds,overcast clouds
2026-07-29 05:33:41,Shimla,Himachal Pradesh,31.1048,77.1734,33,13,6,1.9,1,3.1,33.3,17.02,89,1.32,Clouds,broken clouds
2026-07-29 05:33:41,Thiruvananthapuram,Kerala,8.5241,76.9366,47,47,,,,,,25.79,85,5.06,Rain,moderate rain
2026-07-29 05:33:41,Imphal,Manipur,24.817,93.9368,25,25,7,4.6,1.4,3.6,12.6,22.1,96,1.09,Rain,light rain
2026-07-29 05:33:41,Shillong,Meghalaya,25.5788,91.8933,39,25,6,1.9,1.9,3.1,38.6,18.87,98,1.82,Clouds,overcast clouds
2026-07-29 05:33:41,Aizawl,Mizoram,23.7271,92.7176,17,13,17,0.6,0.5,5.8,2.3,18.93,99,0.71,Clouds,broken clouds
2026-07-29 05:33:41,Kohima,Nagaland,25.6751,94.1086,25,25,7,4.6,1.4,3.6,12.6,18.27,96,1.86,Rain,light rain
2026-07-29 05:33:41,Gangtok,Sikkim,27.3389,88.6065,69,69,48,0.7,2.5,0.4,4.3,20.86,95,0.3,Rain,light rain
2026-07-29 05:33:41,Agartala,Tripura,23.8315,91.2868,114,114,68,3.5,6.3,2.9,5.8,24.82,95,3.21,Clouds,broken clouds
2026-07-29 05:33:41,Dehradun,Uttarakhand,30.3165,78.0322,33,13,6,1.9,1,3.1,33.3,23.6,96,0.51,Rain,light rain
2026-07-29 05:33:41,Port Blair,Andaman and Nicobar Islands,11.6234,92.7265,18,18,,,0.6,1.1,,28.22,84,8.06,Clouds,overcast clouds
2026-07-29 05:33:41,Daman,Dadra and Nagar Haveli and Daman and Diu,20.3974,72.8328,89,89,64,,5.6,6.7,2.9,27.33,85,6.48,Clouds,overcast clouds
2026-07-29 05:33:41,Srinagar,Jammu and Kashmir,34.0837,74.7973,109,109,69,3.7,6.9,2.1,20.8,21.14,88,0.45,Clear,clear sky
2026-07-29 05:33:41,Leh,Ladakh,34.1526,77.5771,33,13,6,1.9,1,3.1,33.3,17.13,52,2.95,Clouds,broken clouds
2026-07-29 05:33:41,Puducherry,Puducherry,11.9416,79.8083,44,44,30,3.4,4.6,3.9,17.7,28.51,62,5.56,Clouds,overcast clouds
2026-07-29 09:22:09,Delhi,Delhi,28.6139,77.209,109,109,3,5.5,8.5,5,8.6,31.04,59,2,Clouds,overcast clouds
2026-07-29 09:22:09,Mumbai,Maharashtra,19.076,72.8777,158,158,,,,,,28.82,78,8.55,Rain,light rain
2026-07-29 09:22:09,Bangalore,Karnataka,12.9716,77.5946,53,53,27,2.9,11.2,4.1,5,23.61,80,0.89,Clouds,overcast clouds
2026-07-29 09:22:09,Kolkata,West Bengal,22.5726,88.3639,172,172,,,,,,30.91,69,6.43,Rain,light rain
2026-07-29 09:22:09,Chennai,Tamil Nadu,13.0827,80.2707,46,46,,,,,,32.95,59,1.79,Clouds,overcast clouds
2026-07-29 09:22:09,Hyderabad,Telangana,17.385,78.4867,93,93,,,,,,24.78,82,7.27,Clouds,overcast clouds
2026-07-29 09:22:09,Pune,Maharashtra,18.5204,73.8567,232,232,138,51,198,,61,25.53,73,0.45,Clouds,overcast clouds
2026-07-29 09:22:09,Lucknow,Uttar Pradesh,26.8467,80.9462,128,128,91,10.8,3,3.4,28.4,33.21,55,4.92,Clouds,overcast clouds
2026-07-29 09:22:09,Patna,Bihar,25.5941,85.1376,21,107,,1,0.5,0.6,20.9,32.23,57,7.71,Clouds,broken clouds
2026-07-29 09:22:09,Ahmedabad,Gujarat,23.0225,72.5714,108,108,68,0.2,7.3,48.2,11.2,30.58,61,4.57,Clouds,overcast clouds
2026-07-29 09:22:09,Jaipur,Rajasthan,26.9124,75.7873,129,129,78,18.8,9.6,10.1,11.3,31.46,60,2.48,Clouds,broken clouds
2026-07-29 09:22:09,Chandigarh,Chandigarh,30.7333,76.7794,33,13,8,2.8,1,3.1,33.3,30.42,68,3.26,Rain,light rain
2026-07-29 09:22:09,Bhopal,Madhya Pradesh,23.2599,77.4126,50,50,37,5,5.3,6.1,22,27.59,80,5.97,Rain,light rain
2026-07-29 09:22:09,Kanpur,Uttar Pradesh,26.4499,80.3319,150,150,86,6.3,9.9,0.4,5.4,32.73,58,4.93,Rain,light rain
2026-07-29 09:22:09,Guwahati,Assam,26.1445,91.7362,36,30,16,2.8,5.5,5.1,36.2,27.57,89,1.64,Rain,moderate rain
2026-07-29 09:22:09,Itanagar,Arunachal Pradesh,27.0844,93.6053,39,13,7,3.7,3.7,5.1,39.4,24.65,99,1.15,Rain,heavy intensity rain
2026-07-29 09:22:09,Dispur,Assam,26.1433,91.7898,36,30,16,2.8,5.5,5.1,36.2,28.75,89,1.58,Rain,moderate rain
2026-07-29 09:22:09,Raipur,Chhattisgarh,21.2514,81.6296,113,113,90,3,3.4,0.5,16.8,28.64,75,1.79,Rain,light rain
2026-07-29 09:22:09,Gandhinagar,Gujarat,23.2156,72.6369,76,60,76,3.2,3.4,0.5,0.9,29.92,65,4.33,Clouds,overcast clouds
2026-07-29 09:22:09,Shimla,Himachal Pradesh,31.1048,77.1734,33,13,8,2.8,1,3.1,33.3,21.42,78,1.66,Rain,light rain
2026-07-29 09:22:09,Thiruvananthapuram,Kerala,8.5241,76.9366,54,54,,,,,,27.93,78,5.88,Rain,moderate rain
2026-07-29 09:22:09,Imphal,Manipur,24.817,93.9368,25,25,7,5.5,4.2,4.1,13.9,23.73,93,1.12,Rain,moderate rain
2026-07-29 09:22:09,Shillong,Meghalaya,25.5788,91.8933,36,30,16,2.8,5.5,5.1,36.2,23.41,77,2.03,Rain,light rain
2026-07-29 09:22:09,Aizawl,Mizoram,23.7271,92.7176,17,13,17,0.6,0.5,5.8,2.3,24.35,85,0.62,Rain,moderate rain
2026-07-29 09:22:09,Kohima,Nagaland,25.6751,94.1086,25,25,7,5.5,4.2,4.1,13.9,22.86,85,0.66,Rain,light rain
2026-07-29 09:22:09,Gangtok,Sikkim,27.3389,88.6065,69,69,48,0.7,2.5,0.4,4.3,24.54,88,2.02,Rain,light rain
2026-07-29 09:22:09,Agartala,Tripura,23.8315,91.2868,114,114,68,3.5,6.3,2.9,5.8,29.83,75,4.88,Clouds,overcast clouds
2026-07-29 09:22:09,Dehradun,Uttarakhand,30.3165,78.0322,33,13,8,2.8,1,3.1,33.3,27.33,81,1.47,Rain,light rain
2026-07-29 09:22:09,Port Blair,Andaman and Nicobar Islands,11.6234,92.7265,23,23,,,4.1,0.6,,29.08,79,9,Clouds,overcast clouds
2026-07-29 09:22:09,Daman,Dadra and Nagar Haveli and Daman and Diu,20.3974,72.8328,89,89,64,,5.6,6.7,2.9,27.97,84,7.07,Clouds,overcast clouds
2026-07-29 09:22:09,Srinagar,Jammu and Kashmir,34.0837,74.7973,4,68,65,3.7,8.3,2.6,38.2,23.92,76,0.76,Clear,clear sky
2026-07-29 09:22:09,Leh,Ladakh,34.1526,77.5771,33,13,8,2.8,1,3.1,33.3,19.03,44,1.89,Clouds,scattered clouds
2026-07-29 09:22:09,Puducherry,Puducherry,11.9416,79.8083,44,44,30,3.4,4.6,3.9,17.7,32.4,52,6.7,Clouds,overcast clouds
2026-07-29 12:08:50,Delhi,Delhi,28.6139,77.209,109,109,3,5.5,8.5,5,8.6,33.96,49,3.23,Clouds,broken clouds
2026-07-29 12:08:50,Mumbai,Maharashtra,19.076,72.8777,158,158,,,,,,29.06,78,9.47,Rain,light rain
2026-07-29 12:08:50,Bangalore,Karnataka,12.9716,77.5946,53,53,27,2.9,11.2,4.1,5,27.59,61,2.24,Clouds,overcast clouds
2026-07-29 12:08:50,Kolkata,West Bengal,22.5726,88.3639,172,172,,,,,,32.14,63,6.07,Rain,light rain
2026-07-29 12:08:50,Chennai,Tamil Nadu,13.0827,80.2707,46,46,,,,,,34.87,54,2.68,Clouds,overcast clouds
2026-07-29 12:08:50,Hyderabad,Telangana,17.385,78.4867,93,93,,,,,,23.66,89,8.34,Rain,light rain
2026-07-29 12:08:50,Pune,Maharashtra,18.5204,73.8567,232,232,138,51,198,,61,27.42,62,8.43,Clouds,overcast clouds
2026-07-29 12:08:50,Lucknow,Uttar Pradesh,26.8467,80.9462,128,128,91,10.8,3,3.4,28.4,36.36,41,5.34,Clouds,overcast clouds
2026-07-29 12:08:50,Patna,Bihar,25.5941,85.1376,21,107,,1,0.5,0.6,20.9,34.03,51,7.84,Clouds,overcast clouds
2026-07-29 12:08:50,Ahmedabad,Gujarat,23.0225,72.5714,108,108,68,0.2,7.3,48.2,11.2,31.68,57,5.17,Clouds,overcast clouds
2026-07-29 12:08:50,Jaipur,Rajasthan,26.9124,75.7873,129,129,78,18.8,9.6,10.1,11.3,35.04,46,1.41,Rain,moderate rain
2026-07-29 12:08:50,Chandigarh,Chandigarh,30.7333,76.7794,38,13,8,2.8,1.4,3.1,37.8,33.9,54,2.02,Rain,light rain
2026-07-29 12:08:50,Bhopal,Madhya Pradesh,23.2599,77.4126,50,50,37,5,5.3,6.1,22,28.21,76,4.36,Clouds,overcast clouds
2026-07-29 12:08:50,Kanpur,Uttar Pradesh,26.4499,80.3319,150,150,86,6.3,9.9,0.4,5.4,35.69,46,4.11,Clouds,overcast clouds
2026-07-29 12:08:50,Guwahati,Assam,26.1445,91.7362,37,25,12,2.8,7.4,2.6,36.6,28.66,85,1.23,Rain,moderate rain
2026-07-29 12:08:50,Itanagar,Arunachal Pradesh,27.0844,93.6053,41,13,6,2.8,4.2,4.1,40.7,28.84,82,1.83,Rain,light rain
2026-07-29 12:08:50,Dispur,Assam,26.1433,91.7898,37,25,12,2.8,7.4,2.6,36.6,29.72,86,1.23,Rain,moderate rain
2026-07-29 12:08:50,Raipur,Chhattisgarh,21.2514,81.6296,113,113,90,3,3.4,0.5,16.8,28.44,76,2.36,Rain,moderate rain
2026-07-29 12:08:50,Gandhinagar,Gujarat,23.2156,72.6369,76,60,76,3.2,3.4,0.5,0.9,31.93,58,5.24,Clouds,overcast clouds
2026-07-29 12:08:50,Shimla,Himachal Pradesh,31.1048,77.1734,38,13,8,2.8,1.4,3.1,37.8,23.46,70,3.05,Rain,light rain
2026-07-29 12:08:50,Thiruvananthapuram,Kerala,8.5241,76.9366,55,55,,,,,,29.34,68,6.97,Rain,light rain
2026-07-29 12:08:50,Imphal,Manipur,24.817,93.9368,29,25,7,5.5,2.8,4.1,28.5,26.41,84,1.3,Rain,light rain
2026-07-29 12:08:50,Shillong,Meghalaya,25.5788,91.8933,37,25,12,2.8,7.4,2.6,36.6,23.32,82,1.48,Rain,moderate rain
2026-07-29 12:08:50,Aizawl,Mizoram,23.7271,92.7176,17,13,17,0.6,0.5,5.8,2.3,25.42,80,0.63,Rain,moderate rain
2026-07-29 12:08:50,Kohima,Nagaland,25.6751,94.1086,29,25,7,5.5,2.8,4.1,28.5,23.02,86,0.24,Rain,moderate rain
2026-07-29 12:08:50,Gangtok,Sikkim,27.3389,88.6065,69,69,48,0.7,2.5,0.4,4.3,24.25,90,1.68,Rain,moderate rain
2026-07-29 12:08:50,Agartala,Tripura,23.8315,91.2868,114,114,68,3.5,6.3,2.9,5.8,31.03,72,4.2,Rain,light rain
2026-07-29 12:08:50,Dehradun,Uttarakhand,30.3165,78.0322,38,13,8,2.8,1.4,3.1,37.8,28.24,80,1.71,Rain,moderate rain
2026-07-29 12:08:50,Port Blair,Andaman and Nicobar Islands,11.6234,92.7265,20,20,,,3.5,0.6,,29.23,77,9.3,Clouds,overcast clouds
2026-07-29 12:08:50,Daman,Dadra and Nagar Haveli and Daman and Diu,20.3974,72.8328,89,89,64,,5.6,6.7,2.9,28.7,81,8.37,Rain,light rain
2026-07-29 12:08:50,Srinagar,Jammu and Kashmir,34.0837,74.7973,104,104,67,2.8,1.9,2.6,56.5,30.5,53,0.5,Clear,clear sky
2026-07-29 12:08:50,Leh,Ladakh,34.1526,77.5771,38,13,8,2.8,1.4,3.1,37.8,22.01,32,2.74,Clouds,scattered clouds
2026-07-29 12:08:50,Puducherry,Puducherry,11.9416,79.8083,44,44,30,3.4,4.6,3.9,17.7,35.18,43,5.41,Clouds,overcast clouds
2026-07-29 15:13:43,Delhi,Delhi,28.6139,77.209,109,109,3,5.5,8.5,5,8.6,36.32,42,3.19,Clouds,overcast clouds
2026-07-29 15:13:43,Mumbai,Maharashtra,19.076,72.8777,158,158,,,,,,31.08,79,9.43,Rain,light rain
2026-07-29 15:13:43,Bangalore,Karnataka,12.9716,77.5946,53,53,27,2.9,11.2,4.1,5,27.58,68,1.79,Clouds,overcast clouds
2026-07-29 15:13:43,Kolkata,West Bengal,22.5726,88.3639,172,172,,,,,,32.18,62,5.67,Rain,light rain
2026-07-29 15:13:43,Chennai,Tamil Nadu,13.0827,80.2707,46,46,,,,,,36.57,49,1.79,Clouds,overcast clouds
2026-07-29 15:13:43,Hyderabad,Telangana,17.385,78.4867,93,93,,,,,,24.77,81,7.33,Rain,light rain
2026-07-29 15:13:43,Pune,Maharashtra,18.5204,73.8567,232,232,138,51,198,,61,27.56,64,8.82,Clouds,overcast clouds
2026-07-29 15:13:43,Lucknow,Uttar Pradesh,26.8467,80.9462,128,128,91,10.8,3,3.4,28.4,34.57,44,5.05,Clouds,overcast clouds
2026-07-29 15:13:43,Patna,Bihar,25.5941,85.1376,21,107,,1,0.5,0.6,20.9,34.26,48,7.53,Clouds,overcast clouds
2026-07-29 15:13:43,Ahmedabad,Gujarat,23.0225,72.5714,108,108,68,0.2,7.3,48.2,11.2,32.82,55,3.87,Clouds,overcast clouds
2026-07-29 15:13:43,Jaipur,Rajasthan,26.9124,75.7873,129,129,78,18.8,9.6,10.1,11.3,32.22,55,0.46,Clouds,broken clouds
2026-07-29 15:13:43,Chandigarh,Chandigarh,30.7333,76.7794,44,13,6,1.9,0.5,3.1,43.9,33.66,56,3.21,Clouds,broken clouds
2026-07-29 15:13:43,Bhopal,Madhya Pradesh,23.2599,77.4126,50,50,37,5,5.3,6.1,22,30.04,68,6.05,Rain,light rain
2026-07-29 15:13:43,Kanpur,Uttar Pradesh,26.4499,80.3319,150,150,86,6.3,9.9,0.4,5.4,35.8,44,5.09,Clouds,overcast clouds
2026-07-29 15:13:43,Guwahati,Assam,26.1445,91.7362,42,13,12,2.8,4.2,2.6,41.9,29.51,80,0.9,Rain,moderate rain
2026-07-29 15:13:43,Itanagar,Arunachal Pradesh,27.0844,93.6053,44,13,10,2.8,4.2,2.6,43.9,31.65,69,1.33,Clouds,overcast clouds
2026-07-29 15:13:43,Dispur,Assam,26.1433,91.7898,42,13,12,2.8,4.2,2.6,41.9,30.54,81,0.95,Rain,moderate rain
2026-07-29 15:13:43,Raipur,Chhattisgarh,21.2514,81.6296,113,113,90,3,3.4,0.5,16.8,25.49,89,5.68,Clouds,overcast clouds
2026-07-29 15:13:43,Gandhinagar,Gujarat,23.2156,72.6369,76,60,76,3.2,3.4,0.5,0.9,31.76,60,3.91,Clouds,overcast clouds
2026-07-29 15:13:43,Shimla,Himachal Pradesh,31.1048,77.1734,44,13,6,1.9,0.5,3.1,43.9,22.47,75,2.41,Rain,light rain
2026-07-29 15:13:43,Imphal,Manipur,24.817,93.9368,42,42,7,5.5,1.9,4.1,17.5,26.42,80,0.48,Rain,light rain
2026-07-29 15:13:43,Shillong,Meghalaya,25.5788,91.8933,42,13,12,2.8,4.2,2.6,41.9,22.67,87,1.48,Rain,light rain
2026-07-29 15:13:43,Aizawl,Mizoram,23.7271,92.7176,17,13,17,0.6,0.5,5.8,2.3,23.79,93,1.03,Rain,very heavy rain
2026-07-29 15:13:43,Kohima,Nagaland,25.6751,94.1086,42,42,7,5.5,1.9,4.1,17.5,21.53,95,0.19,Rain,light rain
2026-07-29 15:13:43,Gangtok,Sikkim,27.3389,88.6065,69,69,48,0.7,2.5,0.4,4.3,24.33,91,1.24,Rain,moderate rain
2026-07-29 15:13:43,Agartala,Tripura,23.8315,91.2868,114,114,68,3.5,6.3,2.9,5.8,28.87,84,4.29,Clouds,overcast clouds
2026-07-29 15:13:43,Dehradun,Uttarakhand,30.3165,78.0322,44,13,6,1.9,0.5,3.1,43.9,27.98,82,1.15,Clouds,overcast clouds
2026-07-29 15:13:43,Port Blair,Andaman and Nicobar Islands,11.6234,92.7265,20,20,,,4.1,0.6,,28.62,81,8.71,Rain,light rain
2026-07-29 15:13:43,Daman,Dadra and Nagar Haveli and Daman and Diu,20.3974,72.8328,89,89,64,,5.6,6.7,2.9,28.36,83,8.62,Rain,light rain
2026-07-29 15:13:43,Srinagar,Jammu and Kashmir,34.0837,74.7973,99,99,69,2.8,1,2.6,61,31.27,53,0.95,Clear,clear sky
2026-07-29 15:13:43,Leh,Ladakh,34.1526,77.5771,44,13,6,1.9,0.5,3.1,43.9,23.33,30,1.91,Clouds,broken clouds
2026-07-29 15:13:43,Puducherry,Puducherry,11.9416,79.8083,44,44,30,3.4,4.6,3.9,17.7,37.4,44,4.36,Clouds,overcast clouds
2026-07-29 17:37:29,Delhi,Delhi,28.6139,77.209,109,109,3,5.5,8.5,5,8.6,36.05,43,3.61,Clouds,broken clouds
2026-07-29 17:37:29,Mumbai,Maharashtra,19.076,72.8777,158,158,,,,,,29.06,78,9.92,Rain,light rain
2026-07-29 17:37:29,Bangalore,Karnataka,12.9716,77.5946,53,53,27,2.9,11.2,4.1,5,26.28,71,2.24,Clouds,overcast clouds
2026-07-29 17:37:29,Kolkata,West Bengal,22.5726,88.3639,172,172,,,,,,30.86,68,5.06,Clouds,broken clouds
2026-07-29 17:37:29,Chennai,Tamil Nadu,13.0827,80.2707,46,46,,,,,,35.05,58,1.34,Clouds,overcast clouds
2026-07-29 17:37:29,Hyderabad,Telangana,17.385,78.4867,93,93,,,,,,24.53,82,6.02,Rain,light rain
2026-07-29 17:37:29,Pune,Maharashtra,18.5204,73.8567,232,232,138,51,198,,61,25.71,70,6.31,Clouds,overcast clouds
2026-07-29 17:37:29,Lucknow,Uttar Pradesh,26.8467,80.9462,128,128,91,10.8,3,3.4,28.4,34.61,45,4.77,Clouds,overcast clouds
2026-07-29 17:37:29,Patna,Bihar,25.5941,85.1376,21,107,,1,0.5,0.6,20.9,33.1,54,6.8,Clouds,overcast clouds
2026-07-29 17:37:29,Ahmedabad,Gujarat,23.0225,72.5714,108,108,68,0.2,7.3,48.2,11.2,32.3,58,4.68,Clouds,overcast clouds
2026-07-29 17:37:29,Jaipur,Rajasthan,26.9124,75.7873,129,129,78,18.8,9.6,10.1,11.3,32.74,55,0.9,Clouds,overcast clouds
2026-07-29 17:37:29,Chandigarh,Chandigarh,30.7333,76.7794,44,13,6,1.9,0.5,3.1,43.5,33.38,57,1.14,Clouds,broken clouds
2026-07-29 17:37:29,Bhopal,Madhya Pradesh,23.2599,77.4126,50,50,37,5,5.3,6.1,22,28.46,78,4.57,Rain,light rain
2026-07-29 17:37:29,Kanpur,Uttar Pradesh,26.4499,80.3319,150,150,86,6.3,9.9,0.4,5.4,34.11,50,3.93,Clouds,overcast clouds
2026-07-29 17:37:29,Guwahati,Assam,26.1445,91.7362,37,13,15,2.8,4.2,2.6,37.4,28.21,89,0.32,Rain,heavy intensity rain
2026-07-29 17:37:29,Itanagar,Arunachal Pradesh,27.0844,93.6053,41,13,10,1.9,4.6,3.1,40.7,28.86,88,0.85,Rain,light rain
2026-07-29 17:37:29,Dispur,Assam,26.1433,91.7898,37,13,15,2.8,4.2,2.6,37.4,29.09,90,0.16,Rain,heavy intensity rain
2026-07-29 17:37:29,Raipur,Chhattisgarh,21.2514,81.6296,113,113,90,3,3.4,0.5,16.8,25.52,89,4.92,Rain,moderate rain
2026-07-29 17:37:29,Gandhinagar,Gujarat,23.2156,72.6369,76,60,76,3.2,3.4,0.5,0.9,32.08,59,4.29,Clouds,overcast clouds
2026-07-29 17:37:29,Shimla,Himachal Pradesh,31.1048,77.1734,44,13,6,1.9,0.5,3.1,43.5,21.71,79,1.71,Rain,light rain
2026-07-29 17:37:29,Thiruvananthapuram,Kerala,8.5241,76.9366,49,49,,,,,,27.68,79,5.57,Rain,light rain
2026-07-29 17:37:29,Imphal,Manipur,24.817,93.9368,30,30,7,5.5,3.7,4.6,15.9,24.28,92,0.87,Rain,light rain
2026-07-29 17:37:29,Shillong,Meghalaya,25.5788,91.8933,37,13,15,2.8,4.2,2.6,37.4,20.81,93,1.57,Clouds,overcast clouds
2026-07-29 17:37:29,Aizawl,Mizoram,23.7271,92.7176,17,13,17,0.6,0.5,5.8,2.3,21.12,98,1.41,Rain,light rain
2026-07-29 17:37:29,Kohima,Nagaland,25.6751,94.1086,30,30,7,5.5,3.7,4.6,15.9,20.56,97,0.61,Rain,light rain
2026-07-29 17:37:29,Gangtok,Sikkim,27.3389,88.6065,69,69,48,0.7,2.5,0.4,4.3,23.39,93,0.34,Rain,moderate rain
2026-07-29 17:37:29,Agartala,Tripura,23.8315,91.2868,114,114,68,3.5,6.3,2.9,5.8,27.04,89,4.62,Clouds,overcast clouds
2026-07-29 17:37:29,Dehradun,Uttarakhand,30.3165,78.0322,44,13,6,1.9,0.5,3.1,43.5,27.43,85,0.38,Rain,light rain
2026-07-29 17:37:29,Port Blair,Andaman and Nicobar Islands,11.6234,92.7265,57,57,,,4.7,1.1,,28.1,82,8.49,Rain,light rain
2026-07-29 17:37:29,Daman,Dadra and Nagar Haveli and Daman and Diu,20.3974,72.8328,89,89,64,,5.6,6.7,2.9,28.01,84,9.16,Rain,light rain
2026-07-29 17:37:29,Srinagar,Jammu and Kashmir,34.0837,74.7973,102,102,66,3.7,2.8,3.1,65.6,30.82,56,2.81,Clear,clear sky
2026-07-29 17:37:29,Leh,Ladakh,34.1526,77.5771,44,13,6,1.9,0.5,3.1,43.5,23.03,32,2.67,Clouds,overcast clouds
2026-07-29 17:37:29,Puducherry,Puducherry,11.9416,79.8083,44,44,30,3.4,4.6,3.9,17.7,36.29,66,4.62,Clouds,overcast clouds
2026-07-29 20:23:24,Delhi,Delhi,28.6139,77.209,109,109,3,5.5,8.5,5,8.6,33.28,51,3.13,Clouds,broken clouds
2026-07-29 20:23:24,Mumbai,Maharashtra,19.076,72.8777,158,158,,,,,,28.32,81,8.61,Rain,light rain
2026-07-29 20:23:24,Bangalore,Karnataka,12.9716,77.5946,53,53,27,2.9,11.2,4.1,5,24.68,75,0.45,Clouds,overcast clouds
2026-07-29 20:23:24,Kolkata,West Bengal,22.5726,88.3639,172,172,,,,,,28.25,81,4.41,Clouds,overcast clouds
2026-07-29 20:23:24,Chennai,Tamil Nadu,13.0827,80.2707,46,46,,,,,,30.56,84,0.89,Clouds,overcast clouds
2026-07-29 20:23:24,Hyderabad,Telangana,17.385,78.4867,93,93,,,,,,23.79,87,8.02,Rain,light rain
2026-07-29 20:23:24,Pune,Maharashtra,18.5204,73.8567,232,232,138,51,198,,61,25.53,69,4.88,Clouds,overcast clouds
2026-07-29 20:23:24,Lucknow,Uttar Pradesh,26.8467,80.9462,128,128,91,10.8,3,3.4,28.4,32.8,57,4.68,Clouds,broken clouds
2026-07-29 20:23:24,Patna,Bihar,25.5941,85.1376,21,107,,1,0.5,0.6,20.9,32.27,57,6.37,Clouds,overcast clouds
2026-07-29 20:23:24,Ahmedabad,Gujarat,23.0225,72.5714,108,108,68,0.2,7.3,48.2,11.2,31.27,63,1.98,Clouds,overcast clouds
2026-07-29 20:23:24,Jaipur,Rajasthan,26.9124,75.7873,129,129,78,18.8,9.6,10.1,11.3,32.15,58,0.59,Clouds,scattered clouds
2026-07-29 20:23:24,Chandigarh,Chandigarh,30.7333,76.7794,41,13,7,1.9,1,3.1,41.1,30.03,67,2.58,Clouds,few clouds
2026-07-29 20:23:24,Bhopal,Madhya Pradesh,23.2599,77.4126,50,50,37,5,5.3,6.1,22,25.21,91,2.77,Rain,moderate rain
2026-07-29 20:23:24,Kanpur,Uttar Pradesh,26.4499,80.3319,150,150,86,6.3,9.9,0.4,5.4,32.71,57,3.57,Clouds,overcast clouds
2026-07-29 20:23:24,Guwahati,Assam,26.1445,91.7362,46,46,12,3.7,13.3,2.6,24.4,25.91,93,1.54,Rain,moderate rain
2026-07-29 20:23:24,Itanagar,Arunachal Pradesh,27.0844,93.6053,37,25,15,1.9,6,3.1,36.6,25.74,96,1.69,Rain,light rain
2026-07-29 20:23:24,Dispur,Assam,26.1433,91.7898,46,46,12,3.7,13.3,2.6,24.4,26.84,94,1.38,Rain,moderate rain
2026-07-29 20:23:24,Raipur,Chhattisgarh,21.2514,81.6296,113,113,90,3,3.4,0.5,16.8,25.35,93,2.54,Clouds,overcast clouds
2026-07-29 20:23:24,Gandhinagar,Gujarat,23.2156,72.6369,76,60,76,3.2,3.4,0.5,0.9,29.71,69,2.45,Clouds,overcast clouds
2026-07-29 20:23:24,Shimla,Himachal Pradesh,31.1048,77.1734,41,13,7,1.9,1,3.1,41.1,18.33,93,0.5,Clouds,scattered clouds
2026-07-29 20:23:24,Thiruvananthapuram,Kerala,8.5241,76.9366,73,73,,,,,,26.22,81,4.69,Rain,light rain
2026-07-29 20:23:24,Imphal,Manipur,24.817,93.9368,42,42,9,5.5,4.6,4.6,13.5,21.8,96,0.56,Rain,light rain
2026-07-29 20:23:24,Shillong,Meghalaya,25.5788,91.8933,46,46,12,3.7,13.3,2.6,24.4,19.25,99,2.46,Rain,moderate rain
2026-07-29 20:23:24,Aizawl,Mizoram,23.7271,92.7176,17,13,17,0.6,0.5,5.8,2.3,19.95,99,1.42,Clouds,overcast clouds
2026-07-29 20:23:24,Kohima,Nagaland,25.6751,94.1086,42,42,9,5.5,4.6,4.6,13.5,18.7,97,2.2,Clouds,overcast clouds
2026-07-29 20:23:24,Gangtok,Sikkim,27.3389,88.6065,69,69,48,0.7,2.5,0.4,4.3,21.47,91,1.25,Rain,moderate rain
2026-07-29 20:23:24,Agartala,Tripura,23.8315,91.2868,114,114,68,3.5,6.3,2.9,5.8,25.9,91,4.75,Clouds,overcast clouds
2026-07-29 20:23:24,Dehradun,Uttarakhand,30.3165,78.0322,41,13,7,1.9,1,3.1,41.1,24.52,93,1.52,Rain,moderate rain
2026-07-29 20:23:24,Port Blair,Andaman and Nicobar Islands,11.6234,92.7265,57,57,,,4.7,1.1,,28.01,83,8.19,Rain,light rain
2026-07-29 20:23:24,Daman,Dadra and Nagar Haveli and Daman and Diu,20.3974,72.8328,89,89,64,,5.6,6.7,2.9,27.56,87,8.29,Rain,light rain
2026-07-29 20:23:24,Srinagar,Jammu and Kashmir,34.0837,74.7973,112,112,69,3.7,4.6,2.6,61,22.81,83,0.33,Rain,light rain
2026-07-29 20:23:24,Leh,Ladakh,34.1526,77.5771,41,13,7,1.9,1,3.1,41.1,21.68,37,2.83,Clouds,broken clouds
2026-07-29 20:23:24,Puducherry,Puducherry,11.9416,79.8083,44,44,30,3.4,4.6,3.9,17.7,31.29,63,1.77,Clouds,overcast clouds
2026-07-29 21:56:40,Delhi,Delhi,28.6139,77.209,109,109,3,5.5,8.5,5,8.6,33.24,50,3.52,Clouds,broken clouds
2026-07-29 21:56:40,Mumbai,Maharashtra,19.076,72.8777,158,158,,,,,,28.24,81,8.71,Rain,light rain
2026-07-29 21:56:40,Bangalore,Karnataka,12.9716,77.5946,53,53,27,2.9,11.2,4.1,5,23.61,79,0.45,Clouds,overcast clouds
2026-07-29 21:56:40,Kolkata,West Bengal,22.5726,88.3639,172,172,,,,,,27.96,83,4.15,Clouds,overcast clouds
2026-07-29 21:56:40,Chennai,Tamil Nadu,13.0827,80.2707,46,46,,,,,,31.61,85,7.75,Clouds,overcast clouds
2026-07-29 21:56:40,Hyderabad,Telangana,17.385,78.4867,93,93,,,,,,23.5,89,8.28,Rain,light rain
2026-07-29 21:56:40,Pune,Maharashtra,18.5204,73.8567,232,232,138,51,198,,61,25.44,68,4.55,Clouds,overcast clouds
2026-07-29 21:56:40,Lucknow,Uttar Pradesh,26.8467,80.9462,128,128,91,10.8,3,3.4,28.4,32.56,59,4.75,Clouds,overcast clouds
2026-07-29 21:56:40,Patna,Bihar,25.5941,85.1376,21,107,,1,0.5,0.6,20.9,31.73,60,6.73,Clouds,overcast clouds
2026-07-29 21:56:40,Ahmedabad,Gujarat,23.0225,72.5714,108,108,68,0.2,7.3,48.2,11.2,31,64,1.39,Clouds,overcast clouds
2026-07-29 21:56:40,Jaipur,Rajasthan,26.9124,75.7873,129,129,78,18.8,9.6,10.1,11.3,31.9,60,0.12,Clouds,scattered clouds
2026-07-29 21:56:40,Chandigarh,Chandigarh,30.7333,76.7794,39,13,12,2.8,1.4,3.1,38.6,29.39,71,2.7,Clouds,few clouds
2026-07-29 21:56:40,Bhopal,Madhya Pradesh,23.2599,77.4126,50,50,37,5,5.3,6.1,22,25.18,90,2.73,Rain,moderate rain
2026-07-29 21:56:40,Kanpur,Uttar Pradesh,26.4499,80.3319,150,150,86,6.3,9.9,0.4,5.4,31.94,60,3.46,Clouds,overcast clouds
2026-07-29 21:56:40,Guwahati,Assam,26.1445,91.7362,22,13,14,3.7,15.1,2.6,22,25.61,93,1.3,Rain,moderate rain
2026-07-29 21:56:40,Itanagar,Arunachal Pradesh,27.0844,93.6053,35,25,15,2.8,5.5,3.1,35,25.39,96,1.75,Rain,light rain
2026-07-29 21:56:40,Dispur,Assam,26.1433,91.7898,22,13,14,3.7,15.1,2.6,22,26.49,94,1.01,Rain,moderate rain
2026-07-29 21:56:40,Raipur,Chhattisgarh,21.2514,81.6296,113,113,90,3,3.4,0.5,16.8,24.98,92,3.28,Clouds,overcast clouds
2026-07-29 21:56:40,Gandhinagar,Gujarat,23.2156,72.6369,76,60,76,3.2,3.4,0.5,0.9,29.43,70,2.19,Clouds,overcast clouds
2026-07-29 21:56:40,Shimla,Himachal Pradesh,31.1048,77.1734,39,13,12,2.8,1.4,3.1,38.6,16.94,93,1.11,Clouds,few clouds
2026-07-29 21:56:40,Thiruvananthapuram,Kerala,8.5241,76.9366,64,64,,,,,,26.14,79,4.79,Rain,light rain
2026-07-29 21:56:40,Imphal,Manipur,24.817,93.9368,34,34,13,5.5,3.7,4.6,9,21.6,96,0.22,Rain,light rain
2026-07-29 21:56:40,Shillong,Meghalaya,25.5788,91.8933,22,13,14,3.7,15.1,2.6,22,19.22,98,2.76,Clouds,broken clouds
2026-07-29 21:56:40,Aizawl,Mizoram,23.7271,92.7176,17,13,17,0.6,0.5,5.8,2.3,22.02,99,1.18,Clouds,overcast clouds
2026-07-29 21:56:40,Kohima,Nagaland,25.6751,94.1086,34,34,13,5.5,3.7,4.6,9,18.51,97,2.06,Rain,moderate rain
2026-07-29 21:56:40,Gangtok,Sikkim,27.3389,88.6065,69,69,48,0.7,2.5,0.4,4.3,21.53,90,0.94,Rain,light rain
2026-07-29 21:56:40,Agartala,Tripura,23.8315,91.2868,114,114,68,3.5,6.3,2.9,5.8,25.72,92,3.99,Clouds,overcast clouds
2026-07-29 21:56:40,Dehradun,Uttarakhand,30.3165,78.0322,39,13,12,2.8,1.4,3.1,38.6,24.68,91,1.64,Rain,light rain
2026-07-29 21:56:40,Port Blair,Andaman and Nicobar Islands,11.6234,92.7265,57,57,,,4.7,1.1,,28.05,84,7.77,Clouds,overcast clouds
2026-07-29 21:56:40,Daman,Dadra and Nagar Haveli and Daman and Diu,20.3974,72.8328,89,89,64,,5.6,6.7,2.9,27.44,87,7.99,Rain,light rain
2026-07-29 21:56:40,Srinagar,Jammu and Kashmir,34.0837,74.7973,137,137,83,4.6,9.6,2.6,46.8,21.7,88,0.18,Rain,light rain
2026-07-29 21:56:40,Leh,Ladakh,34.1526,77.5771,39,13,12,2.8,1.4,3.1,38.6,21.28,38,3,Clouds,broken clouds
2026-07-29 21:56:40,Puducherry,Puducherry,11.9416,79.8083,44,44,30,3.4,4.6,3.9,17.7,30.74,55,4.32,Clouds,overcast clouds
2026-07-29 23:21:02,Delhi,Delhi,28.6139,77.209,109,109,3,5.5,8.5,5,8.6,32.13,57,2.3,Clouds,broken clouds
2026-07-29 23:21:02,Mumbai,Maharashtra,19.076,72.8777,158,158,,,,,,28.23,80,8.21,Rain,light rain
2026-07-29 23:21:02,Bangalore,Karnataka,12.9716,77.5946,53,53,27,2.9,11.2,4.1,5,23.01,81,0.45,Clouds,overcast clouds
2026-07-29 23:21:02,Kolkata,West Bengal,22.5726,88.3639,172,172,,,,,,30.01,100,4.44,Clouds,overcast clouds
2026-07-29 23:21:02,Chennai,Tamil Nadu,13.0827,80.2707,46,46,,,,,,29.44,79,0.45,Rain,light rain
2026-07-29 23:21:02,Hyderabad,Telangana,17.385,78.4867,93,93,,,,,,23.42,91,7,Rain,light rain
2026-07-29 23:21:02,Pune,Maharashtra,18.5204,73.8567,232,232,138,51,198,,61,24.97,69,0.45,Clouds,overcast clouds
2026-07-29 23:21:02,Lucknow,Uttar Pradesh,26.8467,80.9462,128,128,91,10.8,3,3.4,28.4,31.55,63,4.71,Clouds,overcast clouds
2026-07-29 23:21:02,Patna,Bihar,25.5941,85.1376,21,107,,1,0.5,0.6,20.9,30.42,66,5.78,Clouds,overcast clouds
2026-07-29 23:21:02,Ahmedabad,Gujarat,23.0225,72.5714,108,108,68,0.2,7.3,48.2,11.2,30.3,68,3.17,Clouds,overcast clouds
2026-07-29 23:21:02,Jaipur,Rajasthan,26.9124,75.7873,129,129,78,18.8,9.6,10.1,11.3,31.35,62,1.77,Clouds,broken clouds
2026-07-29 23:21:02,Chandigarh,Chandigarh,30.7333,76.7794,41,13,16,2.8,1,3.1,40.7,28.51,73,3.38,Clear,clear sky
2026-07-29 23:21:02,Bhopal,Madhya Pradesh,23.2599,77.4126,50,50,37,5,5.3,6.1,22,24.59,92,3.08,Rain,moderate rain
2026-07-29 23:21:02,Kanpur,Uttar Pradesh,26.4499,80.3319,150,150,86,6.3,9.9,0.4,5.4,31.65,63,2.58,Clouds,overcast clouds
2026-07-29 23:21:02,Guwahati,Assam,26.1445,91.7362,28,13,13,2.8,6.4,2.6,27.7,24.77,96,1.32,Rain,moderate rain
2026-07-29 23:21:02,Itanagar,Arunachal Pradesh,27.0844,93.6053,30,30,11,1.9,6.9,3.1,27.7,24.45,96,1.78,Rain,moderate rain
2026-07-29 23:21:02,Dispur,Assam,26.1433,91.7898,28,13,13,2.8,6.4,2.6,27.7,25.81,96,1.18,Rain,moderate rain
2026-07-29 23:21:02,Raipur,Chhattisgarh,21.2514,81.6296,113,113,90,3,3.4,0.5,16.8,24.57,92,4.42,Rain,light rain
2026-07-29 23:21:02,Gandhinagar,Gujarat,23.2156,72.6369,76,60,76,3.2,3.4,0.5,0.9,29.32,71,2.08,Clouds,overcast clouds
2026-07-29 23:21:02,Shimla,Himachal Pradesh,31.1048,77.1734,41,13,16,2.8,1,3.1,40.7,17.75,93,0.79,Clouds,few clouds
2026-07-29 23:21:02,Thiruvananthapuram,Kerala,8.5241,76.9366,84,84,,,,,,25.66,82,4.13,Rain,light rain
2026-07-29 23:21:02,Imphal,Manipur,24.817,93.9368,13,13,9,5.5,2.3,4.1,5.7,21.26,97,0.54,Clouds,broken clouds
2026-07-29 23:21:02,Shillong,Meghalaya,25.5788,91.8933,28,13,13,2.8,6.4,2.6,27.7,19.32,98,2.14,Rain,moderate rain
2026-07-29 23:21:02,Aizawl,Mizoram,23.7271,92.7176,17,13,17,0.6,0.5,5.8,2.3,19.4,99,1.01,Clouds,overcast clouds
2026-07-29 23:21:02,Kohima,Nagaland,25.6751,94.1086,13,13,9,5.5,2.3,4.1,5.7,18.42,96,1.66,Rain,light rain
2026-07-29 23:21:02,Gangtok,Sikkim,27.3389,88.6065,69,69,48,0.7,2.5,0.4,4.3,21.2,94,0.56,Rain,moderate rain
2026-07-29 23:21:02,Agartala,Tripura,23.8315,91.2868,114,114,68,3.5,6.3,2.9,5.8,25.18,94,3.16,Clouds,overcast clouds
2026-07-29 23:21:02,Dehradun,Uttarakhand,30.3165,78.0322,41,13,16,2.8,1,3.1,40.7,24.39,90,1.81,Rain,moderate rain
2026-07-29 23:21:02,Port Blair,Andaman and Nicobar Islands,11.6234,92.7265,23,23,,,2.9,0.6,,27.92,84,8.59,Rain,light rain
2026-07-29 23:21:02,Daman,Dadra and Nagar Haveli and Daman and Diu,20.3974,72.8328,89,89,64,,5.6,6.7,2.9,27.28,87,6.62,Rain,light rain
2026-07-29 23:21:02,Srinagar,Jammu and Kashmir,34.0837,74.7973,153,153,85,5.5,11,2.6,30.9,21.14,91,0.77,Rain,light rain
2026-07-29 23:21:02,Leh,Ladakh,34.1526,77.5771,41,13,16,2.8,1,3.1,40.7,20.84,38,2.93,Clouds,broken clouds
2026-07-29 23:21:02,Puducherry,Puducherry,11.9416,79.8083,44,44,30,3.4,4.6,3.9,17.7,30.74,57,5,Clouds,overcast clouds
2026-07-30 01:04:32,Delhi,Delhi,28.6139,77.209,109,109,3,5.5,8.5,5,8.6,31.22,64,3.1,Clouds,broken clouds
2026-07-30 01:04:32,Mumbai,Maharashtra,19.076,72.8777,158,158,,,,,,28.11,80,7.73,Rain,light rain
2026-07-30 01:04:32,Bangalore,Karnataka,12.9716,77.5946,53,53,27,2.9,11.2,4.1,5,22.46,82,0.45,Clouds,overcast clouds
2026-07-30 01:04:32,Kolkata,West Bengal,22.5726,88.3639,172,172,,,,,,27.44,85,4.3,Rain,moderate rain
2026-07-30 01:04:32,Chennai,Tamil Nadu,13.0827,80.2707,46,46,,,,,,29.21,79,0.89,Clouds,overcast clouds
2026-07-30 01:04:32,Hyderabad,Telangana,17.385,78.4867,93,93,,,,,,23.49,90,7.56,Rain,light rain
2026-07-30 01:04:32,Pune,Maharashtra,18.5204,73.8567,232,232,138,51,198,,61,24.49,70,0.45,Clouds,overcast clouds
2026-07-30 01:04:32,Lucknow,Uttar Pradesh,26.8467,80.9462,128,128,91,10.8,3,3.4,28.4,30.35,62,3.84,Clouds,overcast clouds
2026-07-30 01:04:32,Patna,Bihar,25.5941,85.1376,21,107,,1,0.5,0.6,20.9,29.38,72,5.74,Clouds,overcast clouds
2026-07-30 01:04:32,Ahmedabad,Gujarat,23.0225,72.5714,108,108,68,0.2,7.3,48.2,11.2,28.95,73,4,Clouds,overcast clouds
2026-07-30 01:04:32,Jaipur,Rajasthan,26.9124,75.7873,129,129,78,18.8,9.6,10.1,11.3,29.06,71,1.79,Rain,light rain
2026-07-30 01:04:32,Chandigarh,Chandigarh,30.7333,76.7794,40,13,10,2.8,0.5,3.1,40.3,27.1,82,3.23,Rain,light rain
2026-07-30 01:04:32,Bhopal,Madhya Pradesh,23.2599,77.4126,50,50,37,5,5.3,6.1,22,24.64,90,2.95,Rain,light rain
2026-07-30 01:04:32,Kanpur,Uttar Pradesh,26.4499,80.3319,150,150,86,6.3,9.9,0.4,5.4,30.4,62,3.77,Clouds,overcast clouds
2026-07-30 01:04:32,Guwahati,Assam,26.1445,91.7362,35,13,8,1.9,2.3,2.1,34.6,24.07,99,2.13,Clouds,overcast clouds
2026-07-30 01:04:32,Itanagar,Arunachal Pradesh,27.0844,93.6053,34,34,11,1.9,5.1,2.6,26.4,24.4,97,1.65,Rain,moderate rain
2026-07-30 01:04:32,Dispur,Assam,26.1433,91.7898,35,13,8,1.9,2.3,2.1,34.6,25.14,99,2.1,Rain,light rain
2026-07-30 01:04:32,Raipur,Chhattisgarh,21.2514,81.6296,113,113,90,3,3.4,0.5,16.8,24.64,91,5.68,Clouds,overcast clouds
2026-07-30 01:04:32,Gandhinagar,Gujarat,23.2156,72.6369,76,60,76,3.2,3.4,0.5,0.9,28.55,76,2.8,Clouds,overcast clouds
2026-07-30 01:04:32,Shimla,Himachal Pradesh,31.1048,77.1734,40,13,10,2.8,0.5,3.1,40.3,17.47,92,1.11,Clouds,scattered clouds
2026-07-30 01:04:32,Thiruvananthapuram,Kerala,8.5241,76.9366,84,84,,,,,,25.75,82,5.17,Rain,moderate rain
2026-07-30 01:04:32,Imphal,Manipur,24.817,93.9368,34,34,11,5.5,1.9,4.6,5.3,20.99,97,0.37,Rain,light rain
2026-07-30 01:04:32,Shillong,Meghalaya,25.5788,91.8933,35,13,8,1.9,2.3,2.1,34.6,19.47,98,2.02,Rain,light rain
2026-07-30 01:04:32,Aizawl,Mizoram,23.7271,92.7176,17,13,17,0.6,0.5,5.8,2.3,19.09,99,0.79,Rain,light rain
2026-07-30 01:04:32,Kohima,Nagaland,25.6751,94.1086,34,34,11,5.5,1.9,4.6,5.3,18.03,96,1.38,Clouds,overcast clouds
2026-07-30 01:04:32,Gangtok,Sikkim,27.3389,88.6065,69,69,48,0.7,2.5,0.4,4.3,20.93,98,0.19,Rain,moderate rain
2026-07-30 01:04:32,Agartala,Tripura,23.8315,91.2868,114,114,68,3.5,6.3,2.9,5.8,25.28,93,3.2,Clouds,overcast clouds
2026-07-30 01:04:32,Dehradun,Uttarakhand,30.3165,78.0322,40,13,10,2.8,0.5,3.1,40.3,24.23,89,1.53,Clouds,overcast clouds
2026-07-30 01:04:32,Port Blair,Andaman and Nicobar Islands,11.6234,92.7265,23,23,,,2.9,0.6,,27.81,84,8.32,Clouds,overcast clouds
2026-07-30 01:04:32,Daman,Dadra and Nagar Haveli and Daman and Diu,20.3974,72.8328,89,89,64,,5.6,6.7,2.9,27.13,87,5.59,Rain,light rain
2026-07-30 01:04:32,Srinagar,Jammu and Kashmir,34.0837,74.7973,152,152,92,9.1,20.6,2.6,15.1,20.03,93,0.59,Rain,light rain
2026-07-30 01:04:32,Leh,Ladakh,34.1526,77.5771,40,13,10,2.8,0.5,3.1,40.3,19.49,41,2.65,Clouds,broken clouds
2026-07-30 01:04:32,Puducherry,Puducherry,11.9416,79.8083,44,44,30,3.4,4.6,3.9,17.7,30.18,56,7.5,Clouds,overcast clouds
2026-07-30 02:34:05,Delhi,Delhi,28.6139,77.209,109,109,3,5.5,8.5,5,8.6,31.21,65,2.74,Clouds,broken clouds
2026-07-30 02:34:05,Mumbai,Maharashtra,19.076,72.8777,158,158,,,,,,28.05,78,7.61,Rain,light rain
2026-07-30 02:34:05,Bangalore,Karnataka,12.9716,77.5946,53,53,27,2.9,11.2,4.1,5,21.94,84,7.82,Clouds,overcast clouds
2026-07-30 02:34:05,Kolkata,West Bengal,22.5726,88.3639,172,172,,,,,,27.35,87,4.67,Clouds,overcast clouds
2026-07-30 02:34:05,Chennai,Tamil Nadu,13.0827,80.2707,46,46,,,,,,29.57,76,0.45,Clouds,overcast clouds
2026-07-30 02:34:05,Hyderabad,Telangana,17.385,78.4867,93,93,,,,,,23.04,92,7.47,Rain,moderate rain
2026-07-30 02:34:05,Pune,Maharashtra,18.5204,73.8567,232,232,138,51,198,,61,24.06,76,4.67,Clouds,overcast clouds
2026-07-30 02:34:05,Lucknow,Uttar Pradesh,26.8467,80.9462,128,128,91,10.8,3,3.4,28.4,30.23,62,4.23,Clouds,overcast clouds
2026-07-30 02:34:05,Patna,Bihar,25.5941,85.1376,21,107,,1,0.5,0.6,20.9,29.11,73,5.78,Clouds,overcast clouds
2026-07-30 02:34:05,Ahmedabad,Gujarat,23.0225,72.5714,108,108,68,0.2,7.3,48.2,11.2,28.65,74,3.9,Clouds,overcast clouds
2026-07-30 02:34:05,Jaipur,Rajasthan,26.9124,75.7873,129,129,78,18.8,9.6,10.1,11.3,28.98,71,1.74,Rain,light rain
2026-07-30 02:34:05,Chandigarh,Chandigarh,30.7333,76.7794,44,13,6,1.9,0.5,3.1,43.5,26.77,84,3.77,Rain,light rain
2026-07-30 02:34:05,Bhopal,Madhya Pradesh,23.2599,77.4126,50,50,37,5,5.3,6.1,22,24.47,90,2.96,Rain,moderate rain
2026-07-30 02:34:05,Kanpur,Uttar Pradesh,26.4499,80.3319,150,150,86,6.3,9.9,0.4,5.4,29.7,64,3.96,Clouds,overcast clouds
2026-07-30 02:34:05,Guwahati,Assam,26.1445,91.7362,35,13,8,1.9,2.3,2.1,34.6,24.1,99,1.85,Rain,light rain
2026-07-30 02:34:05,Itanagar,Arunachal Pradesh,27.0844,93.6053,31,13,7,1.9,2.8,2.6,30.9,24.33,97,1.59,Clouds,overcast clouds
2026-07-30 02:34:05,Dispur,Assam,26.1433,91.7898,35,13,8,1.9,2.3,2.1,34.6,25.13,99,1.91,Clouds,overcast clouds
2026-07-30 02:34:05,Raipur,Chhattisgarh,21.2514,81.6296,113,113,90,3,3.4,0.5,16.8,24.39,92,5.77,Clouds,overcast clouds
2026-07-30 02:34:05,Gandhinagar,Gujarat,23.2156,72.6369,76,60,76,3.2,3.4,0.5,0.9,28.09,79,3.2,Clouds,overcast clouds
2026-07-30 02:34:05,Shimla,Himachal Pradesh,31.1048,77.1734,44,13,6,1.9,0.5,3.1,43.5,17.34,91,0.88,Clouds,scattered clouds
2026-07-30 02:34:05,Thiruvananthapuram,Kerala,8.5241,76.9366,74,74,,,,,,25.7,83,5.64,Rain,moderate rain
2026-07-30 02:34:05,Imphal,Manipur,24.817,93.9368,34,34,11,4.6,2.3,4.1,4.9,20.85,98,0.46,Clouds,overcast clouds
2026-07-30 02:34:05,Shillong,Meghalaya,25.5788,91.8933,35,13,8,1.9,2.3,2.1,34.6,19.07,99,1.34,Clouds,overcast clouds
2026-07-30 02:34:05,Aizawl,Mizoram,23.7271,92.7176,17,13,17,0.6,0.5,5.8,2.3,18.95,99,0.92,Rain,light rain
2026-07-30 02:34:05,Kohima,Nagaland,25.6751,94.1086,34,34,11,4.6,2.3,4.1,4.9,17.87,97,0.6,Clouds,overcast clouds
2026-07-30 02:34:05,Gangtok,Sikkim,27.3389,88.6065,69,69,48,0.7,2.5,0.4,4.3,20.85,97,0.46,Rain,moderate rain
2026-07-30 02:34:05,Agartala,Tripura,23.8315,91.2868,114,114,68,3.5,6.3,2.9,5.8,25.17,93,2.93,Clouds,overcast clouds
2026-07-30 02:34:05,Dehradun,Uttarakhand,30.3165,78.0322,44,13,6,1.9,0.5,3.1,43.5,24.07,89,1.59,Clouds,overcast clouds
2026-07-30 02:34:05,Port Blair,Andaman and Nicobar Islands,11.6234,92.7265,23,23,,,2.9,0.6,,27.77,83,8.42,Rain,light rain
2026-07-30 02:34:05,Daman,Dadra and Nagar Haveli and Daman and Diu,20.3974,72.8328,89,89,64,,5.6,6.7,2.9,27.11,86,5.32,Rain,light rain
2026-07-30 02:34:05,Srinagar,Jammu and Kashmir,34.0837,74.7973,127,127,83,5.5,9.6,2.1,22.8,20.03,92,0.42,Rain,light rain
2026-07-30 02:34:05,Leh,Ladakh,34.1526,77.5771,44,13,6,1.9,0.5,3.1,43.5,18.89,43,2.62,Clouds,broken clouds
2026-07-30 02:34:05,Puducherry,Puducherry,11.9416,79.8083,44,44,30,3.4,4.6,3.9,17.7,29.62,59,6.49,Clouds,overcast clouds
2026-07-30 04:00:53,Delhi,Delhi,28.6139,77.209,109,109,3,5.5,8.5,5,8.6,30.74,66,2.61,Clouds,broken clouds
2026-07-30 04:00:53,Mumbai,Maharashtra,19.076,72.8777,158,158,,,,,,27.9,80,7.26,Rain,light rain
2026-07-30 04:00:53,Bangalore,Karnataka,12.9716,77.5946,53,53,27,2.9,11.2,4.1,5,21.94,84,0.45,Clouds,overcast clouds
2026-07-30 04:00:53,Kolkata,West Bengal,22.5726,88.3639,172,172,,,,,,27.2,88,4.44,Clouds,overcast clouds
2026-07-30 04:00:53,Chennai,Tamil Nadu,13.0827,80.2707,46,46,,,,,,29.61,74,0.45,Rain,light rain
2026-07-30 04:00:53,Hyderabad,Telangana,17.385,78.4867,93,93,,,,,,22.75,92,7.97,Rain,heavy intensity rain
2026-07-30 04:00:53,Pune,Maharashtra,18.5204,73.8567,232,232,138,51,198,,61,24.06,75,4.44,Clouds,overcast clouds
2026-07-30 04:00:53,Lucknow,Uttar Pradesh,26.8467,80.9462,128,128,91,10.8,3,3.4,28.4,29.66,65,4.65,Clouds,overcast clouds
2026-07-30 04:00:53,Patna,Bihar,25.5941,85.1376,21,107,,1,0.5,0.6,20.9,28.54,76,5.68,Clouds,overcast clouds
2026-07-30 04:00:53,Ahmedabad,Gujarat,23.0225,72.5714,108,108,68,0.2,7.3,48.2,11.2,28.06,77,4,Clouds,overcast clouds
2026-07-30 04:00:53,Jaipur,Rajasthan,26.9124,75.7873,129,129,78,18.8,9.6,10.1,11.3,29.1,70,1.93,Clouds,overcast clouds
2026-07-30 04:00:53,Chandigarh,Chandigarh,30.7333,76.7794,44,13,6,1.9,0.5,3.1,43.5,26.62,83,2.96,Clouds,scattered clouds
2026-07-30 04:00:53,Bhopal,Madhya Pradesh,23.2599,77.4126,50,50,37,5,5.3,6.1,22,24.57,89,2.69,Rain,light rain
2026-07-30 04:00:53,Kanpur,Uttar Pradesh,26.4499,80.3319,150,150,86,6.3,9.9,0.4,5.4,29.15,68,4.26,Clouds,overcast clouds
2026-07-30 04:00:53,Guwahati,Assam,26.1445,91.7362,33,13,6,1.9,1.9,2.1,32.5,24.15,98,1.17,Rain,light rain
2026-07-30 04:00:53,Itanagar,Arunachal Pradesh,27.0844,93.6053,30,13,7,1.9,2.8,3.1,30.1,24.26,97,1,Rain,light rain
2026-07-30 04:00:53,Dispur,Assam,26.1433,91.7898,33,13,6,1.9,1.9,2.1,32.5,25.22,98,1.33,Rain,light rain
2026-07-30 04:00:53,Raipur,Chhattisgarh,21.2514,81.6296,113,113,90,3,3.4,0.5,16.8,24.18,92,5.94,Rain,light rain
2026-07-30 04:00:53,Gandhinagar,Gujarat,23.2156,72.6369,76,60,76,3.2,3.4,0.5,0.9,27.42,81,3.73,Clouds,overcast clouds
2026-07-30 04:00:53,Shimla,Himachal Pradesh,31.1048,77.1734,44,13,6,1.9,0.5,3.1,43.5,16.99,91,0.64,Clouds,scattered clouds
2026-07-30 04:00:53,Thiruvananthapuram,Kerala,8.5241,76.9366,53,53,,,,,,25.53,83,5.11,Clouds,overcast clouds
2026-07-30 04:00:53,Imphal,Manipur,24.817,93.9368,30,30,9,4.6,1.9,5.6,5.7,20.64,98,0.52,Rain,light rain
2026-07-30 04:00:53,Shillong,Meghalaya,25.5788,91.8933,33,13,6,1.9,1.9,2.1,32.5,18.87,99,0.98,Clouds,overcast clouds
2026-07-30 04:00:53,Aizawl,Mizoram,23.7271,92.7176,17,13,17,0.6,0.5,5.8,2.3,21.27,99,0.65,Rain,light rain
2026-07-30 04:00:53,Kohima,Nagaland,25.6751,94.1086,30,30,9,4.6,1.9,5.6,5.7,17.85,98,1.25,Rain,moderate rain
2026-07-30 04:00:53,Gangtok,Sikkim,27.3389,88.6065,69,69,48,0.7,2.5,0.4,4.3,20.75,98,0.57,Rain,moderate rain
2026-07-30 04:00:53,Agartala,Tripura,23.8315,91.2868,114,114,68,3.5,6.3,2.9,5.8,24.95,93,2.94,Rain,light rain
2026-07-30 04:00:53,Dehradun,Uttarakhand,30.3165,78.0322,44,13,6,1.9,0.5,3.1,43.5,23.93,89,1.41,Clouds,overcast clouds
2026-07-30 04:00:53,Port Blair,Andaman and Nicobar Islands,11.6234,92.7265,23,23,,,2.9,0.6,,27.74,83,8.49,Rain,light rain
2026-07-30 04:00:53,Daman,Dadra and Nagar Haveli and Daman and Diu,20.3974,72.8328,89,89,64,,5.6,6.7,2.9,27.18,86,4.36,Rain,light rain
2026-07-30 04:00:53,Srinagar,Jammu and Kashmir,34.0837,74.7973,109,109,76,4.6,6.9,2.1,28.1,19.47,91,0.94,Rain,light rain
2026-07-30 04:00:53,Leh,Ladakh,34.1526,77.5771,44,13,6,1.9,0.5,3.1,43.5,18.18,46,2.72,Clouds,broken clouds
2026-07-30 04:00:53,Puducherry,Puducherry,11.9416,79.8083,44,44,30,3.4,4.6,3.9,17.7,29.07,59,4.03,Clouds,overcast clouds
2026-07-30 05:34:34,Delhi,Delhi,28.6139,77.209,109,109,3,5.5,8.5,5,8.6,30.56,66,2.26,Clouds,broken clouds
2026-07-30 05:34:34,Mumbai,Maharashtra,19.076,72.8777,158,158,,,,,,27.96,80,7.62,Rain,light rain
2026-07-30 05:34:34,Bangalore,Karnataka,12.9716,77.5946,53,53,27,2.9,11.2,4.1,5,21.39,85,0.45,Clouds,overcast clouds
2026-07-30 05:34:34,Kolkata,West Bengal,22.5726,88.3639,172,172,,,,,,27.1,88,4.83,Rain,light rain
2026-07-30 05:34:34,Chennai,Tamil Nadu,13.0827,80.2707,46,46,,,,,,29.62,73,0.89,Clouds,overcast clouds
2026-07-30 05:34:34,Hyderabad,Telangana,17.385,78.4867,93,93,,,,,,22.78,91,8.47,Rain,moderate rain
2026-07-30 05:34:34,Pune,Maharashtra,18.5204,73.8567,232,232,138,51,198,,61,24.49,72,0.45,Clouds,overcast clouds
2026-07-30 05:34:34,Lucknow,Uttar Pradesh,26.8467,80.9462,128,128,91,10.8,3,3.4,28.4,29.54,67,4.76,Clouds,overcast clouds
2026-07-30 05:34:34,Patna,Bihar,25.5941,85.1376,21,107,,1,0.5,0.6,20.9,28.25,78,5.53,Clouds,overcast clouds
2026-07-30 05:34:34,Ahmedabad,Gujarat,23.0225,72.5714,108,108,68,0.2,7.3,48.2,11.2,27.85,78,3.62,Clouds,overcast clouds
2026-07-30 05:34:34,Jaipur,Rajasthan,26.9124,75.7873,129,129,78,18.8,9.6,10.1,11.3,28.9,71,2.14,Clouds,broken clouds
2026-07-30 05:34:34,Chandigarh,Chandigarh,30.7333,76.7794,44,13,6,1.9,0.5,3.1,43.5,26.41,83,2.52,Clouds,broken clouds
2026-07-30 05:34:34,Bhopal,Madhya Pradesh,23.2599,77.4126,50,50,37,5,5.3,6.1,22,24.73,87,2.66,Rain,light rain
2026-07-30 05:34:34,Kanpur,Uttar Pradesh,26.4499,80.3319,150,150,86,6.3,9.9,0.4,5.4,28.94,69,3.84,Clouds,overcast clouds
2026-07-30 05:34:34,Guwahati,Assam,26.1445,91.7362,30,13,6,1.9,1.4,3.1,29.7,24.45,97,0.8,Rain,light rain
2026-07-30 05:34:34,Itanagar,Arunachal Pradesh,27.0844,93.6053,30,25,6,1.9,3.2,2.6,29.7,24.66,96,0.55,Rain,light rain
2026-07-30 05:34:34,Dispur,Assam,26.1433,91.7898,30,13,6,1.9,1.4,3.1,29.7,25.48,97,0.86,Clouds,overcast clouds
2026-07-30 05:34:34,Raipur,Chhattisgarh,21.2514,81.6296,113,113,90,3,3.4,0.5,16.8,24.14,92,4.81,Rain,light rain
2026-07-30 05:34:34,Gandhinagar,Gujarat,23.2156,72.6369,76,60,76,3.2,3.4,0.5,0.9,27.19,83,3.42,Clouds,overcast clouds
2026-07-30 05:34:34,Shimla,Himachal Pradesh,31.1048,77.1734,44,13,6,1.9,0.5,3.1,43.5,16.72,92,0.62,Clouds,broken clouds
2026-07-30 05:34:34,Thiruvananthapuram,Kerala,8.5241,76.9366,52,52,,,,,,25.43,82,4.99,Rain,light rain
2026-07-30 05:34:34,Imphal,Manipur,24.817,93.9368,30,30,9,4.6,2.3,6.1,6.1,21.31,97,0.66,Clouds,broken clouds
2026-07-30 05:34:34,Shillong,Meghalaya,25.5788,91.8933,30,13,6,1.9,1.4,3.1,29.7,18.92,99,1.65,Clouds,overcast clouds
2026-07-30 05:34:34,Aizawl,Mizoram,23.7271,92.7176,17,13,17,0.6,0.5,5.8,2.3,19.14,99,0.63,Rain,light rain
2026-07-30 05:34:34,Kohima,Nagaland,25.6751,94.1086,30,30,9,4.6,2.3,6.1,6.1,18.58,97,1.29,Rain,light rain
2026-07-30 05:34:34,Gangtok,Sikkim,27.3389,88.6065,69,69,48,0.7,2.5,0.4,4.3,20.74,97,0.77,Rain,heavy intensity rain
2026-07-30 05:34:34,Agartala,Tripura,23.8315,91.2868,114,114,68,3.5,6.3,2.9,5.8,25.09,92,3.63,Rain,moderate rain
2026-07-30 05:34:34,Dehradun,Uttarakhand,30.3165,78.0322,44,13,6,1.9,0.5,3.1,43.5,23.73,89,1.66,Clouds,overcast clouds
2026-07-30 05:34:34,Port Blair,Andaman and Nicobar Islands,11.6234,92.7265,52,52,,,,,,27.79,83,8.35,Rain,light rain
2026-07-30 05:34:34,Daman,Dadra and Nagar Haveli and Daman and Diu,20.3974,72.8328,89,89,64,,5.6,6.7,2.9,27.14,86,4.44,Rain,light rain
2026-07-30 05:34:34,Srinagar,Jammu and Kashmir,34.0837,74.7973,109,109,66,3.7,6.4,2.6,18.3,20.03,88,0.74,Rain,light rain
2026-07-30 05:34:34,Leh,Ladakh,34.1526,77.5771,44,13,6,1.9,0.5,3.1,43.5,17.77,47,2.73,Clouds,broken clouds
2026-07-30 05:34:34,Puducherry,Puducherry,11.9416,79.8083,44,44,30,3.4,4.6,3.9,17.7,28.51,62,4.73,Clouds,overcast clouds
2026-07-30 09:12:43,Delhi,Delhi,28.6139,77.209,109,109,3,5.5,8.5,5,8.6,33.77,52,3.62,Clouds,broken clouds
2026-07-30 09:12:43,Mumbai,Maharashtra,19.076,72.8777,158,158,,,,,,28.68,80,8.59,Rain,light rain
2026-07-30 09:12:43,Bangalore,Karnataka,12.9716,77.5946,53,53,27,2.9,11.2,4.1,5,21.97,84,0.89,Clouds,overcast clouds
2026-07-30 09:12:43,Kolkata,West Bengal,22.5726,88.3639,172,172,,,,,,29.87,74,6.24,Rain,moderate rain
2026-07-30 09:12:43,Chennai,Tamil Nadu,13.0827,80.2707,46,46,,,,,,32.39,62,3.13,Clouds,overcast clouds
2026-07-30 09:12:43,Hyderabad,Telangana,17.385,78.4867,93,93,,,,,,24.14,85,9.11,Clouds,overcast clouds
2026-07-30 09:12:43,Pune,Maharashtra,18.5204,73.8567,232,232,138,51,198,,61,25.99,66,0.89,Clouds,overcast clouds
2026-07-30 09:12:43,Lucknow,Uttar Pradesh,26.8467,80.9462,128,128,91,10.8,3,3.4,28.4,33.09,55,6.66,Clouds,broken clouds
2026-07-30 09:12:43,Patna,Bihar,25.5941,85.1376,21,107,,1,0.5,0.6,20.9,32.17,60,7.52,Rain,light rain
2026-07-30 09:12:43,Ahmedabad,Gujarat,23.0225,72.5714,108,108,68,0.2,7.3,48.2,11.2,28.67,76,3.58,Clouds,overcast clouds
2026-07-30 09:12:43,Jaipur,Rajasthan,26.9124,75.7873,129,129,78,18.8,9.6,10.1,11.3,32.1,57,3.81,Rain,light rain
2026-07-30 09:12:43,Chandigarh,Chandigarh,30.7333,76.7794,40,13,10,2.8,3.2,3.1,40.3,32.19,57,4.2,Clouds,scattered clouds
2026-07-30 09:12:43,Bhopal,Madhya Pradesh,23.2599,77.4126,50,50,37,5,5.3,6.1,22,28.23,74,4.97,Rain,light rain
2026-07-30 09:12:43,Kanpur,Uttar Pradesh,26.4499,80.3319,150,150,86,6.3,9.9,0.4,5.4,32.57,58,6.47,Clouds,overcast clouds
2026-07-30 09:12:43,Guwahati,Assam,26.1445,91.7362,26,13,10,2.8,4.6,2.6,26,29.3,76,1.29,Clouds,overcast clouds
2026-07-30 09:12:43,Itanagar,Arunachal Pradesh,27.0844,93.6053,25,25,8,1.9,6.9,3.1,23.6,28.36,89,1.34,Clouds,overcast clouds
2026-07-30 09:12:43,Dispur,Assam,26.1433,91.7898,26,13,10,2.8,4.6,2.6,26,30.72,75,1.18,Clouds,overcast clouds
2026-07-30 09:12:43,Raipur,Chhattisgarh,21.2514,81.6296,113,113,90,3,3.4,0.5,16.8,25.31,87,7.2,Clouds,overcast clouds
2026-07-30 09:12:43,Gandhinagar,Gujarat,23.2156,72.6369,76,60,76,3.2,3.4,0.5,0.9,28.93,78,4.12,Clouds,overcast clouds
2026-07-30 09:12:43,Shimla,Himachal Pradesh,31.1048,77.1734,40,13,10,2.8,3.2,3.1,40.3,21.51,76,1.61,Clouds,scattered clouds
2026-07-30 09:12:43,Thiruvananthapuram,Kerala,8.5241,76.9366,64,64,,,,,,27.91,73,5.64,Rain,light rain
2026-07-30 09:12:43,Imphal,Manipur,24.817,93.9368,57,57,16,5.5,4.2,5.6,8.2,26.09,84,1.33,Rain,moderate rain
2026-07-30 09:12:43,Shillong,Meghalaya,25.5788,91.8933,26,13,10,2.8,4.6,2.6,26,21.33,94,1.51,Rain,light rain
2026-07-30 09:12:43,Aizawl,Mizoram,23.7271,92.7176,17,13,17,0.6,0.5,5.8,2.3,23.07,93,0.72,Rain,moderate rain
2026-07-30 09:12:43,Kohima,Nagaland,25.6751,94.1086,57,57,16,5.5,4.2,5.6,8.2,22.66,92,0.68,Rain,moderate rain
2026-07-30 09:12:43,Gangtok,Sikkim,27.3389,88.6065,69,69,48,0.7,2.5,0.4,4.3,21.99,93,0.79,Clouds,overcast clouds
2026-07-30 09:12:43,Agartala,Tripura,23.8315,91.2868,114,114,68,3.5,6.3,2.9,5.8,25.71,94,3.48,Rain,light rain
2026-07-30 09:12:43,Dehradun,Uttarakhand,30.3165,78.0322,40,13,10,2.8,3.2,3.1,40.3,28.28,75,1.46,Rain,light rain
2026-07-30 09:12:43,Port Blair,Andaman and Nicobar Islands,11.6234,92.7265,25,25,,,4.7,0.6,,27.77,83,8.58,Rain,light rain
2026-07-30 09:12:43,Daman,Dadra and Nagar Haveli and Daman and Diu,20.3974,72.8328,89,89,64,,5.6,6.7,2.9,27.87,85,4.99,Rain,light rain
2026-07-30 09:12:43,Srinagar,Jammu and Kashmir,34.0837,74.7973,122,122,85,4.6,9.6,3.1,30.9,22.25,83,0.55,Rain,light rain
2026-07-30 09:12:43,Leh,Ladakh,34.1526,77.5771,40,13,10,2.8,3.2,3.1,40.3,19,39,1.34,Clouds,broken clouds
2026-07-30 09:12:43,Puducherry,Puducherry,11.9416,79.8083,44,44,30,3.4,4.6,3.9,17.7,31.29,55,4.02,Clouds,overcast clouds
2026-07-30 12:04:20,Delhi,Delhi,28.6139,77.209,109,109,3,5.5,8.5,5,8.6,37.02,40,4.16,Clouds,overcast clouds
2026-07-30 12:04:20,Mumbai,Maharashtra,19.076,72.8777,158,158,,,,,,28.77,81,9.09,Rain,light rain
2026-07-30 12:04:20,Bangalore,Karnataka,12.9716,77.5946,53,53,27,2.9,11.2,4.1,5,25.78,73,2.24,Clouds,overcast clouds
2026-07-30 12:04:20,Kolkata,West Bengal,22.5726,88.3639,172,172,,,,,,30.37,71,6.97,Clouds,overcast clouds
2026-07-30 12:04:20,Chennai,Tamil Nadu,13.0827,80.2707,46,46,,,,,,35.83,53,2.24,Clouds,overcast clouds
2026-07-30 12:04:20,Hyderabad,Telangana,17.385,78.4867,93,93,,,,,,24.49,83,8.75,Clouds,overcast clouds
2026-07-30 12:04:20,Pune,Maharashtra,18.5204,73.8567,232,232,138,51,198,,61,25.74,73,4.79,Rain,light rain
2026-07-30 12:04:20,Lucknow,Uttar Pradesh,26.8467,80.9462,128,128,91,10.8,3,3.4,28.4,33.9,52,6.29,Rain,light rain
2026-07-30 12:04:20,Patna,Bihar,25.5941,85.1376,21,107,,1,0.5,0.6,20.9,33.14,56,8.18,Clouds,overcast clouds
2026-07-30 12:04:20,Ahmedabad,Gujarat,23.0225,72.5714,108,108,68,0.2,7.3,48.2,11.2,32.51,60,4.03,Clouds,overcast clouds
2026-07-30 12:04:20,Jaipur,Rajasthan,26.9124,75.7873,129,129,78,18.8,9.6,10.1,11.3,34.36,47,3.35,Clouds,broken clouds
2026-07-30 12:04:20,Chandigarh,Chandigarh,30.7333,76.7794,40,13,10,2.8,2.3,3.1,39.8,35.18,47,5.69,Clouds,scattered clouds
2026-07-30 12:04:20,Bhopal,Madhya Pradesh,23.2599,77.4126,50,50,37,5,5.3,6.1,22,30.33,66,5.52,Rain,light rain
2026-07-30 12:04:20,Kanpur,Uttar Pradesh,26.4499,80.3319,150,150,86,6.3,9.9,0.4,5.4,34.53,50,6.28,Clouds,overcast clouds
2026-07-30 12:04:20,Guwahati,Assam,26.1445,91.7362,29,13,10,2.8,3.7,2.1,28.5,30.65,73,2.08,Rain,moderate rain
2026-07-30 12:04:20,Itanagar,Arunachal Pradesh,27.0844,93.6053,28,13,13,1.9,4.6,2.6,27.7,29.14,83,1.09,Clouds,overcast clouds
2026-07-30 12:04:20,Dispur,Assam,26.1433,91.7898,29,13,10,2.8,3.7,2.1,28.5,31.5,75,1.97,Rain,moderate rain
2026-07-30 12:04:20,Raipur,Chhattisgarh,21.2514,81.6296,113,113,90,3,3.4,0.5,16.8,25.85,84,7.01,Clouds,overcast clouds
2026-07-30 12:04:20,Gandhinagar,Gujarat,23.2156,72.6369,76,60,76,3.2,3.4,0.5,0.9,32.61,63,4.06,Clouds,overcast clouds
2026-07-30 12:04:20,Shimla,Himachal Pradesh,31.1048,77.1734,40,13,10,2.8,2.3,3.1,39.8,22.85,74,2.61,Rain,moderate rain
2026-07-30 12:04:20,Thiruvananthapuram,Kerala,8.5241,76.9366,62,62,,,,,,29.83,66,6.79,Rain,light rain
2026-07-30 12:04:20,Imphal,Manipur,24.817,93.9368,22,13,9,4.6,2.8,7.1,21.6,26.8,83,1.3,Rain,moderate rain
2026-07-30 12:04:20,Shillong,Meghalaya,25.5788,91.8933,29,13,10,2.8,3.7,2.1,28.5,20.88,98,1.92,Rain,light rain
2026-07-30 12:04:20,Aizawl,Mizoram,23.7271,92.7176,17,13,17,0.6,0.5,5.8,2.3,23.36,92,1.15,Rain,moderate rain
2026-07-30 12:04:20,Kohima,Nagaland,25.6751,94.1086,22,13,9,4.6,2.8,7.1,21.6,23.1,90,1.14,Clouds,overcast clouds
2026-07-30 12:04:20,Gangtok,Sikkim,27.3389,88.6065,69,69,48,0.7,2.5,0.4,4.3,24.56,84,0.78,Rain,light rain
2026-07-30 12:04:20,Agartala,Tripura,23.8315,91.2868,114,114,68,3.5,6.3,2.9,5.8,28.56,86,5.43,Clouds,overcast clouds
2026-07-30 12:04:20,Dehradun,Uttarakhand,30.3165,78.0322,40,13,10,2.8,2.3,3.1,39.8,28.63,79,2.39,Rain,moderate rain
2026-07-30 12:04:20,Port Blair,Andaman and Nicobar Islands,11.6234,92.7265,20,20,,,2.9,1.1,,28.05,83,9.09,Rain,light rain
2026-07-30 12:04:20,Daman,Dadra and Nagar Haveli and Daman and Diu,20.3974,72.8328,89,89,64,,5.6,6.7,2.9,27.82,85,5.5,Clouds,overcast clouds
2026-07-30 12:04:20,Srinagar,Jammu and Kashmir,34.0837,74.7973,134,134,93,2.8,3.2,2.6,41.9,30.59,58,1.98,Clear,clear sky
2026-07-30 12:04:20,Leh,Ladakh,34.1526,77.5771,40,13,10,2.8,2.3,3.1,39.8,21.78,34,2.36,Clouds,overcast clouds
2026-07-30 12:04:20,Puducherry,Puducherry,11.9416,79.8083,44,44,30,3.4,4.6,3.9,17.7,35.74,44,4.65,Clouds,overcast clouds
2026-07-30 15:05:00,Delhi,Delhi,28.6139,77.209,109,109,3,5.5,8.5,5,8.6,38.08,36,4.71,Clouds,overcast clouds
2026-07-30 15:05:00,Mumbai,Maharashtra,19.076,72.8777,158,158,,,,,,28.31,83,9.46,Rain,moderate rain
2026-07-30 15:05:00,Bangalore,Karnataka,12.9716,77.5946,53,53,27,2.9,11.2,4.1,5,25.76,73,1.34,Rain,light rain
2026-07-30 15:05:00,Kolkata,West Bengal,22.5726,88.3639,172,172,,,,,,30.72,68,7.04,Rain,moderate rain
2026-07-30 15:05:00,Chennai,Tamil Nadu,13.0827,80.2707,46,46,,,,,,36.95,50,4.02,Clouds,overcast clouds
2026-07-30 15:05:00,Hyderabad,Telangana,17.385,78.4867,93,93,,,,,,25.09,82,8.89,Rain,light rain
2026-07-30 15:05:00,Pune,Maharashtra,18.5204,73.8567,232,232,138,51,198,,61,25.74,73,4.85,Rain,light rain
2026-07-30 15:05:00,Lucknow,Uttar Pradesh,26.8467,80.9462,128,128,91,10.8,3,3.4,28.4,33.21,55,6.54,Clouds,overcast clouds
2026-07-30 15:05:00,Patna,Bihar,25.5941,85.1376,21,107,,1,0.5,0.6,20.9,33.44,54,7.73,Clouds,overcast clouds
2026-07-30 15:05:00,Ahmedabad,Gujarat,23.0225,72.5714,108,108,68,0.2,7.3,48.2,11.2,33.82,55,4.28,Clouds,overcast clouds
2026-07-30 15:05:00,Jaipur,Rajasthan,26.9124,75.7873,129,129,78,18.8,9.6,10.1,11.3,33.23,52,3.58,Clouds,overcast clouds
2026-07-30 15:05:00,Chandigarh,Chandigarh,30.7333,76.7794,46,13,10,2.8,1.9,3.1,45.5,33.59,54,6.95,Clouds,broken clouds
2026-07-30 15:05:00,Bhopal,Madhya Pradesh,23.2599,77.4126,50,50,37,5,5.3,6.1,22,30.16,68,5.73,Rain,light rain
2026-07-30 15:05:00,Kanpur,Uttar Pradesh,26.4499,80.3319,150,150,86,6.3,9.9,0.4,5.4,33.95,52,5.13,Clouds,overcast clouds
2026-07-30 15:05:00,Guwahati,Assam,26.1445,91.7362,30,13,6,1.9,2.3,2.6,30.1,30.42,77,1.9,Rain,moderate rain
2026-07-30 15:05:00,Itanagar,Arunachal Pradesh,27.0844,93.6053,33,13,8,1.9,2.8,2.6,32.5,29.32,78,0.92,Rain,light rain
2026-07-30 15:05:00,Dispur,Assam,26.1433,91.7898,30,13,6,1.9,2.3,2.6,30.1,30.55,84,1.97,Rain,moderate rain
2026-07-30 15:05:00,Raipur,Chhattisgarh,21.2514,81.6296,113,113,90,3,3.4,0.5,16.8,28.1,76,4.97,Rain,light rain
2026-07-30 15:05:00,Gandhinagar,Gujarat,23.2156,72.6369,76,60,76,3.2,3.4,0.5,0.9,34.36,55,4.07,Clouds,overcast clouds
2026-07-30 15:05:00,Shimla,Himachal Pradesh,31.1048,77.1734,46,13,10,2.8,1.9,3.1,45.5,22.07,78,2.34,Rain,moderate rain
2026-07-30 15:05:00,Thiruvananthapuram,Kerala,8.5241,76.9366,36,36,,,,,,29.24,65,7,Rain,light rain
2026-07-30 15:05:00,Imphal,Manipur,24.817,93.9368,38,38,6,4.6,1.9,4.6,16.3,26.45,85,0.61,Rain,moderate rain
2026-07-30 15:05:00,Shillong,Meghalaya,25.5788,91.8933,30,13,6,1.9,2.3,2.6,30.1,21.89,93,1.56,Rain,light rain
2026-07-30 15:05:00,Aizawl,Mizoram,23.7271,92.7176,17,13,17,0.6,0.5,5.8,2.3,22.82,96,1.1,Rain,moderate rain
2026-07-30 15:05:00,Kohima,Nagaland,25.6751,94.1086,38,38,6,4.6,1.9,4.6,16.3,21.95,96,0.99,Rain,moderate rain
2026-07-30 15:05:00,Gangtok,Sikkim,27.3389,88.6065,69,69,48,0.7,2.5,0.4,4.3,23.43,91,0.98,Clouds,overcast clouds
2026-07-30 15:05:00,Agartala,Tripura,23.8315,91.2868,114,114,68,3.5,6.3,2.9,5.8,29.02,82,4.38,Rain,light rain
2026-07-30 15:05:00,Dehradun,Uttarakhand,30.3165,78.0322,46,13,10,2.8,1.9,3.1,45.5,29.63,72,1.86,Clouds,broken clouds
2026-07-30 15:05:00,Port Blair,Andaman and Nicobar Islands,11.6234,92.7265,20,20,,,4.1,0.6,,28.45,81,8.17,Clouds,overcast clouds
2026-07-30 15:05:00,Daman,Dadra and Nagar Haveli and Daman and Diu,20.3974,72.8328,89,89,64,,5.6,6.7,2.9,27.81,87,5.94,Rain,light rain
2026-07-30 15:05:00,Srinagar,Jammu and Kashmir,34.0837,74.7973,76,76,73,3.7,1.9,4.1,66.2,31.06,44,2.83,Clear,clear sky
2026-07-30 15:05:00,Leh,Ladakh,34.1526,77.5771,46,13,10,2.8,1.9,3.1,45.5,22.79,37,4.62,Clouds,broken clouds
2026-07-30 15:05:00,Puducherry,Puducherry,11.9416,79.8083,44,44,30,3.4,4.6,3.9,17.7,37.4,53,7.22,Clouds,overcast clouds
2026-07-30 17:26:48,Delhi,Delhi,28.6139,77.209,109,109,3,5.5,8.5,5,8.6,35.77,44,4.85,Clouds,broken clouds
2026-07-30 17:26:48,Mumbai,Maharashtra,19.076,72.8777,158,158,,,,,,27.97,82,9.34,Rain,moderate rain
2026-07-30 17:26:48,Bangalore,Karnataka,12.9716,77.5946,53,53,27,2.9,11.2,4.1,5,26.35,69,1.34,Clouds,overcast clouds
2026-07-30 17:26:48,Kolkata,West Bengal,22.5726,88.3639,172,172,,,,,,29.59,73,5.98,Clouds,overcast clouds
2026-07-30 17:26:48,Chennai,Tamil Nadu,13.0827,80.2707,46,46,,,,,,34.18,62,1.34,Clouds,overcast clouds
2026-07-30 17:26:48,Hyderabad,Telangana,17.385,78.4867,93,93,,,,,,23.88,88,8.61,Rain,light rain
2026-07-30 17:26:48,Pune,Maharashtra,18.5204,73.8567,232,232,138,51,198,,61,25.18,73,4.95,Rain,moderate rain
2026-07-30 17:26:48,Lucknow,Uttar Pradesh,26.8467,80.9462,128,128,91,10.8,3,3.4,28.4,33.16,53,6.25,Clouds,overcast clouds
2026-07-30 17:26:48,Patna,Bihar,25.5941,85.1376,21,107,,1,0.5,0.6,20.9,32.98,56,7.33,Clouds,overcast clouds
2026-07-30 17:26:48,Ahmedabad,Gujarat,23.0225,72.5714,108,108,68,0.2,7.3,48.2,11.2,32.8,59,5.83,Clouds,overcast clouds
2026-07-30 17:26:48,Jaipur,Rajasthan,26.9124,75.7873,129,129,78,18.8,9.6,10.1,11.3,34.36,46,3.25,Clouds,overcast clouds
2026-07-30 17:26:48,Chandigarh,Chandigarh,30.7333,76.7794,45,13,10,2.8,2.3,3.1,44.7,33.32,55,5.24,Clouds,broken clouds
2026-07-30 17:26:48,Bhopal,Madhya Pradesh,23.2599,77.4126,50,50,37,5,5.3,6.1,22,28.56,77,5.17,Rain,light rain
2026-07-30 17:26:48,Kanpur,Uttar Pradesh,26.4499,80.3319,150,150,86,6.3,9.9,0.4,5.4,32.5,56,6.23,Clouds,overcast clouds
2026-07-30 17:26:48,Guwahati,Assam,26.1445,91.7362,29,25,10,2.8,3.2,2.6,29.3,26.85,90,1.3,Rain,light rain
2026-07-30 17:26:48,Itanagar,Arunachal Pradesh,27.0844,93.6053,31,13,9,1.9,3.7,3.1,30.5,27.25,91,0.69,Rain,light rain
2026-07-30 17:26:48,Dispur,Assam,26.1433,91.7898,29,25,10,2.8,3.2,2.6,29.3,27.74,91,1.33,Clouds,overcast clouds
2026-07-30 17:26:48,Raipur,Chhattisgarh,21.2514,81.6296,113,113,90,3,3.4,0.5,16.8,26.87,82,5.78,Rain,light rain
2026-07-30 17:26:48,Gandhinagar,Gujarat,23.2156,72.6369,76,60,76,3.2,3.4,0.5,0.9,32.26,63,5.79,Clouds,overcast clouds
2026-07-30 17:26:48,Shimla,Himachal Pradesh,31.1048,77.1734,45,13,10,2.8,2.3,3.1,44.7,21.22,83,1.25,Rain,light rain
2026-07-30 17:26:48,Thiruvananthapuram,Kerala,8.5241,76.9366,59,59,,,,,,28.01,72,6.19,Rain,light rain
2026-07-30 17:26:48,Imphal,Manipur,24.817,93.9368,50,50,13,5.5,5.1,4.6,12.6,24.1,91,0.65,Rain,moderate rain
2026-07-30 17:26:48,Shillong,Meghalaya,25.5788,91.8933,29,25,10,2.8,3.2,2.6,29.3,20.44,97,1.73,Rain,light rain
2026-07-30 17:26:48,Aizawl,Mizoram,23.7271,92.7176,17,13,17,0.6,0.5,5.8,2.3,21.18,99,0.97,Rain,light rain
2026-07-30 17:26:48,Kohima,Nagaland,25.6751,94.1086,50,50,13,5.5,5.1,4.6,12.6,20.01,97,0.64,Rain,moderate rain
2026-07-30 17:26:48,Gangtok,Sikkim,27.3389,88.6065,69,69,48,0.7,2.5,0.4,4.3,22.61,95,0.66,Rain,moderate rain
2026-07-30 17:26:48,Agartala,Tripura,23.8315,91.2868,114,114,68,3.5,6.3,2.9,5.8,27.49,89,3.3,Rain,light rain
2026-07-30 17:26:48,Dehradun,Uttarakhand,30.3165,78.0322,45,13,10,2.8,2.3,3.1,44.7,28.23,82,1.18,Rain,moderate rain
2026-07-30 17:26:48,Port Blair,Andaman and Nicobar Islands,11.6234,92.7265,20,20,,,4.7,0.6,,28.12,82,8.31,Rain,light rain
2026-07-30 17:26:48,Daman,Dadra and Nagar Haveli and Daman and Diu,20.3974,72.8328,89,89,64,,5.6,6.7,2.9,27.43,88,6.19,Rain,light rain
2026-07-30 17:26:48,Srinagar,Jammu and Kashmir,34.0837,74.7973,76,76,65,3.7,2.3,3.6,72.7,30.03,56,0.45,Clouds,few clouds
2026-07-30 17:26:48,Leh,Ladakh,34.1526,77.5771,45,13,10,2.8,2.3,3.1,44.7,20.3,46,2.57,Rain,light rain
2026-07-30 17:26:48,Puducherry,Puducherry,11.9416,79.8083,44,44,30,3.4,4.6,3.9,17.7,36.85,71,6.12,Clouds,overcast clouds
2026-07-30 19:55:19,Delhi,Delhi,28.6139,77.209,109,109,3,5.5,8.5,5,8.6,34.34,49,5.11,Clouds,scattered clouds
2026-07-30 19:55:19,Mumbai,Maharashtra,19.076,72.8777,158,158,,,,,,28.22,82,8.84,Rain,light rain
2026-07-30 19:55:19,Bangalore,Karnataka,12.9716,77.5946,53,53,27,2.9,11.2,4.1,5,24.03,75,1.34,Clouds,overcast clouds
2026-07-30 19:55:19,Kolkata,West Bengal,22.5726,88.3639,172,172,,,,,,27.92,82,5.58,Rain,light rain
2026-07-30 19:55:19,Chennai,Tamil Nadu,13.0827,80.2707,46,46,,,,,,30.96,78,3.13,Clouds,overcast clouds
2026-07-30 19:55:19,Hyderabad,Telangana,17.385,78.4867,93,93,,,,,,23.92,88,8.04,Rain,light rain
2026-07-30 19:55:19,Pune,Maharashtra,18.5204,73.8567,232,232,138,51,198,,61,24.07,85,5.62,Rain,light rain
2026-07-30 19:55:19,Lucknow,Uttar Pradesh,26.8467,80.9462,128,128,91,10.8,3,3.4,28.4,32.28,56,6.5,Clouds,overcast clouds
2026-07-30 19:55:19,Patna,Bihar,25.5941,85.1376,21,107,,1,0.5,0.6,20.9,32.3,58,6.61,Clouds,overcast clouds
2026-07-30 19:55:19,Ahmedabad,Gujarat,23.0225,72.5714,108,108,68,0.2,7.3,48.2,11.2,29.85,73,4.95,Rain,moderate rain
2026-07-30 19:55:19,Jaipur,Rajasthan,26.9124,75.7873,129,129,78,18.8,9.6,10.1,11.3,32.57,51,3.7,Clouds,overcast clouds
2026-07-30 19:55:19,Chandigarh,Chandigarh,30.7333,76.7794,46,13,12,2.8,1.9,3.1,46.3,30.25,67,4.39,Rain,light rain
2026-07-30 19:55:19,Bhopal,Madhya Pradesh,23.2599,77.4126,50,50,37,5,5.3,6.1,22,26.16,85,4.17,Rain,light rain
2026-07-30 19:55:19,Kanpur,Uttar Pradesh,26.4499,80.3319,150,150,86,6.3,9.9,0.4,5.4,32.05,56,3.97,Clouds,overcast clouds
2026-07-30 19:55:19,Guwahati,Assam,26.1445,91.7362,25,25,11,2.8,12.4,2.6,21.2,25.96,92,0.66,Rain,moderate rain
2026-07-30 19:55:19,Itanagar,Arunachal Pradesh,27.0844,93.6053,26,25,7,1.9,6,2.6,25.6,25.58,97,1.09,Rain,light rain
2026-07-30 19:55:19,Dispur,Assam,26.1433,91.7898,25,25,11,2.8,12.4,2.6,21.2,26.82,93,0.84,Rain,moderate rain
2026-07-30 19:55:19,Raipur,Chhattisgarh,21.2514,81.6296,113,113,90,3,3.4,0.5,16.8,25.38,88,6.09,Clouds,overcast clouds
2026-07-30 19:55:19,Gandhinagar,Gujarat,23.2156,72.6369,76,60,76,3.2,3.4,0.5,0.9,29.15,74,4.44,Rain,moderate rain
2026-07-30 19:55:19,Shimla,Himachal Pradesh,31.1048,77.1734,46,13,12,2.8,1.9,3.1,46.3,18.47,90,1.2,Rain,moderate rain
2026-07-30 19:55:19,Thiruvananthapuram,Kerala,8.5241,76.9366,75,75,,,,,,26.32,80,5.46,Rain,light rain
2026-07-30 19:55:19,Imphal,Manipur,24.817,93.9368,13,13,9,6.4,5.5,4.6,9.8,22.29,95,0.24,Rain,moderate rain
2026-07-30 19:55:19,Shillong,Meghalaya,25.5788,91.8933,25,25,11,2.8,12.4,2.6,21.2,19.13,97,1.77,Rain,light rain
2026-07-30 19:55:19,Aizawl,Mizoram,23.7271,92.7176,17,13,17,0.6,0.5,5.8,2.3,19.96,99,1.13,Clouds,overcast clouds
2026-07-30 19:55:19,Kohima,Nagaland,25.6751,94.1086,13,13,9,6.4,5.5,4.6,9.8,19.05,98,1.27,Clouds,overcast clouds
2026-07-30 19:55:19,Gangtok,Sikkim,27.3389,88.6065,69,69,48,0.7,2.5,0.4,4.3,21.51,97,0.38,Clouds,overcast clouds
2026-07-30 19:55:19,Agartala,Tripura,23.8315,91.2868,114,114,68,3.5,6.3,2.9,5.8,25.81,95,2.78,Clouds,overcast clouds
2026-07-30 19:55:19,Dehradun,Uttarakhand,30.3165,78.0322,46,13,12,2.8,1.9,3.1,46.3,25.23,89,1.53,Rain,light rain
2026-07-30 19:55:19,Port Blair,Andaman and Nicobar Islands,11.6234,92.7265,20,20,,,4.7,0.6,,28.06,82,7.43,Rain,light rain
2026-07-30 19:55:19,Daman,Dadra and Nagar Haveli and Daman and Diu,20.3974,72.8328,89,89,64,,5.6,6.7,2.9,27.11,89,6.58,Rain,light rain
2026-07-30 19:55:19,Srinagar,Jammu and Kashmir,34.0837,74.7973,124,124,79,4.6,7.4,3.6,59.1,26.14,73,1.23,Rain,light rain
2026-07-30 19:55:19,Leh,Ladakh,34.1526,77.5771,46,13,12,2.8,1.9,3.1,46.3,20.96,40,2.46,Clouds,broken clouds
2026-07-30 19:55:19,Puducherry,Puducherry,11.9416,79.8083,44,44,30,3.4,4.6,3.9,17.7,30.51,72,4.45,Clouds,overcast clouds
2026-07-30 21:38:07,Delhi,Delhi,28.6139,77.209,109,109,3,5.5,8.5,5,8.6,32.96,57,5.35,Clouds,scattered clouds
2026-07-30 21:38:07,Mumbai,Maharashtra,19.076,72.8777,158,158,,,,,,27.79,83,9.5,Rain,light rain
2026-07-30 21:38:07,Bangalore,Karnataka,12.9716,77.5946,53,53,27,2.9,11.2,4.1,5,23.57,77,0.45,Clouds,overcast clouds
2026-07-30 21:38:07,Kolkata,West Bengal,22.5726,88.3639,172,172,,,,,,27.52,86,5.36,Rain,light rain
2026-07-30 21:38:07,Chennai,Tamil Nadu,13.0827,80.2707,46,46,,,,,,30.7,77,3.58,Rain,light rain
2026-07-30 21:38:07,Hyderabad,Telangana,17.385,78.4867,93,93,,,,,,23.54,91,8.42,Rain,light rain
2026-07-30 21:38:07,Pune,Maharashtra,18.5204,73.8567,232,232,138,51,198,,61,24.63,81,5.17,Clouds,overcast clouds
2026-07-30 21:38:07,Lucknow,Uttar Pradesh,26.8467,80.9462,128,128,91,10.8,3,3.4,28.4,31.49,59,6.18,Clouds,overcast clouds
2026-07-30 21:38:07,Patna,Bihar,25.5941,85.1376,21,107,,1,0.5,0.6,20.9,31.02,64,6.92,Clouds,overcast clouds
2026-07-30 21:38:07,Ahmedabad,Gujarat,23.0225,72.5714,108,108,68,0.2,7.3,48.2,11.2,27.82,82,4.25,Rain,light rain
2026-07-30 21:38:07,Jaipur,Rajasthan,26.9124,75.7873,129,129,78,18.8,9.6,10.1,11.3,31.26,56,4.92,Clouds,overcast clouds
2026-07-30 21:38:07,Chandigarh,Chandigarh,30.7333,76.7794,42,13,11,2.8,3.2,3.1,42.3,27.97,75,3.78,Rain,light rain
2026-07-30 21:38:07,Bhopal,Madhya Pradesh,23.2599,77.4126,50,50,37,5,5.3,6.1,22,25.77,86,3.95,Clouds,broken clouds
2026-07-30 21:38:07,Kanpur,Uttar Pradesh,26.4499,80.3319,150,150,86,6.3,9.9,0.4,5.4,31.62,58,5.73,Clouds,overcast clouds
2026-07-30 21:38:07,Guwahati,Assam,26.1445,91.7362,30,30,13,2.8,10.6,3.1,22.4,25.2,95,0.49,Rain,moderate rain
2026-07-30 21:38:07,Itanagar,Arunachal Pradesh,27.0844,93.6053,46,46,14,1.9,3.7,3.1,29.3,25.33,96,1.39,Rain,light rain
2026-07-30 21:38:07,Dispur,Assam,26.1433,91.7898,30,30,13,2.8,10.6,3.1,22.4,26.2,95,0.56,Rain,moderate rain
2026-07-30 21:38:07,Raipur,Chhattisgarh,21.2514,81.6296,113,113,90,3,3.4,0.5,16.8,25.3,87,6.13,Clouds,overcast clouds
2026-07-30 21:38:07,Gandhinagar,Gujarat,23.2156,72.6369,76,60,76,3.2,3.4,0.5,0.9,27.23,80,4.3,Rain,heavy intensity rain
2026-07-30 21:38:07,Shimla,Himachal Pradesh,31.1048,77.1734,42,13,11,2.8,3.2,3.1,42.3,17.89,90,1.56,Clear,clear sky
2026-07-30 21:38:07,Thiruvananthapuram,Kerala,8.5241,76.9366,63,63,,,,,,26,81,5.73,Rain,light rain
2026-07-30 21:38:07,Imphal,Manipur,24.817,93.9368,57,57,9,5.5,3.7,4.6,7,21.89,97,0.31,Rain,light rain
2026-07-30 21:38:07,Shillong,Meghalaya,25.5788,91.8933,30,30,13,2.8,10.6,3.1,22.4,18.64,97,1.82,Clouds,overcast clouds
2026-07-30 21:38:07,Aizawl,Mizoram,23.7271,92.7176,17,13,17,0.6,0.5,5.8,2.3,19.49,99,1.12,Clouds,overcast clouds
2026-07-30 21:38:07,Kohima,Nagaland,25.6751,94.1086,57,57,9,5.5,3.7,4.6,7,18.73,97,1.49,Rain,moderate rain
2026-07-30 21:38:07,Gangtok,Sikkim,27.3389,88.6065,69,69,48,0.7,2.5,0.4,4.3,21.27,99,0.3,Rain,light rain
2026-07-30 21:38:07,Agartala,Tripura,23.8315,91.2868,114,114,68,3.5,6.3,2.9,5.8,25.44,96,2.67,Clouds,overcast clouds
2026-07-30 21:38:07,Dehradun,Uttarakhand,30.3165,78.0322,42,13,11,2.8,3.2,3.1,42.3,24.54,87,1.89,Clouds,scattered clouds
2026-07-30 21:38:07,Port Blair,Andaman and Nicobar Islands,11.6234,92.7265,20,20,,,4.7,0.6,,28,83,7.09,Clouds,overcast clouds
2026-07-30 21:38:07,Daman,Dadra and Nagar Haveli and Daman and Diu,20.3974,72.8328,89,89,64,,5.6,6.7,2.9,27.33,88,7.82,Rain,moderate rain
2026-07-30 21:38:07,Srinagar,Jammu and Kashmir,34.0837,74.7973,155,155,101,5.5,12.4,4.1,43.9,20.92,70,0.22,Clouds,scattered clouds
2026-07-30 21:38:07,Leh,Ladakh,34.1526,77.5771,42,13,11,2.8,3.2,3.1,42.3,20.71,41,1.73,Clouds,broken clouds
2026-07-30 21:38:07,Puducherry,Puducherry,11.9416,79.8083,44,44,30,3.4,4.6,3.9,17.7,29.62,65,5.65,Clouds,overcast clouds
2026-07-30 23:27:53,Delhi,Delhi,28.6139,77.209,109,109,3,5.5,8.5,5,8.6,31.85,61,5.67,Clouds,broken clouds
2026-07-30 23:27:53,Mumbai,Maharashtra,19.076,72.8777,158,158,,,,,,27.97,83,10.09,Rain,light rain
2026-07-30 23:27:53,Bangalore,Karnataka,12.9716,77.5946,53,53,27,2.9,11.2,4.1,5,22.5,82,7.59,Clouds,overcast clouds
2026-07-30 23:27:53,Kolkata,West Bengal,22.5726,88.3639,172,172,,,,,,27.25,87,4.63,Rain,light rain
2026-07-30 23:27:53,Chennai,Tamil Nadu,13.0827,80.2707,46,46,,,,,,30.39,79,1.34,Clouds,overcast clouds
2026-07-30 23:27:53,Hyderabad,Telangana,17.385,78.4867,93,93,,,,,,23.57,88,8.88,Rain,light rain
2026-07-30 23:27:53,Pune,Maharashtra,18.5204,73.8567,232,232,138,51,198,,61,24.07,91,5.61,Rain,light rain
2026-07-30 23:27:53,Lucknow,Uttar Pradesh,26.8467,80.9462,128,128,91,10.8,3,3.4,28.4,30.35,65,5.77,Clouds,overcast clouds
2026-07-30 23:27:53,Patna,Bihar,25.5941,85.1376,21,107,,1,0.5,0.6,20.9,29.98,69,6.77,Clouds,overcast clouds
2026-07-30 23:27:53,Ahmedabad,Gujarat,23.0225,72.5714,108,108,68,0.2,7.3,48.2,11.2,28.48,75,5.63,Rain,moderate rain
2026-07-30 23:27:53,Jaipur,Rajasthan,26.9124,75.7873,129,129,78,18.8,9.6,10.1,11.3,30.3,61,5.39,Clouds,broken clouds
2026-07-30 23:27:53,Chandigarh,Chandigarh,30.7333,76.7794,46,13,11,1.9,1,3.1,46.3,27.55,76,2.99,Clouds,few clouds
2026-07-30 23:27:53,Bhopal,Madhya Pradesh,23.2599,77.4126,50,50,37,5,5.3,6.1,22,25.6,84,5.02,Clouds,overcast clouds
2026-07-30 23:27:53,Kanpur,Uttar Pradesh,26.4499,80.3319,150,150,86,6.3,9.9,0.4,5.4,30.48,64,5.33,Clouds,overcast clouds
2026-07-30 23:27:53,Guwahati,Assam,26.1445,91.7362,30,25,11,2.8,3.7,2.1,30.1,25.19,95,0.92,Rain,moderate rain
2026-07-30 23:27:53,Itanagar,Arunachal Pradesh,27.0844,93.6053,28,25,12,1.9,4.6,2.6,28.1,24.73,98,1.47,Clouds,overcast clouds
2026-07-30 23:27:53,Dispur,Assam,26.1433,91.7898,30,25,11,2.8,3.7,2.1,30.1,26.21,95,0.81,Rain,moderate rain
2026-07-30 23:27:53,Raipur,Chhattisgarh,21.2514,81.6296,113,113,90,3,3.4,0.5,16.8,25.11,87,5.35,Clouds,overcast clouds
2026-07-30 23:27:53,Gandhinagar,Gujarat,23.2156,72.6369,76,60,76,3.2,3.4,0.5,0.9,26.54,83,2.54,Rain,light rain
2026-07-30 23:27:53,Shimla,Himachal Pradesh,31.1048,77.1734,46,13,11,1.9,1,3.1,46.3,17.77,88,1.79,Clouds,few clouds
2026-07-30 23:27:53,Thiruvananthapuram,Kerala,8.5241,76.9366,82,82,,,,,,25.82,81,4.87,Rain,light rain
2026-07-30 23:27:53,Imphal,Manipur,24.817,93.9368,59,59,9,6.4,2.8,4.1,5.7,21.7,98,0.4,Rain,light rain
2026-07-30 23:27:53,Shillong,Meghalaya,25.5788,91.8933,30,25,11,2.8,3.7,2.1,30.1,19.05,97,2.02,Rain,light rain
2026-07-30 23:27:53,Aizawl,Mizoram,23.7271,92.7176,17,13,17,0.6,0.5,5.8,2.3,19.12,99,0.87,Clouds,overcast clouds
2026-07-30 23:27:53,Kohima,Nagaland,25.6751,94.1086,59,59,9,6.4,2.8,4.1,5.7,18.38,97,1.03,Rain,moderate rain
2026-07-30 23:27:53,Gangtok,Sikkim,27.3389,88.6065,69,69,48,0.7,2.5,0.4,4.3,21.18,98,0.58,Rain,light rain
2026-07-30 23:27:53,Agartala,Tripura,23.8315,91.2868,114,114,68,3.5,6.3,2.9,5.8,25.09,97,2.51,Clouds,overcast clouds
2026-07-30 23:27:53,Dehradun,Uttarakhand,30.3165,78.0322,46,13,11,1.9,1,3.1,46.3,23.95,86,2.06,Rain,moderate rain
2026-07-30 23:27:53,Port Blair,Andaman and Nicobar Islands,11.6234,92.7265,20,20,,,4.7,0.6,,27.86,81,6.93,Rain,light rain
2026-07-30 23:27:53,Daman,Dadra and Nagar Haveli and Daman and Diu,20.3974,72.8328,89,89,64,,5.6,6.7,2.9,27.37,89,6.42,Rain,light rain
2026-07-30 23:27:53,Srinagar,Jammu and Kashmir,34.0837,74.7973,197,197,187,3.7,3.7,4.1,43.1,19.88,81,0.99,Rain,moderate rain
2026-07-30 23:27:53,Leh,Ladakh,34.1526,77.5771,46,13,11,1.9,1,3.1,46.3,20.24,43,3.1,Rain,light rain
2026-07-30 23:27:53,Puducherry,Puducherry,11.9416,79.8083,44,44,30,3.4,4.6,3.9,17.7,28.51,63,6.92,Rain,light rain
2026-07-31 01:14:57,Delhi,Delhi,28.6139,77.209,109,109,3,5.5,8.5,5,8.6,30.73,65,4.94,Clouds,scattered clouds
2026-07-31 01:14:57,Mumbai,Maharashtra,19.076,72.8777,158,158,,,,,,27.97,84,10.92,Rain,light rain
2026-07-31 01:14:57,Bangalore,Karnataka,12.9716,77.5946,53,53,27,2.9,11.2,4.1,5,21.93,85,0.45,Rain,light rain
2026-07-31 01:14:57,Kolkata,West Bengal,22.5726,88.3639,172,172,,,,,,27.06,88,4.12,Clouds,overcast clouds
2026-07-31 01:14:57,Chennai,Tamil Nadu,13.0827,80.2707,46,46,,,,,,30.21,79,3.13,Clouds,overcast clouds
2026-07-31 01:14:57,Hyderabad,Telangana,17.385,78.4867,93,93,,,,,,23.86,88,8.38,Clouds,overcast clouds
2026-07-31 01:14:57,Pune,Maharashtra,18.5204,73.8567,232,232,138,51,198,,61,23.52,97,5.44,Clouds,overcast clouds
2026-07-31 01:14:57,Lucknow,Uttar Pradesh,26.8467,80.9462,128,128,91,10.8,3,3.4,28.4,30,66,5.8,Clouds,overcast clouds
2026-07-31 01:14:57,Patna,Bihar,25.5941,85.1376,21,107,,1,0.5,0.6,20.9,29.03,73,6.21,Clouds,overcast clouds
2026-07-31 01:14:57,Ahmedabad,Gujarat,23.0225,72.5714,108,108,68,0.2,7.3,48.2,11.2,26.13,81,2.55,Rain,light rain
2026-07-31 01:14:57,Jaipur,Rajasthan,26.9124,75.7873,129,129,78,18.8,9.6,10.1,11.3,29.1,67,5.19,Clouds,few clouds
2026-07-31 01:14:57,Chandigarh,Chandigarh,30.7333,76.7794,49,25,11,1.9,1,2.6,49.2,27.17,77,2.28,Clear,clear sky
2026-07-31 01:14:57,Bhopal,Madhya Pradesh,23.2599,77.4126,50,50,37,5,5.3,6.1,22,24.98,89,4.77,Rain,light rain
2026-07-31 01:14:57,Kanpur,Uttar Pradesh,26.4499,80.3319,150,150,86,6.3,9.9,0.4,5.4,30.42,64,6.27,Clouds,overcast clouds
2026-07-31 01:14:57,Guwahati,Assam,26.1445,91.7362,31,25,7,2.8,2.8,2.6,30.9,24.3,98,1,Rain,heavy intensity rain
2026-07-31 01:14:57,Itanagar,Arunachal Pradesh,27.0844,93.6053,34,13,6,1.9,3.2,2.6,33.8,24.44,96,1.29,Rain,light rain
2026-07-31 01:14:57,Dispur,Assam,26.1433,91.7898,31,25,7,2.8,2.8,2.6,30.9,25.38,98,1.07,Rain,heavy intensity rain
2026-07-31 01:14:57,Raipur,Chhattisgarh,21.2514,81.6296,113,113,90,3,3.4,0.5,16.8,24.87,86,5.39,Clouds,overcast clouds
2026-07-31 01:14:57,Gandhinagar,Gujarat,23.2156,72.6369,76,60,76,3.2,3.4,0.5,0.9,25.09,90,3.16,Clouds,overcast clouds
2026-07-31 01:14:57,Shimla,Himachal Pradesh,31.1048,77.1734,49,25,11,1.9,1,2.6,49.2,17.52,89,1.24,Rain,light rain
2026-07-31 01:14:57,Thiruvananthapuram,Kerala,8.5241,76.9366,80,80,,,,,,25.74,82,5.92,Rain,light rain
2026-07-31 01:14:57,Imphal,Manipur,24.817,93.9368,13,13,7,5.5,2.8,4.1,4.1,21.36,98,0.7,Rain,light rain
2026-07-31 01:14:57,Shillong,Meghalaya,25.5788,91.8933,31,25,7,2.8,2.8,2.6,30.9,19.04,98,1.86,Rain,light rain
2026-07-31 01:14:57,Aizawl,Mizoram,23.7271,92.7176,17,13,17,0.6,0.5,5.8,2.3,18.9,99,0.85,Clouds,overcast clouds
2026-07-31 01:14:57,Kohima,Nagaland,25.6751,94.1086,13,13,7,5.5,2.8,4.1,4.1,18.41,97,1.02,Rain,light rain
2026-07-31 01:14:57,Gangtok,Sikkim,27.3389,88.6065,69,69,48,0.7,2.5,0.4,4.3,20.47,98,0.16,Clouds,overcast clouds
2026-07-31 01:14:57,Agartala,Tripura,23.8315,91.2868,114,114,68,3.5,6.3,2.9,5.8,24.92,98,2.08,Clouds,overcast clouds
2026-07-31 01:14:57,Dehradun,Uttarakhand,30.3165,78.0322,49,25,11,1.9,1,2.6,49.2,23.38,91,1.72,Rain,moderate rain
2026-07-31 01:14:57,Port Blair,Andaman and Nicobar Islands,11.6234,92.7265,80,80,,,,,,27.81,81,7.07,Rain,light rain
2026-07-31 01:14:57,Daman,Dadra and Nagar Haveli and Daman and Diu,20.3974,72.8328,89,89,64,,5.6,6.7,2.9,27.23,90,7.94,Rain,moderate rain
2026-07-31 01:14:57,Srinagar,Jammu and Kashmir,34.0837,74.7973,373,184,373,2.8,2.8,3.6,43.9,18.99,88,0.82,Rain,light rain
2026-07-31 01:14:57,Leh,Ladakh,34.1526,77.5771,49,25,11,1.9,1,2.6,49.2,17.71,50,4.2,Clouds,broken clouds
2026-07-31 01:14:57,Puducherry,Puducherry,11.9416,79.8083,44,44,30,3.4,4.6,3.9,17.7,28.51,64,3.94,Clouds,overcast clouds
2026-07-31 02:48:07,Delhi,Delhi,28.6139,77.209,109,109,3,5.5,8.5,5,8.6,30.22,66,4.74,Clouds,broken clouds
2026-07-31 02:48:07,Mumbai,Maharashtra,19.076,72.8777,158,158,,,,,,27.72,83,10.21,Rain,moderate rain
2026-07-31 02:48:07,Bangalore,Karnataka,12.9716,77.5946,53,53,27,2.9,11.2,4.1,5,21.9,85,0.45,Clouds,overcast clouds
2026-07-31 02:48:07,Kolkata,West Bengal,22.5726,88.3639,172,172,,,,,,26.77,89,3.61,Rain,light rain
2026-07-31 02:48:07,Chennai,Tamil Nadu,13.0827,80.2707,46,46,,,,,,29.83,77,0.89,Clouds,overcast clouds
2026-07-31 02:48:07,Hyderabad,Telangana,17.385,78.4867,93,93,,,,,,23.97,84,7.82,Clouds,overcast clouds
2026-07-31 02:48:07,Pune,Maharashtra,18.5204,73.8567,232,232,138,51,198,,61,24.07,88,4.72,Clouds,overcast clouds
2026-07-31 02:48:07,Lucknow,Uttar Pradesh,26.8467,80.9462,128,128,91,10.8,3,3.4,28.4,29.38,69,5.83,Clouds,overcast clouds
2026-07-31 02:48:07,Patna,Bihar,25.5941,85.1376,21,107,,1,0.5,0.6,20.9,28.72,75,6.38,Rain,light rain
2026-07-31 02:48:07,Ahmedabad,Gujarat,23.0225,72.5714,108,108,68,0.2,7.3,48.2,11.2,26.15,82,2.26,Rain,light rain
2026-07-31 02:48:07,Jaipur,Rajasthan,26.9124,75.7873,129,129,78,18.8,9.6,10.1,11.3,28.81,69,5.03,Clouds,scattered clouds
2026-07-31 02:48:07,Chandigarh,Chandigarh,30.7333,76.7794,50,30,11,1.9,1.4,3.1,49.6,26.42,78,2.3,Rain,moderate rain
2026-07-31 02:48:07,Bhopal,Madhya Pradesh,23.2599,77.4126,50,50,37,5,5.3,6.1,22,24.7,91,4.93,Clouds,few clouds
2026-07-31 02:48:07,Kanpur,Uttar Pradesh,26.4499,80.3319,150,150,86,6.3,9.9,0.4,5.4,30.21,65,6.43,Clouds,overcast clouds
2026-07-31 02:48:07,Guwahati,Assam,26.1445,91.7362,32,25,6,1.9,2.3,2.6,31.7,24.11,99,0.76,Rain,moderate rain
2026-07-31 02:48:07,Itanagar,Arunachal Pradesh,27.0844,93.6053,32,13,6,1.9,3.2,6.1,31.7,24.25,96,1.37,Rain,light rain
2026-07-31 02:48:07,Dispur,Assam,26.1433,91.7898,32,25,6,1.9,2.3,2.6,31.7,25.21,99,0.86,Rain,moderate rain
2026-07-31 02:48:07,Raipur,Chhattisgarh,21.2514,81.6296,113,113,90,3,3.4,0.5,16.8,24.71,87,5.24,Clouds,overcast clouds
2026-07-31 02:48:07,Gandhinagar,Gujarat,23.2156,72.6369,76,60,76,3.2,3.4,0.5,0.9,25.66,87,1.64,Clouds,overcast clouds
2026-07-31 02:48:07,Shimla,Himachal Pradesh,31.1048,77.1734,50,30,11,1.9,1.4,3.1,49.6,17.37,88,1.42,Clouds,scattered clouds
2026-07-31 02:48:07,Thiruvananthapuram,Kerala,8.5241,76.9366,70,70,,,,,,25.88,81,6.17,Rain,light rain
2026-07-31 02:48:07,Imphal,Manipur,24.817,93.9368,13,13,7,4.6,2.3,4.6,4.1,21.37,98,0.67,Rain,light rain
2026-07-31 02:48:07,Shillong,Meghalaya,25.5788,91.8933,32,25,6,1.9,2.3,2.6,31.7,19.02,98,1.86,Rain,light rain
2026-07-31 02:48:07,Aizawl,Mizoram,23.7271,92.7176,17,13,17,0.6,0.5,5.8,2.3,18.76,99,1,Clouds,overcast clouds
2026-07-31 02:48:07,Kohima,Nagaland,25.6751,94.1086,13,13,7,4.6,2.3,4.6,4.1,18.17,97,1.03,Rain,light rain
2026-07-31 02:48:07,Gangtok,Sikkim,27.3389,88.6065,69,69,48,0.7,2.5,0.4,4.3,20.46,99,0.78,Clouds,overcast clouds
2026-07-31 02:48:07,Agartala,Tripura,23.8315,91.2868,114,114,68,3.5,6.3,2.9,5.8,24.81,97,2.02,Clouds,overcast clouds
2026-07-31 02:48:07,Dehradun,Uttarakhand,30.3165,78.0322,50,30,11,1.9,1.4,3.1,49.6,23.27,92,1.43,Rain,moderate rain
2026-07-31 02:48:07,Port Blair,Andaman and Nicobar Islands,11.6234,92.7265,70,70,,,,,,27.82,80,6.99,Rain,light rain
2026-07-31 02:48:07,Daman,Dadra and Nagar Haveli and Daman and Diu,20.3974,72.8328,89,89,64,,5.6,6.7,2.9,27.12,91,6.37,Rain,moderate rain
2026-07-31 02:48:07,Srinagar,Jammu and Kashmir,34.0837,74.7973,195,167,195,2.8,1.4,3.6,43.9,21.7,82,0.68,Clear,clear sky
2026-07-31 02:48:07,Leh,Ladakh,34.1526,77.5771,50,30,11,1.9,1.4,3.1,49.6,17.71,48,3.68,Clouds,broken clouds
2026-07-31 02:48:07,Puducherry,Puducherry,11.9416,79.8083,44,44,30,3.4,4.6,3.9,17.7,27.96,61,5.21,Clouds,overcast clouds
2026-07-31 04:08:36,Delhi,Delhi,28.6139,77.209,109,109,3,5.5,8.5,5,8.6,29.92,67,4.57,Clouds,broken clouds
2026-07-31 04:08:36,Mumbai,Maharashtra,19.076,72.8777,158,158,,,,,,27.82,83,9.37,Rain,light rain
2026-07-31 04:08:36,Bangalore,Karnataka,12.9716,77.5946,53,53,27,2.9,11.2,4.1,5,21.39,86,0.45,Clouds,overcast clouds
2026-07-31 04:08:36,Kolkata,West Bengal,22.5726,88.3639,172,172,,,,,,26.36,92,3.05,Rain,light rain
2026-07-31 04:08:36,Chennai,Tamil Nadu,13.0827,80.2707,46,46,,,,,,29.58,78,1.34,Clouds,overcast clouds
2026-07-31 04:08:36,Hyderabad,Telangana,17.385,78.4867,93,93,,,,,,23.84,85,8.19,Clouds,overcast clouds
2026-07-31 04:08:36,Pune,Maharashtra,18.5204,73.8567,232,232,138,51,198,,61,24.07,84,6.04,Clouds,overcast clouds
2026-07-31 04:08:36,Lucknow,Uttar Pradesh,26.8467,80.9462,128,128,91,10.8,3,3.4,28.4,28.71,73,5.76,Clouds,overcast clouds
2026-07-31 04:08:36,Patna,Bihar,25.5941,85.1376,21,107,,1,0.5,0.6,20.9,28.04,78,6.29,Clouds,overcast clouds
2026-07-31 04:08:36,Ahmedabad,Gujarat,23.0225,72.5714,108,108,68,0.2,7.3,48.2,11.2,26.06,84,2.17,Rain,moderate rain
2026-07-31 04:08:36,Jaipur,Rajasthan,26.9124,75.7873,129,129,78,18.8,9.6,10.1,11.3,28.17,72,4.34,Clouds,scattered clouds
2026-07-31 04:08:36,Chandigarh,Chandigarh,30.7333,76.7794,61,13,6,1.9,0.5,3.1,61,25.37,85,3.18,Rain,light rain
2026-07-31 04:08:36,Bhopal,Madhya Pradesh,23.2599,77.4126,50,50,37,5,5.3,6.1,22,24.45,92,5.21,Clouds,broken clouds
2026-07-31 04:08:36,Kanpur,Uttar Pradesh,26.4499,80.3319,150,150,86,6.3,9.9,0.4,5.4,29.42,68,6.17,Clouds,overcast clouds
2026-07-31 04:08:36,Guwahati,Assam,26.1445,91.7362,32,13,6,1.9,1.9,4.1,32.1,24.05,99,0.14,Rain,light rain
2026-07-31 04:08:36,Itanagar,Arunachal Pradesh,27.0844,93.6053,31,25,6,1.9,2.8,3.6,30.9,24.07,97,1.13,Rain,moderate rain
2026-07-31 04:08:36,Dispur,Assam,26.1433,91.7898,32,13,6,1.9,1.9,4.1,32.1,25.11,99,0.1,Rain,light rain
2026-07-31 04:08:36,Raipur,Chhattisgarh,21.2514,81.6296,113,113,90,3,3.4,0.5,16.8,24.77,87,4.92,Clouds,overcast clouds
2026-07-31 04:08:36,Gandhinagar,Gujarat,23.2156,72.6369,76,60,76,3.2,3.4,0.5,0.9,25.31,92,1.29,Rain,moderate rain
2026-07-31 04:08:36,Shimla,Himachal Pradesh,31.1048,77.1734,61,13,6,1.9,0.5,3.1,61,16.67,89,1.74,Rain,light rain
2026-07-31 04:08:36,Thiruvananthapuram,Kerala,8.5241,76.9366,70,70,,,,,,25.93,80,5.99,Rain,moderate rain
2026-07-31 04:08:36,Imphal,Manipur,24.817,93.9368,13,13,11,5.5,2.8,4.6,3.3,21.49,98,0.21,Rain,light rain
2026-07-31 04:08:36,Shillong,Meghalaya,25.5788,91.8933,32,13,6,1.9,1.9,4.1,32.1,18.82,98,1.8,Rain,light rain
2026-07-31 04:08:36,Aizawl,Mizoram,23.7271,92.7176,17,13,17,0.6,0.5,5.8,2.3,18.5,99,0.65,Clouds,overcast clouds
2026-07-31 04:08:36,Kohima,Nagaland,25.6751,94.1086,13,13,11,5.5,2.8,4.6,3.3,18.32,98,0.48,Clouds,overcast clouds
2026-07-31 04:08:36,Gangtok,Sikkim,27.3389,88.6065,69,69,48,0.7,2.5,0.4,4.3,20.63,97,0.33,Clouds,overcast clouds
2026-07-31 04:08:36,Agartala,Tripura,23.8315,91.2868,114,114,68,3.5,6.3,2.9,5.8,24.59,97,2.38,Rain,light rain
2026-07-31 04:08:36,Dehradun,Uttarakhand,30.3165,78.0322,61,13,6,1.9,0.5,3.1,61,23.09,95,1.45,Rain,moderate rain
2026-07-31 04:08:36,Port Blair,Andaman and Nicobar Islands,11.6234,92.7265,70,70,,,,,,27.87,80,8.15,Clouds,overcast clouds
2026-07-31 04:08:36,Daman,Dadra and Nagar Haveli and Daman and Diu,20.3974,72.8328,89,89,64,,5.6,6.7,2.9,26.43,94,7.56,Rain,heavy intensity rain
2026-07-31 04:08:36,Srinagar,Jammu and Kashmir,34.0837,74.7973,150,129,150,2.8,1,3.1,48.8,20.59,88,0.37,Rain,moderate rain
2026-07-31 04:08:36,Leh,Ladakh,34.1526,77.5771,61,13,6,1.9,0.5,3.1,61,17.47,46,2.78,Rain,light rain
2026-07-31 04:08:36,Puducherry,Puducherry,11.9416,79.8083,44,44,30,3.4,4.6,3.9,17.7,27.4,63,3.08,Clouds,overcast clouds
2026-07-31 05:40:11,Delhi,Delhi,28.6139,77.209,109,109,3,5.5,8.5,5,8.6,29.7,69,4.31,Clouds,broken clouds
2026-07-31 05:40:11,Mumbai,Maharashtra,19.076,72.8777,158,158,,,,,,27.8,84,9.62,Clouds,overcast clouds
2026-07-31 05:40:11,Bangalore,Karnataka,12.9716,77.5946,53,53,27,2.9,11.2,4.1,5,20.86,88,0.45,Clouds,overcast clouds
2026-07-31 05:40:11,Kolkata,West Bengal,22.5726,88.3639,172,172,,,,,,26.39,91,3.48,Rain,light rain
2026-07-31 05:40:11,Chennai,Tamil Nadu,13.0827,80.2707,46,46,,,,,,29.57,76,1.79,Clouds,overcast clouds
2026-07-31 05:40:11,Hyderabad,Telangana,17.385,78.4867,93,93,,,,,,23.96,86,7.78,Clouds,overcast clouds
2026-07-31 05:40:11,Pune,Maharashtra,18.5204,73.8567,232,232,138,51,198,,61,24.07,85,5.06,Rain,light rain
2026-07-31 05:40:11,Lucknow,Uttar Pradesh,26.8467,80.9462,128,128,91,10.8,3,3.4,28.4,27.77,80,6.1,Clouds,overcast clouds
2026-07-31 05:40:11,Patna,Bihar,25.5941,85.1376,21,107,,1,0.5,0.6,20.9,27.71,81,6.35,Clouds,overcast clouds
2026-07-31 05:40:11,Ahmedabad,Gujarat,23.0225,72.5714,108,108,68,0.2,7.3,48.2,11.2,26.6,82,3.25,Rain,light rain
2026-07-31 05:40:11,Jaipur,Rajasthan,26.9124,75.7873,129,129,78,18.8,9.6,10.1,11.3,27.8,75,4.79,Clouds,scattered clouds
2026-07-31 05:40:11,Chandigarh,Chandigarh,30.7333,76.7794,62,13,6,1.9,1,2.6,62.3,26.21,80,2.98,Rain,light rain
2026-07-31 05:40:11,Bhopal,Madhya Pradesh,23.2599,77.4126,50,50,37,5,5.3,6.1,22,24.33,92,5.42,Clouds,broken clouds
2026-07-31 05:40:11,Kanpur,Uttar Pradesh,26.4499,80.3319,150,150,86,6.3,9.9,0.4,5.4,28.73,73,6,Clouds,overcast clouds
2026-07-31 05:40:11,Guwahati,Assam,26.1445,91.7362,31,13,6,2.8,2.8,4.1,31.3,24.33,97,0.28,Rain,light rain
2026-07-31 05:40:11,Itanagar,Arunachal Pradesh,27.0844,93.6053,34,30,6,1.9,2.8,3.6,34.2,24.21,97,1.28,Rain,heavy intensity rain
2026-07-31 05:40:11,Dispur,Assam,26.1433,91.7898,31,13,6,2.8,2.8,4.1,31.3,25.42,97,0.36,Rain,light rain
2026-07-31 05:40:11,Raipur,Chhattisgarh,21.2514,81.6296,113,113,90,3,3.4,0.5,16.8,25.09,86,5.07,Clouds,overcast clouds
2026-07-31 05:40:11,Gandhinagar,Gujarat,23.2156,72.6369,76,60,76,3.2,3.4,0.5,0.9,25.65,88,3.89,Rain,moderate rain
2026-07-31 05:40:11,Shimla,Himachal Pradesh,31.1048,77.1734,62,13,6,1.9,1,2.6,62.3,16.98,90,1.62,Rain,light rain
2026-07-31 05:40:11,Thiruvananthapuram,Kerala,8.5241,76.9366,67,67,,,,,,25.77,80,5.71,Rain,light rain
2026-07-31 05:40:11,Imphal,Manipur,24.817,93.9368,30,30,13,5.5,2.8,4.6,2.5,21.56,97,0.27,Clouds,overcast clouds
2026-07-31 05:40:11,Shillong,Meghalaya,25.5788,91.8933,31,13,6,2.8,2.8,4.1,31.3,18.92,97,1.37,Clouds,overcast clouds
2026-07-31 05:40:11,Aizawl,Mizoram,23.7271,92.7176,17,13,17,0.6,0.5,5.8,2.3,18.71,99,0.68,Clouds,overcast clouds
2026-07-31 05:40:11,Kohima,Nagaland,25.6751,94.1086,30,30,13,5.5,2.8,4.6,2.5,18.74,97,0.84,Clouds,overcast clouds
2026-07-31 05:40:11,Gangtok,Sikkim,27.3389,88.6065,69,69,48,0.7,2.5,0.4,4.3,20.71,99,0.3,Rain,moderate rain
2026-07-31 05:40:11,Agartala,Tripura,23.8315,91.2868,114,114,68,3.5,6.3,2.9,5.8,24.97,95,2.19,Clouds,overcast clouds
2026-07-31 05:40:11,Dehradun,Uttarakhand,30.3165,78.0322,62,13,6,1.9,1,2.6,62.3,23.34,94,1.08,Rain,moderate rain
2026-07-31 05:40:11,Port Blair,Andaman and Nicobar Islands,11.6234,92.7265,25,25,,,4.1,0.6,,27.85,82,8.62,Clouds,overcast clouds
2026-07-31 05:40:11,Daman,Dadra and Nagar Haveli and Daman and Diu,20.3974,72.8328,89,89,64,,5.6,6.7,2.9,26.57,92,6.71,Rain,moderate rain
2026-07-31 05:40:11,Srinagar,Jammu and Kashmir,34.0837,74.7973,137,137,93,3.7,1,3.6,48.4,20.59,87,0.14,Rain,light rain
2026-07-31 05:40:11,Leh,Ladakh,34.1526,77.5771,62,13,6,1.9,1,2.6,62.3,17.75,43,2.42,Rain,light rain
2026-07-31 05:40:11,Puducherry,Puducherry,11.9416,79.8083,44,44,30,3.4,4.6,3.9,17.7,26.85,71,3.03,Clouds,overcast clouds
2026-07-31 09:32:47,Delhi,Delhi,28.6139,77.209,109,109,3,5.5,8.5,5,8.6,31.56,60,4.71,Clouds,broken clouds
2026-07-31 09:32:47,Mumbai,Maharashtra,19.076,72.8777,158,158,,,,,,27.35,88,9.62,Rain,heavy intensity rain
2026-07-31 09:32:47,Bangalore,Karnataka,12.9716,77.5946,53,53,27,2.9,11.2,4.1,5,24.12,77,2.68,Clouds,overcast clouds
2026-07-31 09:32:47,Kolkata,West Bengal,22.5726,88.3639,172,172,,,,,,31.24,67,4.88,Clouds,overcast clouds
2026-07-31 09:32:47,Chennai,Tamil Nadu,13.0827,80.2707,46,46,,,,,,33.6,58,3.13,Clouds,scattered clouds
2026-07-31 09:32:47,Hyderabad,Telangana,17.385,78.4867,93,93,,,,,,24.7,82,8.82,Clouds,overcast clouds
2026-07-31 09:32:47,Pune,Maharashtra,18.5204,73.8567,232,232,138,51,198,,61,23.52,98,5.23,Rain,moderate rain
2026-07-31 09:32:47,Lucknow,Uttar Pradesh,26.8467,80.9462,128,128,91,10.8,3,3.4,28.4,31.19,65,7.9,Clouds,overcast clouds
2026-07-31 09:32:47,Patna,Bihar,25.5941,85.1376,21,107,,1,0.5,0.6,20.9,32.02,61,6.83,Rain,light rain
2026-07-31 09:32:47,Ahmedabad,Gujarat,23.0225,72.5714,108,108,68,0.2,7.3,48.2,11.2,30.58,73,5.93,Rain,light rain
2026-07-31 09:32:47,Jaipur,Rajasthan,26.9124,75.7873,129,129,78,18.8,9.6,10.1,11.3,31.13,57,6.26,Clouds,scattered clouds
2026-07-31 09:32:47,Chandigarh,Chandigarh,30.7333,76.7794,53,13,6,2.8,5.5,2.6,52.6,29.49,68,5.46,Clouds,overcast clouds
2026-07-31 09:32:47,Bhopal,Madhya Pradesh,23.2599,77.4126,50,50,37,5,5.3,6.1,22,26.98,80,6.45,Rain,light rain
2026-07-31 09:32:47,Kanpur,Uttar Pradesh,26.4499,80.3319,150,150,86,6.3,9.9,0.4,5.4,31.59,63,7.63,Clouds,overcast clouds
2026-07-31 09:32:47,Guwahati,Assam,26.1445,91.7362,33,13,6,2.8,3.7,3.1,33.3,27.45,87,1.98,Rain,moderate rain
2026-07-31 09:32:47,Itanagar,Arunachal Pradesh,27.0844,93.6053,35,13,6,1.9,4.2,4.1,34.6,27.44,90,0.15,Clouds,overcast clouds
2026-07-31 09:32:47,Dispur,Assam,26.1433,91.7898,33,13,6,2.8,3.7,3.1,33.3,28.25,89,1.75,Rain,moderate rain
2026-07-31 09:32:47,Raipur,Chhattisgarh,21.2514,81.6296,113,113,90,3,3.4,0.5,16.8,26.35,81,6.1,Clouds,overcast clouds
2026-07-31 09:32:47,Gandhinagar,Gujarat,23.2156,72.6369,76,60,76,3.2,3.4,0.5,0.9,30.25,77,5.63,Rain,light rain
2026-07-31 09:32:47,Shimla,Himachal Pradesh,31.1048,77.1734,53,13,6,2.8,5.5,2.6,52.6,19.33,85,1.2,Rain,light rain
2026-07-31 09:32:47,Thiruvananthapuram,Kerala,8.5241,76.9366,66,66,,,,,,28.41,76,6.33,Rain,light rain
2026-07-31 09:32:47,Imphal,Manipur,24.817,93.9368,53,53,16,5.5,3.7,4.6,11,24.54,86,1.45,Rain,light rain
2026-07-31 09:32:47,Shillong,Meghalaya,25.5788,91.8933,33,13,6,2.8,3.7,3.1,33.3,22.31,86,0.46,Rain,light rain
2026-07-31 09:32:47,Aizawl,Mizoram,23.7271,92.7176,17,13,17,0.6,0.5,5.8,2.3,25.85,65,0.27,Clouds,overcast clouds
2026-07-31 09:32:47,Kohima,Nagaland,25.6751,94.1086,53,53,16,5.5,3.7,4.6,11,21.8,94,1.1,Rain,moderate rain
2026-07-31 09:32:47,Gangtok,Sikkim,27.3389,88.6065,69,69,48,0.7,2.5,0.4,4.3,20.72,100,0.87,Rain,moderate rain
2026-07-31 09:32:47,Agartala,Tripura,23.8315,91.2868,114,114,68,3.5,6.3,2.9,5.8,29.7,74,2.39,Clouds,overcast clouds
2026-07-31 09:32:47,Dehradun,Uttarakhand,30.3165,78.0322,53,13,6,2.8,5.5,2.6,52.6,23.82,92,0.89,Rain,light rain
2026-07-31 09:32:47,Port Blair,Andaman and Nicobar Islands,11.6234,92.7265,26,26,,,4.7,0.6,,28.25,81,7.52,Rain,light rain
2026-07-31 09:32:47,Daman,Dadra and Nagar Haveli and Daman and Diu,20.3974,72.8328,89,89,64,,5.6,6.7,2.9,26.49,90,8.71,Rain,heavy intensity rain
2026-07-31 09:32:47,Srinagar,Jammu and Kashmir,34.0837,74.7973,181,155,181,3.7,6.4,5.1,37.4,21.14,82,0.89,Rain,light rain
2026-07-31 09:32:47,Leh,Ladakh,34.1526,77.5771,53,13,6,2.8,5.5,2.6,52.6,19.1,36,1.55,Clouds,overcast clouds
2026-07-31 09:32:47,Puducherry,Puducherry,11.9416,79.8083,44,44,30,3.4,4.6,3.9,17.7,32.96,56,3,Clouds,broken clouds
2026-07-31 12:54:41,Delhi,Delhi,28.6139,77.209,78,78,35,5.9,11.9,2.6,6.8,35.08,46,5.66,Clouds,overcast clouds
2026-07-31 12:54:41,Mumbai,Maharashtra,19.076,72.8777,158,158,,,,,,27.83,86,10.31,Rain,heavy intensity rain
2026-07-31 12:54:41,Bangalore,Karnataka,12.9716,77.5946,53,53,27,2.9,11.2,4.1,5,27.74,65,2.24,Clouds,overcast clouds
2026-07-31 12:54:41,Kolkata,West Bengal,22.5726,88.3639,172,172,,,,,,31.63,64,5.38,Clouds,overcast clouds
2026-07-31 12:54:41,Chennai,Tamil Nadu,13.0827,80.2707,46,46,,,,,,36.75,51,0.89,Clouds,overcast clouds
2026-07-31 12:54:41,Hyderabad,Telangana,17.385,78.4867,93,93,,,,,,26.73,72,8.63,Clouds,overcast clouds
2026-07-31 12:54:41,Pune,Maharashtra,18.5204,73.8567,232,232,138,51,198,,61,23.52,98,4.36,Clouds,overcast clouds
2026-07-31 12:54:41,Lucknow,Uttar Pradesh,26.8467,80.9462,128,128,91,10.8,3,3.4,28.4,33.44,56,8.08,Rain,light rain
2026-07-31 12:54:41,Patna,Bihar,25.5941,85.1376,21,107,,1,0.5,0.6,20.9,34.67,48,6.76,Clouds,overcast clouds
2026-07-31 12:54:41,Ahmedabad,Gujarat,23.0225,72.5714,108,108,68,0.2,7.3,48.2,11.2,33.37,61,5.76,Rain,moderate rain
2026-07-31 12:54:41,Jaipur,Rajasthan,26.9124,75.7873,129,129,78,18.8,9.6,10.1,11.3,32.7,51,6.3,Clouds,overcast clouds
2026-07-31 12:54:41,Chandigarh,Chandigarh,30.7333,76.7794,58,13,9,2.8,6.4,3.1,57.8,33.78,53,5.74,Rain,light rain
2026-07-31 12:54:41,Bhopal,Madhya Pradesh,23.2599,77.4126,50,50,37,5,5.3,6.1,22,27.2,82,6.36,Rain,light rain
2026-07-31 12:54:41,Kanpur,Uttar Pradesh,26.4499,80.3319,150,150,86,6.3,9.9,0.4,5.4,33.03,57,7.46,Rain,light rain
2026-07-31 12:54:41,Guwahati,Assam,26.1445,91.7362,32,25,10,2.8,4.2,2.6,31.7,29.43,73,2.15,Rain,light rain
2026-07-31 12:54:41,Itanagar,Arunachal Pradesh,27.0844,93.6053,38,13,8,1.9,3.7,3.1,38.2,25.29,98,0.46,Rain,light rain
2026-07-31 12:54:41,Dispur,Assam,26.1433,91.7898,32,25,10,2.8,4.2,2.6,31.7,30.18,76,2.03,Rain,light rain
2026-07-31 12:54:41,Raipur,Chhattisgarh,21.2514,81.6296,113,113,90,3,3.4,0.5,16.8,30.28,66,6.49,Clouds,broken clouds
2026-07-31 12:54:41,Gandhinagar,Gujarat,23.2156,72.6369,76,60,76,3.2,3.4,0.5,0.9,33.72,60,5.96,Rain,light rain
2026-07-31 12:54:41,Shimla,Himachal Pradesh,31.1048,77.1734,58,13,9,2.8,6.4,3.1,57.8,20.09,79,1.79,Rain,moderate rain
2026-07-31 12:54:41,Thiruvananthapuram,Kerala,8.5241,76.9366,56,56,,,,,,31.62,61,7.45,Rain,light rain
2026-07-31 12:54:41,Imphal,Manipur,24.817,93.9368,55,55,13,4.6,1.9,5.1,24,26.61,76,2.01,Rain,light rain
2026-07-31 12:54:41,Shillong,Meghalaya,25.5788,91.8933,32,25,10,2.8,4.2,2.6,31.7,21.1,93,0.99,Rain,light rain
2026-07-31 12:54:41,Aizawl,Mizoram,23.7271,92.7176,17,13,17,0.6,0.5,5.8,2.3,27.93,58,1.38,Rain,light rain
2026-07-31 12:54:41,Kohima,Nagaland,25.6751,94.1086,55,55,13,4.6,1.9,5.1,24,21.85,97,1.73,Rain,moderate rain
2026-07-31 12:54:41,Gangtok,Sikkim,27.3389,88.6065,69,69,48,0.7,2.5,0.4,4.3,24.73,87,2.09,Rain,moderate rain
2026-07-31 12:54:41,Agartala,Tripura,23.8315,91.2868,114,114,68,3.5,6.3,2.9,5.8,31.77,65,2.61,Clouds,overcast clouds
2026-07-31 12:54:41,Dehradun,Uttarakhand,30.3165,78.0322,58,13,9,2.8,6.4,3.1,57.8,26.3,86,0.49,Rain,light rain
2026-07-31 12:54:41,Port Blair,Andaman and Nicobar Islands,11.6234,92.7265,20,20,,,2.4,1.1,,28.3,79,6.42,Rain,light rain
2026-07-31 12:54:41,Daman,Dadra and Nagar Haveli and Daman and Diu,20.3974,72.8328,89,89,64,,5.6,6.7,2.9,25.48,97,7.72,Rain,moderate rain
2026-07-31 12:54:41,Srinagar,Jammu and Kashmir,34.0837,74.7973,107,107,91,3.7,1.4,4.1,57.1,26.7,61,0.45,Rain,light rain
2026-07-31 12:54:41,Leh,Ladakh,34.1526,77.5771,58,13,9,2.8,6.4,3.1,57.8,20.26,39,1.94,Clouds,overcast clouds
2026-07-31 12:54:41,Puducherry,Puducherry,11.9416,79.8083,44,44,30,3.4,4.6,3.9,17.7,36.85,49,5.48,Clouds,overcast clouds
2026-07-31 15:38:09,Delhi,Delhi,28.6139,77.209,95,95,,,,,,35.7,45,6.02,Clouds,broken clouds
2026-07-31 15:38:09,Mumbai,Maharashtra,19.076,72.8777,158,158,,,,,,27.19,87,10.97,Rain,moderate rain
2026-07-31 15:38:09,Bangalore,Karnataka,12.9716,77.5946,53,53,27,2.9,11.2,4.1,5,27.61,67,1.79,Clouds,overcast clouds
2026-07-31 15:38:09,Kolkata,West Bengal,22.5726,88.3639,172,172,,,,,,32.27,61,5.82,Clouds,overcast clouds
2026-07-31 15:38:09,Chennai,Tamil Nadu,13.0827,80.2707,46,46,,,,,,32.8,66,1.79,Clouds,overcast clouds
2026-07-31 15:38:09,Hyderabad,Telangana,17.385,78.4867,93,93,,,,,,27.95,68,9.31,Clouds,overcast clouds
2026-07-31 15:38:09,Pune,Maharashtra,18.5204,73.8567,232,232,138,51,198,,61,24.07,57,6.52,Clouds,overcast clouds
2026-07-31 15:38:09,Lucknow,Uttar Pradesh,26.8467,80.9462,128,128,91,10.8,3,3.4,28.4,32.78,58,6.19,Rain,light rain
2026-07-31 15:38:09,Patna,Bihar,25.5941,85.1376,21,107,,1,0.5,0.6,20.9,34.36,49,5.89,Clouds,overcast clouds
2026-07-31 15:38:09,Ahmedabad,Gujarat,23.0225,72.5714,108,108,68,0.2,7.3,48.2,11.2,34.48,57,6.68,Rain,light rain
2026-07-31 15:38:09,Jaipur,Rajasthan,26.9124,75.7873,129,129,78,18.8,9.6,10.1,11.3,32.97,49,6.85,Clouds,overcast clouds
2026-07-31 15:38:09,Chandigarh,Chandigarh,30.7333,76.7794,62,13,6,1.9,2.8,3.1,62.3,34.52,49,5.87,Clouds,few clouds
2026-07-31 15:38:09,Bhopal,Madhya Pradesh,23.2599,77.4126,50,50,37,5,5.3,6.1,22,28.54,73,6.88,Clouds,broken clouds
2026-07-31 15:38:09,Kanpur,Uttar Pradesh,26.4499,80.3319,150,150,86,6.3,9.9,0.4,5.4,33.48,55,6.98,Clouds,overcast clouds
2026-07-31 15:38:09,Guwahati,Assam,26.1445,91.7362,30,13,6,2.8,3.2,2.6,29.7,28.6,81,0.79,Clouds,overcast clouds
2026-07-31 15:38:09,Itanagar,Arunachal Pradesh,27.0844,93.6053,32,13,7,1.9,3.7,3.1,31.7,28.22,83,1.11,Rain,light rain
2026-07-31 15:38:09,Dispur,Assam,26.1433,91.7898,30,13,6,2.8,3.2,2.6,29.7,29.57,81,0.89,Rain,light rain
2026-07-31 15:38:09,Raipur,Chhattisgarh,21.2514,81.6296,113,113,90,3,3.4,0.5,16.8,31.01,63,6.25,Clouds,broken clouds
2026-07-31 15:38:09,Gandhinagar,Gujarat,23.2156,72.6369,76,60,76,3.2,3.4,0.5,0.9,32.45,68,5.78,Rain,moderate rain
2026-07-31 15:38:09,Shimla,Himachal Pradesh,31.1048,77.1734,62,13,6,1.9,2.8,3.1,62.3,20.33,81,0.71,Clouds,overcast clouds
2026-07-31 15:38:09,Thiruvananthapuram,Kerala,8.5241,76.9366,53,53,,,,,,28.47,70,7.26,Rain,moderate rain
2026-07-31 15:38:09,Imphal,Manipur,24.817,93.9368,34,34,13,4.6,1,4.6,17.9,26.35,83,0.97,Rain,light rain
2026-07-31 15:38:09,Shillong,Meghalaya,25.5788,91.8933,30,13,6,2.8,3.2,2.6,29.7,21.78,92,1.37,Rain,light rain
2026-07-31 15:38:09,Aizawl,Mizoram,23.7271,92.7176,17,13,17,0.6,0.5,5.8,2.3,23.4,95,0.5,Clouds,overcast clouds
2026-07-31 15:38:09,Kohima,Nagaland,25.6751,94.1086,34,34,13,4.6,1,4.6,17.9,21.47,96,1.2,Rain,moderate rain
2026-07-31 15:38:09,Gangtok,Sikkim,27.3389,88.6065,69,69,48,0.7,2.5,0.4,4.3,23.82,91,1.41,Rain,light rain
2026-07-31 15:38:09,Agartala,Tripura,23.8315,91.2868,114,114,68,3.5,6.3,2.9,5.8,30.3,77,3.51,Rain,light rain
2026-07-31 15:38:09,Dehradun,Uttarakhand,30.3165,78.0322,62,13,6,1.9,2.8,3.1,62.3,27.33,80,0.83,Clouds,overcast clouds
2026-07-31 15:38:09,Port Blair,Andaman and Nicobar Islands,11.6234,92.7265,20,20,,,2.9,0.6,,27.34,83,5.51,Clouds,overcast clouds
2026-07-31 15:38:09,Daman,Dadra and Nagar Haveli and Daman and Diu,20.3974,72.8328,89,89,64,,5.6,6.7,2.9,25.58,95,10.53,Rain,light rain
2026-07-31 15:38:09,Srinagar,Jammu and Kashmir,34.0837,74.7973,124,124,85,2.8,1,4.6,57.1,27.81,60,0.45,Rain,light rain
2026-07-31 15:38:09,Leh,Ladakh,34.1526,77.5771,62,13,6,1.9,2.8,3.1,62.3,22.17,35,1.76,Clouds,broken clouds
2026-07-31 15:38:09,Puducherry,Puducherry,11.9416,79.8083,44,44,30,3.4,4.6,3.9,17.7,38.51,55,7.68,Clouds,overcast clouds
2026-07-31 17:59:55,Delhi,Delhi,28.6139,77.209,95,95,,,,,,34.96,46,5.2,Clouds,broken clouds
2026-07-31 17:59:55,Mumbai,Maharashtra,19.076,72.8777,158,158,,,,,,27.28,82,8.97,Rain,moderate rain
2026-07-31 17:59:55,Bangalore,Karnataka,12.9716,77.5946,53,53,27,2.9,11.2,4.1,5,26.35,71,0.89,Clouds,overcast clouds
2026-07-31 17:59:55,Kolkata,West Bengal,22.5726,88.3639,172,172,,,,,,29.28,73,5.04,Clouds,overcast clouds
2026-07-31 17:59:55,Chennai,Tamil Nadu,13.0827,80.2707,46,46,,,,,,32.24,70,4.47,Clouds,overcast clouds
2026-07-31 17:59:55,Hyderabad,Telangana,17.385,78.4867,93,93,,,,,,26.21,75,7.67,Clouds,overcast clouds
2026-07-31 17:59:55,Pune,Maharashtra,18.5204,73.8567,232,232,138,51,198,,61,24.67,48,5.94,Clouds,overcast clouds
2026-07-31 17:59:55,Lucknow,Uttar Pradesh,26.8467,80.9462,128,128,91,10.8,3,3.4,28.4,32.25,59,5.14,Clouds,overcast clouds
2026-07-31 17:59:55,Patna,Bihar,25.5941,85.1376,21,107,,1,0.5,0.6,20.9,32.98,54,4.91,Clouds,overcast clouds
2026-07-31 17:59:55,Ahmedabad,Gujarat,23.0225,72.5714,108,108,68,0.2,7.3,48.2,11.2,31.36,71,7.57,Rain,moderate rain
2026-07-31 17:59:55,Jaipur,Rajasthan,26.9124,75.7873,129,129,78,18.8,9.6,10.1,11.3,31.93,55,6.91,Clouds,overcast clouds
2026-07-31 17:59:55,Chandigarh,Chandigarh,30.7333,76.7794,64,13,6,1.9,1,3.1,64.3,31.37,63,2.75,Clear,clear sky
2026-07-31 17:59:55,Bhopal,Madhya Pradesh,23.2599,77.4126,50,50,37,5,5.3,6.1,22,26.57,83,4.32,Clear,clear sky
2026-07-31 17:59:55,Kanpur,Uttar Pradesh,26.4499,80.3319,150,150,86,6.3,9.9,0.4,5.4,32.49,58,5.41,Clouds,overcast clouds
2026-07-31 17:59:55,Guwahati,Assam,26.1445,91.7362,29,13,8,2.8,3.2,2.6,29.3,25.96,91,0.55,Clouds,overcast clouds
2026-07-31 17:59:55,Itanagar,Arunachal Pradesh,27.0844,93.6053,33,13,7,1.9,4.2,2.6,33.3,24.99,97,0.89,Rain,light rain
2026-07-31 17:59:55,Dispur,Assam,26.1433,91.7898,29,13,8,2.8,3.2,2.6,29.3,26.9,92,0.44,Clouds,overcast clouds
2026-07-31 17:59:55,Raipur,Chhattisgarh,21.2514,81.6296,113,113,90,3,3.4,0.5,16.8,29.24,71,4.02,Clouds,overcast clouds
2026-07-31 17:59:55,Gandhinagar,Gujarat,23.2156,72.6369,76,60,76,3.2,3.4,0.5,0.9,31.57,72,5.36,Rain,moderate rain
2026-07-31 17:59:55,Shimla,Himachal Pradesh,31.1048,77.1734,64,13,6,1.9,1,3.1,64.3,19.32,85,1.34,Clouds,overcast clouds
2026-07-31 17:59:55,Thiruvananthapuram,Kerala,8.5241,76.9366,61,61,,,,,,27.39,73,6.79,Rain,light rain
2026-07-31 17:59:55,Imphal,Manipur,24.817,93.9368,30,30,13,4.6,2.3,4.6,17.9,23.11,95,0.62,Clouds,overcast clouds
2026-07-31 17:59:55,Shillong,Meghalaya,25.5788,91.8933,29,13,8,2.8,3.2,2.6,29.3,19.44,98,1.83,Rain,light rain
2026-07-31 17:59:55,Aizawl,Mizoram,23.7271,92.7176,17,13,17,0.6,0.5,5.8,2.3,23.71,98,0.54,Rain,light rain
2026-07-31 17:59:55,Kohima,Nagaland,25.6751,94.1086,30,30,13,4.6,2.3,4.6,17.9,19.57,98,0.57,Rain,light rain
2026-07-31 17:59:55,Gangtok,Sikkim,27.3389,88.6065,69,69,48,0.7,2.5,0.4,4.3,21.66,96,0.17,Rain,light rain
2026-07-31 17:59:55,Agartala,Tripura,23.8315,91.2868,114,114,68,3.5,6.3,2.9,5.8,26.93,91,2.71,Clouds,overcast clouds
2026-07-31 17:59:55,Dehradun,Uttarakhand,30.3165,78.0322,64,13,6,1.9,1,3.1,64.3,26.78,87,0.89,Rain,light rain
2026-07-31 17:59:55,Port Blair,Andaman and Nicobar Islands,11.6234,92.7265,23,23,,,2.4,1.1,,27.5,83,5.69,Rain,light rain
2026-07-31 17:59:55,Daman,Dadra and Nagar Haveli and Daman and Diu,20.3974,72.8328,89,89,64,,5.6,6.7,2.9,25.19,95,9.01,Rain,heavy intensity rain
2026-07-31 17:59:55,Srinagar,Jammu and Kashmir,34.0837,74.7973,129,129,85,2.8,1.4,4.1,58.4,25.59,67,0.26,Rain,light rain
2026-07-31 17:59:55,Leh,Ladakh,34.1526,77.5771,64,13,6,1.9,1,3.1,64.3,22.7,28,3.26,Clouds,overcast clouds
2026-07-31 17:59:55,Puducherry,Puducherry,11.9416,79.8083,44,44,30,3.4,4.6,3.9,17.7,32.4,74,4.86,Clouds,broken clouds
2026-07-31 20:35:42,Delhi,Delhi,28.6139,77.209,95,95,,,,,,33.14,54,4.77,Clouds,overcast clouds
2026-07-31 20:35:42,Mumbai,Maharashtra,19.076,72.8777,158,158,,,,,,27.65,79,8.61,Rain,moderate rain
2026-07-31 20:35:42,Bangalore,Karnataka,12.9716,77.5946,53,53,27,2.9,11.2,4.1,5,23.1,84,7.51,Clouds,broken clouds
2026-07-31 20:35:42,Kolkata,West Bengal,22.5726,88.3639,172,172,,,,,,28.28,80,5.12,Clouds,overcast clouds
2026-07-31 20:35:42,Chennai,Tamil Nadu,13.0827,80.2707,46,46,,,,,,30.49,75,4.47,Rain,light rain
2026-07-31 20:35:42,Hyderabad,Telangana,17.385,78.4867,93,93,,,,,,24.81,80,6.81,Clouds,overcast clouds
2026-07-31 20:35:42,Pune,Maharashtra,18.5204,73.8567,232,232,138,51,198,,61,24.63,46,3.96,Rain,light rain
2026-07-31 20:35:42,Lucknow,Uttar Pradesh,26.8467,80.9462,128,128,91,10.8,3,3.4,28.4,31.76,59,5.22,Clouds,overcast clouds
2026-07-31 20:35:42,Patna,Bihar,25.5941,85.1376,21,107,,1,0.5,0.6,20.9,32.45,57,4.78,Clouds,overcast clouds
2026-07-31 20:35:42,Ahmedabad,Gujarat,23.0225,72.5714,108,108,68,0.2,7.3,48.2,11.2,28.56,82,7.44,Rain,heavy intensity rain
2026-07-31 20:35:42,Jaipur,Rajasthan,26.9124,75.7873,129,129,78,18.8,9.6,10.1,11.3,30.89,59,6.32,Clouds,overcast clouds
2026-07-31 20:35:42,Chandigarh,Chandigarh,30.7333,76.7794,58,13,6,1.9,1,3.1,57.8,28.92,73,2.88,Rain,light rain
2026-07-31 20:35:42,Bhopal,Madhya Pradesh,23.2599,77.4126,50,50,37,5,5.3,6.1,22,24.67,92,4.19,Clouds,scattered clouds
2026-07-31 20:35:42,Kanpur,Uttar Pradesh,26.4499,80.3319,150,150,86,6.3,9.9,0.4,5.4,31.44,63,4.61,Clouds,overcast clouds
2026-07-31 20:35:42,Guwahati,Assam,26.1445,91.7362,30,30,14,2.8,3.7,2.6,26.4,25.52,92,1.07,Rain,light rain
2026-07-31 20:35:42,Itanagar,Arunachal Pradesh,27.0844,93.6053,46,46,15,1.9,5.1,2.6,26.4,24.42,97,1.32,Rain,light rain
2026-07-31 20:35:42,Dispur,Assam,26.1433,91.7898,30,30,14,2.8,3.7,2.6,26.4,26.51,93,1.04,Rain,light rain
2026-07-31 20:35:42,Raipur,Chhattisgarh,21.2514,81.6296,113,113,90,3,3.4,0.5,16.8,28.03,77,3.11,Clouds,overcast clouds
2026-07-31 20:35:42,Gandhinagar,Gujarat,23.2156,72.6369,76,60,76,3.2,3.4,0.5,0.9,27.79,89,6.93,Rain,moderate rain
2026-07-31 20:35:42,Shimla,Himachal Pradesh,31.1048,77.1734,58,13,6,1.9,1,3.1,57.8,17.39,84,0.96,Clouds,overcast clouds
2026-07-31 20:35:42,Thiruvananthapuram,Kerala,8.5241,76.9366,66,66,,,,,,25.93,80,5.5,Rain,light rain
2026-07-31 20:35:42,Imphal,Manipur,24.817,93.9368,57,57,13,6.4,5.1,4.6,9.8,22.51,96,0.36,Rain,moderate rain
2026-07-31 20:35:42,Shillong,Meghalaya,25.5788,91.8933,30,30,14,2.8,3.7,2.6,26.4,19.26,97,1.95,Rain,light rain
2026-07-31 20:35:42,Aizawl,Mizoram,23.7271,92.7176,17,13,17,0.6,0.5,5.8,2.3,19.98,99,0.95,Clouds,overcast clouds
2026-07-31 20:35:42,Kohima,Nagaland,25.6751,94.1086,57,57,13,6.4,5.1,4.6,9.8,18.86,98,0.82,Rain,light rain
2026-07-31 20:35:42,Gangtok,Sikkim,27.3389,88.6065,69,69,48,0.7,2.5,0.4,4.3,21.56,96,0.65,Rain,light rain
2026-07-31 20:35:42,Agartala,Tripura,23.8315,91.2868,114,114,68,3.5,6.3,2.9,5.8,25.9,93,2.94,Clouds,overcast clouds
2026-07-31 20:35:42,Dehradun,Uttarakhand,30.3165,78.0322,58,13,6,1.9,1,3.1,57.8,24.03,95,1.81,Rain,moderate rain
2026-07-31 20:35:42,Port Blair,Andaman and Nicobar Islands,11.6234,92.7265,23,23,,,2.4,1.1,,27.7,83,5.69,Rain,light rain
2026-07-31 20:35:42,Daman,Dadra and Nagar Haveli and Daman and Diu,20.3974,72.8328,89,89,64,,5.6,6.7,2.9,25.17,93,9.29,Clouds,overcast clouds
2026-07-31 20:35:42,Srinagar,Jammu and Kashmir,34.0837,74.7973,137,137,99,3.7,4.2,3.1,50.6,23.36,77,0.89,Rain,moderate rain
2026-07-31 20:35:42,Leh,Ladakh,34.1526,77.5771,58,13,6,1.9,1,3.1,57.8,21.76,31,2.88,Clouds,overcast clouds
2026-07-31 20:35:42,Puducherry,Puducherry,11.9416,79.8083,44,44,30,3.4,4.6,3.9,17.7,27.4,83,2.97,Rain,moderate rain
2026-07-31 22:37:15,Delhi,Delhi,28.6139,77.209,95,95,,,,,,32.58,56,4.79,Clouds,overcast clouds
2026-07-31 22:37:15,Mumbai,Maharashtra,19.076,72.8777,158,158,,,,,,27.85,78,8.45,Rain,moderate rain
2026-07-31 22:37:15,Bangalore,Karnataka,12.9716,77.5946,53,53,27,2.9,11.2,4.1,5,21.97,86,0.45,Clouds,broken clouds
2026-07-31 22:37:15,Kolkata,West Bengal,22.5726,88.3639,172,172,,,,,,27.83,85,4.35,Clouds,overcast clouds
2026-07-31 22:37:15,Chennai,Tamil Nadu,13.0827,80.2707,46,46,,,,,,30.93,75,4.02,Rain,light rain
2026-07-31 22:37:15,Hyderabad,Telangana,17.385,78.4867,93,93,,,,,,24.52,80,6.88,Clouds,overcast clouds
2026-07-31 22:37:15,Pune,Maharashtra,18.5204,73.8567,232,232,138,51,198,,61,24.07,47,3.54,Clouds,overcast clouds
2026-07-31 22:37:15,Lucknow,Uttar Pradesh,26.8467,80.9462,128,128,91,10.8,3,3.4,28.4,31.04,62,4.81,Clouds,overcast clouds
2026-07-31 22:37:15,Patna,Bihar,25.5941,85.1376,21,107,,1,0.5,0.6,20.9,31.51,61,4.92,Clouds,overcast clouds
2026-07-31 22:37:15,Ahmedabad,Gujarat,23.0225,72.5714,108,108,68,0.2,7.3,48.2,11.2,27.33,92,5.36,Rain,light rain
2026-07-31 22:37:15,Jaipur,Rajasthan,26.9124,75.7873,129,129,78,18.8,9.6,10.1,11.3,29.64,66,6.37,Clouds,overcast clouds
2026-07-31 22:37:15,Chandigarh,Chandigarh,30.7333,76.7794,49,13,9,2.8,3.7,3.1,49.2,27.93,77,3.41,Clouds,scattered clouds
2026-07-31 22:37:15,Bhopal,Madhya Pradesh,23.2599,77.4126,50,50,37,5,5.3,6.1,22,24.54,92,2.95,Clouds,broken clouds
2026-07-31 22:37:15,Kanpur,Uttar Pradesh,26.4499,80.3319,150,150,86,6.3,9.9,0.4,5.4,30.5,66,5.33,Clouds,overcast clouds
2026-07-31 22:37:15,Guwahati,Assam,26.1445,91.7362,30,30,13,2.8,6.9,2.6,21.6,24.99,94,1.21,Rain,light rain
2026-07-31 22:37:15,Itanagar,Arunachal Pradesh,27.0844,93.6053,24,13,10,1.9,6,3.1,24,24.13,97,1.33,Rain,light rain
2026-07-31 22:37:15,Dispur,Assam,26.1433,91.7898,30,30,13,2.8,6.9,2.6,21.6,25.95,94,1.25,Rain,light rain
2026-07-31 22:37:15,Raipur,Chhattisgarh,21.2514,81.6296,113,113,90,3,3.4,0.5,16.8,27.16,81,4.44,Clouds,overcast clouds
2026-07-31 22:37:15,Gandhinagar,Gujarat,23.2156,72.6369,76,60,76,3.2,3.4,0.5,0.9,28.08,87,4.18,Rain,light rain
2026-07-31 22:37:15,Shimla,Himachal Pradesh,31.1048,77.1734,49,13,9,2.8,3.7,3.1,49.2,18.19,85,1.76,Clouds,overcast clouds
2026-07-31 22:37:15,Thiruvananthapuram,Kerala,8.5241,76.9366,66,66,,,,,,25.45,83,6.55,Rain,light rain
2026-07-31 22:37:15,Imphal,Manipur,24.817,93.9368,46,46,11,5.5,3.2,4.6,6.1,21.97,98,0.6,Rain,heavy intensity rain
2026-07-31 22:37:15,Shillong,Meghalaya,25.5788,91.8933,30,30,13,2.8,6.9,2.6,21.6,19.16,97,2.04,Rain,light rain
2026-07-31 22:37:15,Aizawl,Mizoram,23.7271,92.7176,17,13,17,0.6,0.5,5.8,2.3,19.51,99,0.97,Clouds,overcast clouds
2026-07-31 22:37:15,Kohima,Nagaland,25.6751,94.1086,46,46,11,5.5,3.2,4.6,6.1,18.84,97,0.95,Rain,light rain
2026-07-31 22:37:15,Gangtok,Sikkim,27.3389,88.6065,69,69,48,0.7,2.5,0.4,4.3,21.15,98,0.34,Rain,moderate rain
2026-07-31 22:37:15,Agartala,Tripura,23.8315,91.2868,114,114,68,3.5,6.3,2.9,5.8,25.53,96,2.69,Clouds,overcast clouds
2026-07-31 22:37:15,Dehradun,Uttarakhand,30.3165,78.0322,49,13,9,2.8,3.7,3.1,49.2,24.54,88,1.93,Clouds,overcast clouds
2026-07-31 22:37:15,Port Blair,Andaman and Nicobar Islands,11.6234,92.7265,23,23,,,2.4,1.1,,27.82,83,5.5,Clouds,overcast clouds
2026-07-31 22:37:15,Daman,Dadra and Nagar Haveli and Daman and Diu,20.3974,72.8328,89,89,64,,5.6,6.7,2.9,25.72,91,9.93,Rain,light rain
2026-07-31 22:37:15,Srinagar,Jammu and Kashmir,34.0837,74.7973,161,161,123,6.4,17,4.6,25.6,22.25,84,1.27,Rain,moderate rain
2026-07-31 22:37:15,Leh,Ladakh,34.1526,77.5771,49,13,9,2.8,3.7,3.1,49.2,20.26,41,3.11,Clouds,overcast clouds
2026-07-31 22:37:15,Puducherry,Puducherry,11.9416,79.8083,44,44,30,3.4,4.6,3.9,17.7,28.51,83,3.91,Rain,moderate rain
2026-08-01 00:25:05,Delhi,Delhi,28.6139,77.209,95,95,,,,,,31.2,63,5.76,Clouds,overcast clouds
2026-08-01 00:25:05,Mumbai,Maharashtra,19.076,72.8777,158,158,,,,,,27.49,78,8.28,Rain,light rain
2026-08-01 00:25:05,Bangalore,Karnataka,12.9716,77.5946,53,53,27,2.9,11.2,4.1,5,21.94,87,0.45,Clouds,overcast clouds
2026-08-01 00:25:05,Kolkata,West Bengal,22.5726,88.3639,172,172,,,,,,27.53,87,3.55,Clouds,overcast clouds
2026-08-01 00:25:05,Chennai,Tamil Nadu,13.0827,80.2707,46,46,,,,,,30.76,73,0.89,Rain,light rain
2026-08-01 00:25:05,Hyderabad,Telangana,17.385,78.4867,93,93,,,,,,24.16,82,6.66,Clouds,overcast clouds
2026-08-01 00:25:05,Pune,Maharashtra,18.5204,73.8567,232,232,138,51,198,,61,24.07,45,5.35,Clouds,overcast clouds
2026-08-01 00:25:05,Lucknow,Uttar Pradesh,26.8467,80.9462,128,128,91,10.8,3,3.4,28.4,29.65,71,4.6,Clouds,overcast clouds
2026-08-01 00:25:05,Patna,Bihar,25.5941,85.1376,21,107,,1,0.5,0.6,20.9,30.3,66,4.12,Rain,light rain
2026-08-01 00:25:05,Ahmedabad,Gujarat,23.0225,72.5714,108,108,68,0.2,7.3,48.2,11.2,27.48,88,5.06,Rain,light rain
2026-08-01 00:25:05,Jaipur,Rajasthan,26.9124,75.7873,129,129,78,18.8,9.6,10.1,11.3,28.91,70,5.34,Rain,light rain
2026-08-01 00:25:05,Chandigarh,Chandigarh,30.7333,76.7794,45,13,11,2.8,3.7,3.1,44.7,27.92,69,2.12,Clouds,overcast clouds
2026-08-01 00:25:05,Bhopal,Madhya Pradesh,23.2599,77.4126,50,50,37,5,5.3,6.1,22,24.11,96,5.21,Rain,light rain
2026-08-01 00:25:05,Kanpur,Uttar Pradesh,26.4499,80.3319,150,150,86,6.3,9.9,0.4,5.4,29.34,72,5.43,Clouds,overcast clouds
2026-08-01 00:25:05,Guwahati,Assam,26.1445,91.7362,30,30,12,2.8,2.8,2.6,26,24.74,95,1.23,Rain,light rain
2026-08-01 00:25:05,Itanagar,Arunachal Pradesh,27.0844,93.6053,26,13,8,1.9,3.7,3.6,26.4,23.82,98,1.23,Rain,light rain
2026-08-01 00:25:05,Dispur,Assam,26.1433,91.7898,30,30,12,2.8,2.8,2.6,26,25.72,95,1.25,Rain,light rain
2026-08-01 00:25:05,Raipur,Chhattisgarh,21.2514,81.6296,113,113,90,3,3.4,0.5,16.8,26.18,83,4.24,Clouds,overcast clouds
2026-08-01 00:25:05,Gandhinagar,Gujarat,23.2156,72.6369,76,60,76,3.2,3.4,0.5,0.9,27.19,90,4.03,Clouds,overcast clouds
2026-08-01 00:25:05,Shimla,Himachal Pradesh,31.1048,77.1734,45,13,11,2.8,3.7,3.1,44.7,17.18,88,1.48,Clouds,overcast clouds
2026-08-01 00:25:05,Thiruvananthapuram,Kerala,8.5241,76.9366,66,66,,,,,,24.76,89,6.16,Rain,moderate rain
2026-08-01 00:25:05,Imphal,Manipur,24.817,93.9368,13,13,7,5.5,2.8,4.6,5.3,21.57,98,0.94,Rain,light rain
2026-08-01 00:25:05,Shillong,Meghalaya,25.5788,91.8933,30,30,12,2.8,2.8,2.6,26,18.97,98,2.8,Clouds,overcast clouds
2026-08-01 00:25:05,Aizawl,Mizoram,23.7271,92.7176,17,13,17,0.6,0.5,5.8,2.3,19.41,99,0.97,Clouds,overcast clouds
2026-08-01 00:25:05,Kohima,Nagaland,25.6751,94.1086,13,13,7,5.5,2.8,4.6,5.3,18.78,98,1,Rain,light rain
2026-08-01 00:25:05,Gangtok,Sikkim,27.3389,88.6065,69,69,48,0.7,2.5,0.4,4.3,20.74,98,0.36,Clouds,overcast clouds
2026-08-01 00:25:05,Agartala,Tripura,23.8315,91.2868,114,114,68,3.5,6.3,2.9,5.8,25.23,97,2.34,Clouds,overcast clouds
2026-08-01 00:25:05,Dehradun,Uttarakhand,30.3165,78.0322,45,13,11,2.8,3.7,3.1,44.7,24.07,88,1.85,Clouds,overcast clouds
2026-08-01 00:25:05,Port Blair,Andaman and Nicobar Islands,11.6234,92.7265,23,23,,,2.4,1.1,,27.59,83,5.97,Clouds,overcast clouds
2026-08-01 00:25:05,Daman,Dadra and Nagar Haveli and Daman and Diu,20.3974,72.8328,89,89,64,,5.6,6.7,2.9,25.9,88,9.49,Rain,light rain
2026-08-01 00:25:05,Srinagar,Jammu and Kashmir,34.0837,74.7973,158,158,114,6.4,12.8,5.6,25.6,21.7,82,0.33,Rain,light rain
2026-08-01 00:25:05,Leh,Ladakh,34.1526,77.5771,45,13,11,2.8,3.7,3.1,44.7,17.3,61,3.6,Rain,light rain
2026-08-01 00:25:05,Puducherry,Puducherry,11.9416,79.8083,44,44,30,3.4,4.6,3.9,17.7,28.51,80,3.59,Rain,light rain
2026-08-01 01:54:50,Delhi,Delhi,28.6139,77.209,95,95,,,,,,30.82,64,5.23,Clouds,overcast clouds
2026-08-01 01:54:50,Mumbai,Maharashtra,19.076,72.8777,158,158,,,,,,27.58,78,8,Rain,light rain
2026-08-01 01:54:50,Bangalore,Karnataka,12.9716,77.5946,53,53,27,2.9,11.2,4.1,5,21.93,88,0.45,Clouds,overcast clouds
2026-08-01 01:54:50,Kolkata,West Bengal,22.5726,88.3639,172,172,,,,,,27.47,88,3.36,Rain,light rain
2026-08-01 01:54:50,Chennai,Tamil Nadu,13.0827,80.2707,46,46,,,,,,30.39,71,3.13,Clouds,overcast clouds
2026-08-01 01:54:50,Hyderabad,Telangana,17.385,78.4867,93,93,,,,,,23.92,83,6.5,Clouds,broken clouds
2026-08-01 01:54:50,Pune,Maharashtra,18.5204,73.8567,232,232,138,51,198,,61,24.63,44,4.81,Clouds,overcast clouds
2026-08-01 01:54:50,Lucknow,Uttar Pradesh,26.8467,80.9462,128,128,91,10.8,3,3.4,28.4,29.57,70,4.46,Clouds,overcast clouds
2026-08-01 01:54:50,Patna,Bihar,25.5941,85.1376,21,107,,1,0.5,0.6,20.9,29.59,70,3.73,Rain,light rain
2026-08-01 01:54:50,Ahmedabad,Gujarat,23.0225,72.5714,108,108,68,0.2,7.3,48.2,11.2,26.96,90,5.03,Rain,moderate rain
2026-08-01 01:54:50,Jaipur,Rajasthan,26.9124,75.7873,129,129,78,18.8,9.6,10.1,11.3,28.79,70,5.08,Rain,light rain
2026-08-01 01:54:50,Chandigarh,Chandigarh,30.7333,76.7794,50,30,12,1.9,2.8,3.1,49.6,27.83,68,2.2,Clouds,overcast clouds
2026-08-01 01:54:50,Bhopal,Madhya Pradesh,23.2599,77.4126,50,50,37,5,5.3,6.1,22,23.96,96,5.43,Rain,light rain
2026-08-01 01:54:50,Kanpur,Uttar Pradesh,26.4499,80.3319,150,150,86,6.3,9.9,0.4,5.4,29.03,74,4.8,Clouds,overcast clouds
2026-08-01 01:54:50,Guwahati,Assam,26.1445,91.7362,34,34,9,2.8,4.2,2.6,24.4,24.29,96,1.14,Rain,light rain
2026-08-01 01:54:50,Itanagar,Arunachal Pradesh,27.0844,93.6053,26,25,13,1.9,3.2,2.1,26.4,23.63,99,1.07,Rain,moderate rain
2026-08-01 01:54:50,Dispur,Assam,26.1433,91.7898,34,34,9,2.8,4.2,2.6,24.4,25.29,96,1.14,Rain,light rain
2026-08-01 01:54:50,Raipur,Chhattisgarh,21.2514,81.6296,113,113,90,3,3.4,0.5,16.8,25.81,85,3.67,Clouds,overcast clouds
2026-08-01 01:54:50,Gandhinagar,Gujarat,23.2156,72.6369,76,60,76,3.2,3.4,0.5,0.9,27.34,87,5.29,Rain,light rain
2026-08-01 01:54:50,Shimla,Himachal Pradesh,31.1048,77.1734,50,30,12,1.9,2.8,3.1,49.6,16.96,89,1.41,Clouds,overcast clouds
2026-08-01 01:54:50,Thiruvananthapuram,Kerala,8.5241,76.9366,59,59,,,,,,24.39,91,5.92,Rain,light rain
2026-08-01 01:54:50,Imphal,Manipur,24.817,93.9368,25,25,7,5.5,2.8,4.6,4.9,21.48,99,0.59,Rain,light rain
2026-08-01 01:54:50,Shillong,Meghalaya,25.5788,91.8933,34,34,9,2.8,4.2,2.6,24.4,18.67,98,2.53,Clouds,overcast clouds
2026-08-01 01:54:50,Aizawl,Mizoram,23.7271,92.7176,17,13,17,0.6,0.5,5.8,2.3,19.61,99,1.1,Rain,light rain
2026-08-01 01:54:50,Kohima,Nagaland,25.6751,94.1086,25,25,7,5.5,2.8,4.6,4.9,18.74,97,1.05,Rain,light rain
2026-08-01 01:54:50,Gangtok,Sikkim,27.3389,88.6065,69,69,48,0.7,2.5,0.4,4.3,20.55,97,0.17,Rain,light rain
2026-08-01 01:54:50,Agartala,Tripura,23.8315,91.2868,114,114,68,3.5,6.3,2.9,5.8,25.03,98,2.18,Clouds,overcast clouds
2026-08-01 01:54:50,Dehradun,Uttarakhand,30.3165,78.0322,50,30,12,1.9,2.8,3.1,49.6,23.58,89,1.56,Rain,light rain
2026-08-01 01:54:50,Port Blair,Andaman and Nicobar Islands,11.6234,92.7265,59,59,,,,,,27.34,83,6.11,Rain,light rain
2026-08-01 01:54:50,Daman,Dadra and Nagar Haveli and Daman and Diu,20.3974,72.8328,89,89,64,,5.6,6.7,2.9,26.06,88,9.17,Rain,light rain
2026-08-01 01:54:50,Srinagar,Jammu and Kashmir,34.0837,74.7973,157,157,105,7.3,15.1,6.1,17.9,21.14,86,0.79,Rain,light rain
2026-08-01 01:54:50,Leh,Ladakh,34.1526,77.5771,50,30,12,1.9,2.8,3.1,49.6,16.56,64,2.85,Rain,light rain
2026-08-01 01:54:50,Puducherry,Puducherry,11.9416,79.8083,44,44,30,3.4,4.6,3.9,17.7,27.96,76,2.09,Clouds,overcast clouds
2026-08-01 03:11:00,Delhi,Delhi,28.6139,77.209,95,95,,,,,,29.71,70,4.96,Rain,light rain
2026-08-01 03:11:00,Mumbai,Maharashtra,19.076,72.8777,158,158,,,,,,27.94,78,10,Rain,light rain
2026-08-01 03:11:00,Bangalore,Karnataka,12.9716,77.5946,53,53,27,2.9,11.2,4.1,5,21.94,88,6.48,Clouds,overcast clouds
2026-08-01 03:11:00,Kolkata,West Bengal,22.5726,88.3639,172,172,,,,,,27.25,88,2.81,Clouds,overcast clouds
2026-08-01 03:11:00,Chennai,Tamil Nadu,13.0827,80.2707,46,46,,,,,,30.19,73,0.45,Clouds,overcast clouds
2026-08-01 03:11:00,Hyderabad,Telangana,17.385,78.4867,93,93,,,,,,23.55,85,6.56,Clouds,broken clouds
2026-08-01 03:11:00,Pune,Maharashtra,18.5204,73.8567,232,232,138,51,198,,61,24.63,44,7.01,Clouds,overcast clouds
2026-08-01 03:11:00,Lucknow,Uttar Pradesh,26.8467,80.9462,128,128,91,10.8,3,3.4,28.4,28.54,75,4.23,Rain,light rain
2026-08-01 03:11:00,Patna,Bihar,25.5941,85.1376,21,107,,1,0.5,0.6,20.9,29.19,73,3.04,Clouds,overcast clouds
2026-08-01 03:11:00,Ahmedabad,Gujarat,23.0225,72.5714,108,108,68,0.2,7.3,48.2,11.2,27.73,86,6.54,Rain,moderate rain
2026-08-01 03:11:00,Jaipur,Rajasthan,26.9124,75.7873,129,129,78,18.8,9.6,10.1,11.3,28.68,70,5.31,Clouds,scattered clouds
2026-08-01 03:11:00,Chandigarh,Chandigarh,30.7333,76.7794,60,13,6,1.9,2.3,3.1,60.4,26.72,73,2.73,Rain,light rain
2026-08-01 03:11:00,Bhopal,Madhya Pradesh,23.2599,77.4126,50,50,37,5,5.3,6.1,22,23.6,95,5.66,Clouds,overcast clouds
2026-08-01 03:11:00,Kanpur,Uttar Pradesh,26.4499,80.3319,150,150,86,6.3,9.9,0.4,5.4,28.39,76,4.08,Clouds,broken clouds
2026-08-01 03:11:00,Guwahati,Assam,26.1445,91.7362,25,25,7,2.8,2.3,2.6,25.2,23.76,96,1.2,Rain,light rain
2026-08-01 03:11:00,Itanagar,Arunachal Pradesh,27.0844,93.6053,26,25,10,1.9,2.8,2.6,26,23.37,99,0.48,Rain,heavy intensity rain
2026-08-01 03:11:00,Dispur,Assam,26.1433,91.7898,25,25,7,2.8,2.3,2.6,25.2,24.82,97,1.26,Rain,light rain
2026-08-01 03:11:00,Raipur,Chhattisgarh,21.2514,81.6296,113,113,90,3,3.4,0.5,16.8,25.35,87,3.02,Clouds,overcast clouds
2026-08-01 03:11:00,Gandhinagar,Gujarat,23.2156,72.6369,76,60,76,3.2,3.4,0.5,0.9,27.35,88,5.87,Rain,moderate rain
2026-08-01 03:11:00,Shimla,Himachal Pradesh,31.1048,77.1734,60,13,6,1.9,2.3,3.1,60.4,16.68,90,1.47,Clouds,overcast clouds
2026-08-01 03:11:00,Thiruvananthapuram,Kerala,8.5241,76.9366,53,53,,,,,,24,92,6.72,Rain,moderate rain
2026-08-01 03:11:00,Imphal,Manipur,24.817,93.9368,42,42,7,5.5,2.3,4.6,7,21.4,99,0.67,Rain,moderate rain
2026-08-01 03:11:00,Shillong,Meghalaya,25.5788,91.8933,27,13,6,2.8,1.4,2.6,26.9,18.69,98,2.35,Clouds,overcast clouds
2026-08-01 03:11:00,Aizawl,Mizoram,23.7271,92.7176,17,13,17,0.6,0.5,5.8,2.3,19.37,99,0.97,Clouds,overcast clouds
2026-08-01 03:11:00,Kohima,Nagaland,25.6751,94.1086,42,42,7,5.5,2.3,4.6,7,18.19,97,0.75,Rain,light rain
2026-08-01 03:11:00,Gangtok,Sikkim,27.3389,88.6065,69,69,48,0.7,2.5,0.4,4.3,20.29,95,0.51,Clouds,overcast clouds
2026-08-01 03:11:00,Agartala,Tripura,23.8315,91.2868,114,114,68,3.5,6.3,2.9,5.8,24.8,98,2.28,Clouds,overcast clouds
2026-08-01 03:11:00,Dehradun,Uttarakhand,30.3165,78.0322,60,13,6,1.9,2.3,3.1,60.4,22.97,91,1.56,Rain,moderate rain
2026-08-01 03:11:00,Port Blair,Andaman and Nicobar Islands,11.6234,92.7265,53,53,,,,,,27.81,82,6.53,Rain,light rain
2026-08-01 03:11:00,Daman,Dadra and Nagar Haveli and Daman and Diu,20.3974,72.8328,89,89,64,,5.6,6.7,2.9,26.58,87,8.85,Rain,light rain
2026-08-01 03:11:00,Srinagar,Jammu and Kashmir,34.0837,74.7973,152,152,100,4.6,5.5,4.6,25.6,21.14,86,0.72,Rain,moderate rain
2026-08-01 03:11:00,Leh,Ladakh,34.1526,77.5771,60,13,6,1.9,2.3,3.1,60.4,15.56,69,2.43,Rain,light rain
2026-08-01 03:11:00,Puducherry,Puducherry,11.9416,79.8083,44,44,30,3.4,4.6,3.9,17.7,27.4,80,3.87,Clouds,overcast clouds
2026-08-01 04:39:51,Delhi,Delhi,28.6139,77.209,95,95,,,,,,29.42,71,4.58,Clouds,broken clouds
2026-08-01 04:39:51,Mumbai,Maharashtra,19.076,72.8777,158,158,,,,,,28.06,78,9.52,Clouds,overcast clouds
2026-08-01 04:39:51,Bangalore,Karnataka,12.9716,77.5946,53,53,27,2.9,11.2,4.1,5,21.42,88,0.45,Clouds,overcast clouds
2026-08-01 04:39:51,Kolkata,West Bengal,22.5726,88.3639,172,172,,,,,,27.11,89,2.78,Clouds,overcast clouds
2026-08-01 04:39:51,Chennai,Tamil Nadu,13.0827,80.2707,46,46,,,,,,29.62,75,1.79,Clouds,overcast clouds
2026-08-01 04:39:51,Hyderabad,Telangana,17.385,78.4867,93,93,,,,,,23.41,85,6.17,Clouds,broken clouds
2026-08-01 04:39:51,Pune,Maharashtra,18.5204,73.8567,232,232,138,51,198,,61,24.63,45,5.41,Clouds,overcast clouds
2026-08-01 04:39:51,Lucknow,Uttar Pradesh,26.8467,80.9462,128,128,91,10.8,3,3.4,28.4,27.98,79,4.04,Rain,light rain
2026-08-01 04:39:51,Patna,Bihar,25.5941,85.1376,21,107,,1,0.5,0.6,20.9,28.97,74,2.82,Clouds,overcast clouds
2026-08-01 04:39:51,Ahmedabad,Gujarat,23.0225,72.5714,108,108,68,0.2,7.3,48.2,11.2,26.93,89,6.51,Rain,light rain
2026-08-01 04:39:51,Jaipur,Rajasthan,26.9124,75.7873,129,129,78,18.8,9.6,10.1,11.3,28.1,74,5.36,Rain,light rain
2026-08-01 04:39:51,Chandigarh,Chandigarh,30.7333,76.7794,45,13,6,2.8,2.8,3.1,44.7,26.1,79,2.37,Rain,moderate rain
2026-08-01 04:39:51,Bhopal,Madhya Pradesh,23.2599,77.4126,50,50,37,5,5.3,6.1,22,23.38,95,6.4,Clouds,overcast clouds
2026-08-01 04:39:51,Kanpur,Uttar Pradesh,26.4499,80.3319,150,150,86,6.3,9.9,0.4,5.4,28.23,78,3.75,Clouds,broken clouds
2026-08-01 04:39:51,Guwahati,Assam,26.1445,91.7362,26,13,6,2.8,1.4,2.6,25.6,23.53,96,1.03,Rain,light rain
2026-08-01 04:39:51,Itanagar,Arunachal Pradesh,27.0844,93.6053,26,13,7,1.9,1.9,2.6,26,23.37,100,1.15,Clouds,overcast clouds
2026-08-01 04:39:51,Dispur,Assam,26.1433,91.7898,26,13,6,2.8,1.4,2.6,25.6,24.59,97,1.07,Rain,light rain
2026-08-01 04:39:51,Raipur,Chhattisgarh,21.2514,81.6296,113,113,90,3,3.4,0.5,16.8,25.21,88,2.42,Clouds,overcast clouds
2026-08-01 04:39:51,Gandhinagar,Gujarat,23.2156,72.6369,76,60,76,3.2,3.4,0.5,0.9,26.47,91,6.32,Rain,moderate rain
2026-08-01 04:39:51,Shimla,Himachal Pradesh,31.1048,77.1734,45,13,6,2.8,2.8,3.1,44.7,16.42,89,1.13,Clouds,overcast clouds
2026-08-01 04:39:51,Thiruvananthapuram,Kerala,8.5241,76.9366,48,48,,,,,,23.95,89,6.84,Rain,moderate rain
2026-08-01 04:39:51,Imphal,Manipur,24.817,93.9368,38,38,7,4.6,1.9,4.6,11.4,21.32,99,0.49,Rain,light rain
2026-08-01 04:39:51,Shillong,Meghalaya,25.5788,91.8933,26,13,6,2.8,1.4,2.6,25.6,18.74,97,2.24,Clouds,overcast clouds
2026-08-01 04:39:51,Aizawl,Mizoram,23.7271,92.7176,17,13,17,0.6,0.5,5.8,2.3,18.98,99,1.17,Rain,light rain
2026-08-01 04:39:51,Kohima,Nagaland,25.6751,94.1086,38,38,7,4.6,1.9,4.6,11.4,18.25,97,0.97,Rain,light rain
2026-08-01 04:39:51,Gangtok,Sikkim,27.3389,88.6065,69,69,48,0.7,2.5,0.4,4.3,20.28,94,0.88,Clouds,overcast clouds
2026-08-01 04:39:51,Agartala,Tripura,23.8315,91.2868,114,114,68,3.5,6.3,2.9,5.8,24.72,98,2.43,Clouds,overcast clouds
2026-08-01 04:39:51,Dehradun,Uttarakhand,30.3165,78.0322,45,13,6,2.8,2.8,3.1,44.7,23,90,1.61,Rain,light rain
2026-08-01 04:39:51,Port Blair,Andaman and Nicobar Islands,11.6234,92.7265,48,48,,,,,,27.8,82,6.61,Clouds,overcast clouds
2026-08-01 04:39:51,Daman,Dadra and Nagar Haveli and Daman and Diu,20.3974,72.8328,89,89,64,,5.6,6.7,2.9,26.13,82,7.85,Rain,light rain
2026-08-01 04:39:51,Srinagar,Jammu and Kashmir,34.0837,74.7973,142,142,90,4.6,8.7,4.1,19.1,20.59,90,0.35,Rain,light rain
2026-08-01 04:39:51,Leh,Ladakh,34.1526,77.5771,45,13,6,2.8,2.8,3.1,44.7,15.26,72,2.33,Rain,light rain
2026-08-01 04:39:51,Puducherry,Puducherry,11.9416,79.8083,44,44,30,3.4,4.6,3.9,17.7,27.4,81,3.4,Clouds,overcast clouds
2026-08-01 06:35:49,Delhi,Delhi,28.6139,77.209,95,95,,,,,,28.99,73,4.51,Clouds,overcast clouds
2026-08-01 06:35:49,Mumbai,Maharashtra,19.076,72.8777,158,158,,,,,,27.84,82,9.36,Rain,light rain
2026-08-01 06:35:49,Bangalore,Karnataka,12.9716,77.5946,53,53,27,2.9,11.2,4.1,5,21.39,89,6.86,Clouds,overcast clouds
2026-08-01 06:35:49,Kolkata,West Bengal,22.5726,88.3639,172,172,,,,,,28.07,84,2.5,Clouds,overcast clouds
2026-08-01 06:35:49,Chennai,Tamil Nadu,13.0827,80.2707,46,46,,,,,,29.33,74,1.79,Clouds,overcast clouds
2026-08-01 06:35:49,Hyderabad,Telangana,17.385,78.4867,93,93,,,,,,23.6,83,5.3,Clouds,overcast clouds
2026-08-01 06:35:49,Pune,Maharashtra,18.5204,73.8567,232,232,138,51,198,,61,24.63,45,4.96,Clouds,overcast clouds
2026-08-01 06:35:49,Lucknow,Uttar Pradesh,26.8467,80.9462,128,128,91,10.8,3,3.4,28.4,28.63,74,3.92,Clouds,overcast clouds
2026-08-01 06:35:49,Patna,Bihar,25.5941,85.1376,21,107,,1,0.5,0.6,20.9,29.57,71,3.18,Clouds,overcast clouds
2026-08-01 06:35:49,Ahmedabad,Gujarat,23.0225,72.5714,108,108,68,0.2,7.3,48.2,11.2,27.32,88,4.73,Rain,light rain
2026-08-01 06:35:49,Jaipur,Rajasthan,26.9124,75.7873,129,129,78,18.8,9.6,10.1,11.3,27.23,79,5.87,Clear,clear sky
2026-08-01 06:35:49,Chandigarh,Chandigarh,30.7333,76.7794,60,13,6,1.9,1,3.1,60.4,26.84,78,3.35,Clouds,broken clouds
2026-08-01 06:35:49,Bhopal,Madhya Pradesh,23.2599,77.4126,50,50,37,5,5.3,6.1,22,23.18,95,6.35,Clouds,overcast clouds
2026-08-01 06:35:49,Kanpur,Uttar Pradesh,26.4499,80.3319,150,150,86,6.3,9.9,0.4,5.4,28.25,78,3.3,Clouds,few clouds
2026-08-01 06:35:49,Guwahati,Assam,26.1445,91.7362,26,25,6,2.8,3.2,2.1,26,25.3,92,1.07,Rain,light rain
2026-08-01 06:35:49,Itanagar,Arunachal Pradesh,27.0844,93.6053,25,25,6,1.9,2.8,2.6,25.2,24.88,96,0.35,Rain,light rain
2026-08-01 06:35:49,Dispur,Assam,26.1433,91.7898,26,25,6,2.8,3.2,2.1,26,26.38,92,1.01,Rain,light rain
2026-08-01 06:35:49,Raipur,Chhattisgarh,21.2514,81.6296,113,113,90,3,3.4,0.5,16.8,25.45,87,2.4,Clouds,overcast clouds
2026-08-01 06:35:49,Gandhinagar,Gujarat,23.2156,72.6369,76,60,76,3.2,3.4,0.5,0.9,26.3,93,4.74,Rain,light rain
2026-08-01 06:35:49,Shimla,Himachal Pradesh,31.1048,77.1734,60,13,6,1.9,1,3.1,60.4,17.51,88,1.14,Clouds,scattered clouds
2026-08-01 06:35:49,Thiruvananthapuram,Kerala,8.5241,76.9366,60,60,,,,,,23.79,94,7.33,Rain,moderate rain
2026-08-01 06:35:49,Imphal,Manipur,24.817,93.9368,14,13,7,4.6,1.9,4.6,13.9,21.9,98,0.38,Rain,light rain
2026-08-01 06:35:49,Shillong,Meghalaya,25.5788,91.8933,26,25,6,2.8,3.2,2.1,26,19.91,94,1.72,Clouds,overcast clouds
2026-08-01 06:35:49,Aizawl,Mizoram,23.7271,92.7176,17,13,17,0.6,0.5,5.8,2.3,20.72,98,0.54,Rain,light rain
2026-08-01 06:35:49,Kohima,Nagaland,25.6751,94.1086,14,13,7,4.6,1.9,4.6,13.9,19.79,93,0.37,Clouds,overcast clouds
2026-08-01 06:35:49,Gangtok,Sikkim,27.3389,88.6065,69,69,48,0.7,2.5,0.4,4.3,20.81,93,0.58,Rain,light rain
2026-08-01 06:35:49,Agartala,Tripura,23.8315,91.2868,114,114,68,3.5,6.3,2.9,5.8,26.47,92,3.26,Clouds,broken clouds
2026-08-01 06:35:49,Dehradun,Uttarakhand,30.3165,78.0322,60,13,6,1.9,1,3.1,60.4,24.02,88,1.2,Clouds,overcast clouds
2026-08-01 06:35:49,Port Blair,Andaman and Nicobar Islands,11.6234,92.7265,28,28,,,5.2,0.6,,28.12,83,6.68,Rain,light rain
2026-08-01 06:35:49,Daman,Dadra and Nagar Haveli and Daman and Diu,20.3974,72.8328,89,89,64,,5.6,6.7,2.9,26.67,88,8.46,Rain,light rain
2026-08-01 06:35:49,Srinagar,Jammu and Kashmir,34.0837,74.7973,151,151,97,6.4,9.6,6.6,13.5,19.47,94,0.45,Rain,light rain
2026-08-01 06:35:49,Leh,Ladakh,34.1526,77.5771,60,13,6,1.9,1,3.1,60.4,14.99,70,2.53,Rain,light rain
2026-08-01 06:35:49,Puducherry,Puducherry,11.9416,79.8083,44,44,30,3.4,4.6,3.9,17.7,27.4,80,2.87,Clouds,broken clouds
2026-08-01 10:27:22,Delhi,Delhi,28.6139,77.209,95,95,,,,,,34.12,51,4.71,Clouds,broken clouds
2026-08-01 10:27:22,Mumbai,Maharashtra,19.076,72.8777,158,158,,,,,,28.71,81,9.58,Rain,light rain
2026-08-01 10:27:22,Bangalore,Karnataka,12.9716,77.5946,53,53,27,2.9,11.2,4.1,5,24.6,78,0.45,Clouds,overcast clouds
2026-08-01 10:27:22,Kolkata,West Bengal,22.5726,88.3639,172,172,,,,,,32.4,63,4.33,Rain,light rain
2026-08-01 10:27:22,Chennai,Tamil Nadu,13.0827,80.2707,46,46,,,,,,35.07,56,2.68,Clouds,overcast clouds
2026-08-01 10:27:22,Hyderabad,Telangana,17.385,78.4867,93,93,,,,,,29.02,60,7.52,Clouds,overcast clouds
2026-08-01 10:27:22,Pune,Maharashtra,18.5204,73.8567,232,232,138,51,198,,61,26.3,40,5.15,Clouds,overcast clouds
2026-08-01 10:27:22,Lucknow,Uttar Pradesh,26.8467,80.9462,128,128,91,10.8,3,3.4,28.4,35.01,49,3.8,Clouds,scattered clouds
2026-08-01 10:27:22,Patna,Bihar,25.5941,85.1376,21,107,,1,0.5,0.6,20.9,35,48,3.1,Clouds,overcast clouds
2026-08-01 10:27:22,Ahmedabad,Gujarat,23.0225,72.5714,108,108,68,0.2,7.3,48.2,11.2,29.49,79,6.23,Rain,moderate rain
2026-08-01 10:27:22,Jaipur,Rajasthan,26.9124,75.7873,129,129,78,18.8,9.6,10.1,11.3,32.26,54,7.61,Clouds,few clouds
2026-08-01 10:27:22,Chandigarh,Chandigarh,30.7333,76.7794,58,13,8,1.9,2.8,3.1,57.8,32.08,57,5.19,Clouds,broken clouds
2026-08-01 10:27:22,Bhopal,Madhya Pradesh,23.2599,77.4126,50,50,37,5,5.3,6.1,22,23.59,92,5.46,Clouds,overcast clouds
2026-08-01 10:27:22,Kanpur,Uttar Pradesh,26.4499,80.3319,150,150,86,6.3,9.9,0.4,5.4,34.29,51,3.9,Clouds,few clouds
2026-08-01 10:27:22,Guwahati,Assam,26.1445,91.7362,25,25,6,3.7,8.3,2.1,24.4,28.85,80,1.75,Rain,moderate rain
2026-08-01 10:27:22,Itanagar,Arunachal Pradesh,27.0844,93.6053,26,13,6,1.9,6.4,2.1,26,27.97,89,1.99,Rain,light rain
2026-08-01 10:27:22,Dispur,Assam,26.1433,91.7898,25,25,6,3.7,8.3,2.1,24.4,29.76,82,1.56,Rain,moderate rain
2026-08-01 10:27:22,Raipur,Chhattisgarh,21.2514,81.6296,113,113,90,3,3.4,0.5,16.8,30.14,65,4.52,Rain,light rain
2026-08-01 10:27:22,Gandhinagar,Gujarat,23.2156,72.6369,76,60,76,3.2,3.4,0.5,0.9,29.99,78,5.93,Rain,light rain
2026-08-01 10:27:22,Shimla,Himachal Pradesh,31.1048,77.1734,58,13,8,1.9,2.8,3.1,57.8,22.15,74,2.27,Rain,light rain
2026-08-01 10:27:22,Thiruvananthapuram,Kerala,8.5241,76.9366,58,58,,,,,,24.69,89,5.94,Clouds,overcast clouds
2026-08-01 10:27:22,Imphal,Manipur,24.817,93.9368,14,13,6,5.5,2.8,4.6,14.3,26.53,79,1.36,Rain,light rain
2026-08-01 10:27:22,Shillong,Meghalaya,25.5788,91.8933,25,25,6,3.7,8.3,2.1,24.4,21.42,92,1.76,Rain,light rain
2026-08-01 10:27:22,Aizawl,Mizoram,23.7271,92.7176,17,13,17,0.6,0.5,5.8,2.3,23.55,90,0.91,Rain,moderate rain
2026-08-01 10:27:22,Kohima,Nagaland,25.6751,94.1086,14,13,6,5.5,2.8,4.6,14.3,22.73,87,1.29,Rain,light rain
2026-08-01 10:27:22,Gangtok,Sikkim,27.3389,88.6065,69,69,48,0.7,2.5,0.4,4.3,24.41,82,1.66,Rain,light rain
2026-08-01 10:27:22,Agartala,Tripura,23.8315,91.2868,114,114,68,3.5,6.3,2.9,5.8,31.05,70,3.29,Rain,light rain
2026-08-01 10:27:22,Dehradun,Uttarakhand,30.3165,78.0322,58,13,8,1.9,2.8,3.1,57.8,30.05,64,1.6,Clouds,overcast clouds
2026-08-01 10:27:22,Port Blair,Andaman and Nicobar Islands,11.6234,92.7265,24,24,,,2.4,0.6,,29.04,78,7.02,Rain,light rain
2026-08-01 10:27:22,Daman,Dadra and Nagar Haveli and Daman and Diu,20.3974,72.8328,89,89,64,,5.6,6.7,2.9,27.29,86,10.19,Rain,moderate rain
2026-08-01 10:27:22,Srinagar,Jammu and Kashmir,34.0837,74.7973,151,151,109,2.8,3.2,4.1,46.3,24.24,72,0.53,Rain,light rain
2026-08-01 10:27:22,Leh,Ladakh,34.1526,77.5771,58,13,8,1.9,2.8,3.1,57.8,18.06,51,3.11,Clouds,overcast clouds
2026-08-01 10:27:22,Puducherry,Puducherry,11.9416,79.8083,44,44,30,3.4,4.6,3.9,17.7,34.62,53,5.26,Clouds,overcast clouds
2026-08-01 13:04:07,Delhi,Delhi,28.6139,77.209,95,95,,,,,,36.29,44,5.25,Clouds,overcast clouds
2026-08-01 13:04:07,Mumbai,Maharashtra,19.076,72.8777,158,158,,,,,,29.17,78,10.47,Rain,light rain
2026-08-01 13:04:07,Bangalore,Karnataka,12.9716,77.5946,53,53,27,2.9,11.2,4.1,5,27.74,65,1.34,Clouds,overcast clouds
2026-08-01 13:04:07,Kolkata,West Bengal,22.5726,88.3639,172,172,,,,,,32.96,61,6.03,Clouds,broken clouds
2026-08-01 13:04:07,Chennai,Tamil Nadu,13.0827,80.2707,46,46,,,,,,37.31,50,1.79,Clouds,overcast clouds
2026-08-01 13:04:07,Hyderabad,Telangana,17.385,78.4867,93,93,,,,,,29.99,55,8.01,Clouds,overcast clouds
2026-08-01 13:04:07,Pune,Maharashtra,18.5204,73.8567,232,232,138,51,198,,61,27.41,37,6.16,Clouds,overcast clouds
2026-08-01 13:04:07,Lucknow,Uttar Pradesh,26.8467,80.9462,128,128,91,10.8,3,3.4,28.4,36.28,42,3.99,Rain,light rain
2026-08-01 13:04:07,Patna,Bihar,25.5941,85.1376,21,107,,1,0.5,0.6,20.9,36.3,43,0.65,Clouds,overcast clouds
2026-08-01 13:04:07,Ahmedabad,Gujarat,23.0225,72.5714,108,108,68,0.2,7.3,48.2,11.2,30.22,76,5.73,Rain,moderate rain
2026-08-01 13:04:07,Jaipur,Rajasthan,26.9124,75.7873,129,129,78,18.8,9.6,10.1,11.3,32.69,52,7.44,Clouds,overcast clouds
2026-08-01 13:04:07,Chandigarh,Chandigarh,30.7333,76.7794,58,13,7,1.9,1,3.1,57.8,33.41,54,4.16,Clouds,overcast clouds
2026-08-01 13:04:07,Bhopal,Madhya Pradesh,23.2599,77.4126,50,50,37,5,5.3,6.1,22,23.62,91,5.77,Clouds,overcast clouds
2026-08-01 13:04:07,Kanpur,Uttar Pradesh,26.4499,80.3319,150,150,86,6.3,9.9,0.4,5.4,36.91,41,4.82,Clouds,broken clouds
2026-08-01 13:04:07,Guwahati,Assam,26.1445,91.7362,31,13,6,3.7,6,2.6,31.3,28.99,81,2.91,Clouds,overcast clouds
2026-08-01 13:04:07,Itanagar,Arunachal Pradesh,27.0844,93.6053,37,13,7,1.9,5.5,2.6,37,29.4,82,2.25,Rain,light rain
2026-08-01 13:04:07,Dispur,Assam,26.1433,91.7898,31,13,6,3.7,6,2.6,31.3,29.99,82,2.77,Clouds,overcast clouds
2026-08-01 13:04:07,Raipur,Chhattisgarh,21.2514,81.6296,113,113,90,3,3.4,0.5,16.8,32.64,54,5.47,Clouds,overcast clouds
2026-08-01 13:04:07,Gandhinagar,Gujarat,23.2156,72.6369,76,60,76,3.2,3.4,0.5,0.9,32.7,64,3.71,Rain,light rain
2026-08-01 13:04:07,Shimla,Himachal Pradesh,31.1048,77.1734,58,13,7,1.9,1,3.1,57.8,20.67,77,1.98,Rain,moderate rain
2026-08-01 13:04:07,Thiruvananthapuram,Kerala,8.5241,76.9366,45,45,,,,,,25.77,87,5.4,Clouds,overcast clouds
2026-08-01 13:04:07,Imphal,Manipur,24.817,93.9368,25,25,6,4.6,1.4,5.1,17.5,26.65,77,1.43,Rain,light rain
2026-08-01 13:04:07,Shillong,Meghalaya,25.5788,91.8933,31,13,6,3.7,6,2.6,31.3,22.72,87,2.03,Rain,light rain
2026-08-01 13:04:07,Aizawl,Mizoram,23.7271,92.7176,17,13,17,0.6,0.5,5.8,2.3,26.09,91,0.64,Rain,moderate rain
2026-08-01 13:04:07,Kohima,Nagaland,25.6751,94.1086,25,25,6,4.6,1.4,5.1,17.5,22.47,93,1.13,Rain,moderate rain
2026-08-01 13:04:07,Gangtok,Sikkim,27.3389,88.6065,69,69,48,0.7,2.5,0.4,4.3,23.38,87,0.53,Rain,light rain
2026-08-01 13:04:07,Agartala,Tripura,23.8315,91.2868,114,114,68,3.5,6.3,2.9,5.8,30.28,77,4.67,Rain,light rain
2026-08-01 13:04:07,Dehradun,Uttarakhand,30.3165,78.0322,58,13,7,1.9,1,3.1,57.8,30.06,68,2.22,Rain,light rain
2026-08-01 13:04:07,Port Blair,Andaman and Nicobar Islands,11.6234,92.7265,23,23,,,2.4,0.6,,28.48,79,6.37,Rain,light rain
2026-08-01 13:04:07,Daman,Dadra and Nagar Haveli and Daman and Diu,20.3974,72.8328,89,89,64,,5.6,6.7,2.9,27.82,83,10.52,Rain,moderate rain
2026-08-01 13:04:07,Srinagar,Jammu and Kashmir,34.0837,74.7973,153,153,97,2.8,1.9,4.6,49.6,25.59,68,0.71,Clear,clear sky
2026-08-01 13:04:07,Leh,Ladakh,34.1526,77.5771,58,13,7,1.9,1,3.1,57.8,20.28,43,2.5,Rain,light rain
2026-08-01 13:04:07,Puducherry,Puducherry,11.9416,79.8083,44,44,30,3.4,4.6,3.9,17.7,37.96,47,3.18,Clouds,overcast clouds
2026-08-01 15:35:52,Delhi,Delhi,28.6139,77.209,95,95,,,,,,36.06,44,5.12,Clouds,overcast clouds
2026-08-01 15:35:52,Mumbai,Maharashtra,19.076,72.8777,158,158,,,,,,29.06,77,10.03,Rain,light rain
2026-08-01 15:35:52,Bangalore,Karnataka,12.9716,77.5946,53,53,27,2.9,11.2,4.1,5,28.59,65,1.34,Rain,light rain
2026-08-01 15:35:52,Kolkata,West Bengal,22.5726,88.3639,172,172,,,,,,32.25,63,5.66,Rain,light rain
2026-08-01 15:35:52,Chennai,Tamil Nadu,13.0827,80.2707,46,46,,,,,,33.35,64,1.79,Clouds,overcast clouds
2026-08-01 15:35:52,Hyderabad,Telangana,17.385,78.4867,93,93,,,,,,29.04,60,7.53,Clouds,overcast clouds
2026-08-01 15:35:52,Pune,Maharashtra,18.5204,73.8567,232,232,138,51,198,,61,26.3,38,6.06,Clouds,overcast clouds
2026-08-01 15:35:52,Lucknow,Uttar Pradesh,26.8467,80.9462,128,128,91,10.8,3,3.4,28.4,35.64,43,3.81,Clouds,overcast clouds
2026-08-01 15:35:52,Patna,Bihar,25.5941,85.1376,21,107,,1,0.5,0.6,20.9,36.65,42,0.16,Clouds,overcast clouds
2026-08-01 15:35:52,Ahmedabad,Gujarat,23.0225,72.5714,108,108,68,0.2,7.3,48.2,11.2,29.48,78,8.62,Rain,light rain
2026-08-01 15:35:52,Jaipur,Rajasthan,26.9124,75.7873,129,129,78,18.8,9.6,10.1,11.3,32.7,52,6.46,Clouds,overcast clouds
2026-08-01 15:35:52,Chandigarh,Chandigarh,30.7333,76.7794,51,13,10,2.8,4.2,3.1,51.3,33.3,55,3.02,Clouds,overcast clouds
2026-08-01 15:35:52,Bhopal,Madhya Pradesh,23.2599,77.4126,50,50,37,5,5.3,6.1,22,23.45,92,5.09,Clouds,overcast clouds
2026-08-01 15:35:52,Kanpur,Uttar Pradesh,26.4499,80.3319,150,150,86,6.3,9.9,0.4,5.4,37.58,38,4.74,Clouds,overcast clouds
2026-08-01 15:35:52,Guwahati,Assam,26.1445,91.7362,44,25,6,2.8,4.6,2.6,43.9,28.79,84,2.21,Clouds,overcast clouds
2026-08-01 15:35:52,Itanagar,Arunachal Pradesh,27.0844,93.6053,44,13,6,1.9,3.2,2.1,44.3,26.9,96,1.45,Clouds,overcast clouds
2026-08-01 15:35:52,Dispur,Assam,26.1433,91.7898,44,25,6,2.8,4.6,2.6,43.9,29.58,85,1.96,Clouds,overcast clouds
2026-08-01 15:35:52,Raipur,Chhattisgarh,21.2514,81.6296,113,113,90,3,3.4,0.5,16.8,31.72,58,4.72,Clouds,overcast clouds
2026-08-01 15:35:52,Gandhinagar,Gujarat,23.2156,72.6369,76,60,76,3.2,3.4,0.5,0.9,31.22,71,5.37,Rain,moderate rain
2026-08-01 15:35:52,Shimla,Himachal Pradesh,31.1048,77.1734,51,13,10,2.8,4.2,3.1,51.3,19.91,81,1.57,Rain,moderate rain
2026-08-01 15:35:52,Thiruvananthapuram,Kerala,8.5241,76.9366,62,62,,,,,,25.8,81,5.68,Rain,light rain
2026-08-01 15:35:52,Imphal,Manipur,24.817,93.9368,42,42,6,4.6,1.9,5.1,20.8,26.15,83,1.34,Rain,light rain
2026-08-01 15:35:52,Shillong,Meghalaya,25.5788,91.8933,44,25,6,2.8,4.6,2.6,43.9,21.46,93,1.95,Rain,light rain
2026-08-01 15:35:52,Aizawl,Mizoram,23.7271,92.7176,17,13,17,0.6,0.5,5.8,2.3,22.72,95,0.91,Rain,moderate rain
2026-08-01 15:35:52,Kohima,Nagaland,25.6751,94.1086,42,42,6,4.6,1.9,5.1,20.8,21.09,99,0.74,Clouds,overcast clouds
2026-08-01 15:35:52,Gangtok,Sikkim,27.3389,88.6065,69,69,48,0.7,2.5,0.4,4.3,23.34,89,0.46,Clouds,overcast clouds
2026-08-01 15:35:52,Agartala,Tripura,23.8315,91.2868,114,114,68,3.5,6.3,2.9,5.8,30.46,76,4.7,Rain,light rain
2026-08-01 15:35:52,Dehradun,Uttarakhand,30.3165,78.0322,51,13,10,2.8,4.2,3.1,51.3,28.44,81,1.38,Clouds,overcast clouds
2026-08-01 15:35:52,Port Blair,Andaman and Nicobar Islands,11.6234,92.7265,21,21,,,1.2,0.6,,28.46,79,6.53,Clouds,overcast clouds
2026-08-01 15:35:52,Daman,Dadra and Nagar Haveli and Daman and Diu,20.3974,72.8328,89,89,64,,5.6,6.7,2.9,28.07,80,11.08,Rain,light rain
2026-08-01 15:35:52,Srinagar,Jammu and Kashmir,34.0837,74.7973,155,155,112,2.8,1.4,3.1,53.2,29.47,56,0.94,Clear,clear sky
2026-08-01 15:35:52,Leh,Ladakh,34.1526,77.5771,51,13,10,2.8,4.2,3.1,51.3,21.63,37,2.11,Clouds,overcast clouds
2026-08-01 15:35:52,Puducherry,Puducherry,11.9416,79.8083,44,44,30,3.4,4.6,3.9,17.7,31.99,57,4.8,Clouds,overcast clouds
2026-08-01 17:14:12,Delhi,Delhi,28.6139,77.209,95,95,,,,,,35.47,44,4.68,Clouds,overcast clouds
2026-08-01 17:14:12,Mumbai,Maharashtra,19.076,72.8777,158,158,,,,,,28.61,77,10.17,Rain,light rain
2026-08-01 17:14:12,Bangalore,Karnataka,12.9716,77.5946,53,53,27,2.9,11.2,4.1,5,27.98,65,1.34,Clouds,overcast clouds
2026-08-01 17:14:12,Kolkata,West Bengal,22.5726,88.3639,172,172,,,,,,30.82,71,5.27,Clouds,broken clouds
2026-08-01 17:14:12,Chennai,Tamil Nadu,13.0827,80.2707,46,46,,,,,,32.22,70,4.02,Clouds,overcast clouds
2026-08-01 17:14:12,Hyderabad,Telangana,17.385,78.4867,93,93,,,,,,28.66,62,7.5,Clouds,overcast clouds
2026-08-01 17:14:12,Pune,Maharashtra,18.5204,73.8567,232,232,138,51,198,,61,26.3,38,4.99,Clouds,overcast clouds
2026-08-01 17:14:12,Lucknow,Uttar Pradesh,26.8467,80.9462,128,128,91,10.8,3,3.4,28.4,34.87,46,3.43,Rain,moderate rain
2026-08-01 17:14:12,Patna,Bihar,25.5941,85.1376,21,107,,1,0.5,0.6,20.9,35.5,45,1.2,Clouds,overcast clouds
2026-08-01 17:14:12,Ahmedabad,Gujarat,23.0225,72.5714,108,108,68,0.2,7.3,48.2,11.2,28.22,80,8.36,Rain,moderate rain
2026-08-01 17:14:12,Jaipur,Rajasthan,26.9124,75.7873,129,129,78,18.8,9.6,10.1,11.3,32.11,55,5.96,Rain,light rain
2026-08-01 17:14:12,Chandigarh,Chandigarh,30.7333,76.7794,55,13,10,2.8,4.2,3.1,54.5,32.09,63,3.25,Rain,light rain
2026-08-01 17:14:12,Bhopal,Madhya Pradesh,23.2599,77.4126,50,50,37,5,5.3,6.1,22,23.47,91,5.19,Clouds,overcast clouds
2026-08-01 17:14:12,Kanpur,Uttar Pradesh,26.4499,80.3319,150,150,86,6.3,9.9,0.4,5.4,35.4,45,3.96,Clouds,overcast clouds
2026-08-01 17:14:12,Guwahati,Assam,26.1445,91.7362,48,42,6,2.8,3.7,2.6,47.6,27.42,90,0.96,Clouds,overcast clouds
2026-08-01 17:14:12,Itanagar,Arunachal Pradesh,27.0844,93.6053,46,46,6,1.9,3.2,2.6,45.9,25.94,97,0.73,Clouds,overcast clouds
2026-08-01 17:14:12,Dispur,Assam,26.1433,91.7898,48,42,6,2.8,3.7,2.6,47.6,28.31,92,0.99,Clouds,overcast clouds
2026-08-01 17:14:12,Raipur,Chhattisgarh,21.2514,81.6296,113,113,90,3,3.4,0.5,16.8,30.67,64,5.18,Clouds,overcast clouds
2026-08-01 17:14:12,Gandhinagar,Gujarat,23.2156,72.6369,76,60,76,3.2,3.4,0.5,0.9,29,82,8.92,Rain,heavy intensity rain
2026-08-01 17:14:12,Shimla,Himachal Pradesh,31.1048,77.1734,55,13,10,2.8,4.2,3.1,54.5,19.73,82,1.14,Rain,moderate rain
2026-08-01 17:14:12,Thiruvananthapuram,Kerala,8.5241,76.9366,38,38,,,,,,24.99,83,5.63,Rain,light rain
2026-08-01 17:14:12,Imphal,Manipur,24.817,93.9368,53,53,6,4.6,1.9,4.6,19.5,23.98,92,1.19,Rain,light rain
2026-08-01 17:14:12,Shillong,Meghalaya,25.5788,91.8933,48,42,6,2.8,3.7,2.6,47.6,20.08,96,1.75,Clouds,overcast clouds
2026-08-01 17:14:12,Aizawl,Mizoram,23.7271,92.7176,17,13,17,0.6,0.5,5.8,2.3,21.23,98,1.08,Rain,light rain
2026-08-01 17:14:12,Kohima,Nagaland,25.6751,94.1086,53,53,6,4.6,1.9,4.6,19.5,19.75,98,0.63,Rain,heavy intensity rain
2026-08-01 17:14:12,Gangtok,Sikkim,27.3389,88.6065,69,69,48,0.7,2.5,0.4,4.3,22.69,92,0.57,Rain,light rain
2026-08-01 17:14:12,Agartala,Tripura,23.8315,91.2868,114,114,68,3.5,6.3,2.9,5.8,28,84,4.79,Clouds,overcast clouds
2026-08-01 17:14:12,Dehradun,Uttarakhand,30.3165,78.0322,55,13,10,2.8,4.2,3.1,54.5,27.44,86,0.68,Rain,moderate rain
2026-08-01 17:14:12,Port Blair,Andaman and Nicobar Islands,11.6234,92.7265,25,25,,,1.8,0.6,,27.73,83,5.91,Rain,light rain
2026-08-01 17:14:12,Daman,Dadra and Nagar Haveli and Daman and Diu,20.3974,72.8328,89,89,64,,5.6,6.7,2.9,27.1,78,7.55,Clouds,overcast clouds
2026-08-01 17:14:12,Srinagar,Jammu and Kashmir,34.0837,74.7973,164,164,137,3.7,2.3,3.1,55.8,30.59,50,1.55,Rain,light rain
2026-08-01 17:14:12,Leh,Ladakh,34.1526,77.5771,55,13,10,2.8,4.2,3.1,54.5,22.08,35,2.73,Clouds,overcast clouds
2026-08-01 17:14:12,Puducherry,Puducherry,11.9416,79.8083,44,44,30,3.4,4.6,3.9,17.7,31.77,58,3.78,Clouds,overcast clouds
2026-08-01 19:14:01,Delhi,Delhi,28.6139,77.209,95,95,,,,,,34.42,49,4.25,Clouds,overcast clouds
2026-08-01 19:14:01,Mumbai,Maharashtra,19.076,72.8777,158,158,,,,,,28.31,78,10.19,Rain,moderate rain
2026-08-01 19:14:01,Bangalore,Karnataka,12.9716,77.5946,53,53,27,2.9,11.2,4.1,5,23.68,77,0.89,Clouds,overcast clouds
2026-08-01 19:14:01,Kolkata,West Bengal,22.5726,88.3639,172,172,,,,,,28.99,80,5.02,Clouds,overcast clouds
2026-08-01 19:14:01,Chennai,Tamil Nadu,13.0827,80.2707,46,46,,,,,,29.48,81,0.89,Rain,light rain
2026-08-01 19:14:01,Hyderabad,Telangana,17.385,78.4867,93,93,,,,,,27.81,65,4.07,Clouds,overcast clouds
2026-08-01 19:14:01,Pune,Maharashtra,18.5204,73.8567,232,232,138,51,198,,61,24.15,65,0.89,Clouds,overcast clouds
2026-08-01 19:14:01,Lucknow,Uttar Pradesh,26.8467,80.9462,128,128,91,10.8,3,3.4,28.4,33.88,50,2.62,Clouds,overcast clouds
2026-08-01 19:14:01,Patna,Bihar,25.5941,85.1376,21,107,,1,0.5,0.6,20.9,34.16,52,2.88,Clouds,overcast clouds
2026-08-01 19:14:01,Ahmedabad,Gujarat,23.0225,72.5714,108,108,68,0.2,7.3,48.2,11.2,26.43,93,5.22,Rain,very heavy rain
2026-08-01 19:14:01,Jaipur,Rajasthan,26.9124,75.7873,129,129,78,18.8,9.6,10.1,11.3,30.59,62,4.85,Clouds,overcast clouds
2026-08-01 19:14:01,Chandigarh,Chandigarh,30.7333,76.7794,53,13,10,1.9,2.8,2.6,52.6,29.65,67,3.2,Clouds,few clouds
2026-08-01 19:14:01,Bhopal,Madhya Pradesh,23.2599,77.4126,50,50,37,5,5.3,6.1,22,23.68,91,4.57,Clouds,broken clouds
2026-08-01 19:14:01,Kanpur,Uttar Pradesh,26.4499,80.3319,150,150,86,6.3,9.9,0.4,5.4,33.35,55,2.67,Clouds,overcast clouds
2026-08-01 19:14:01,Guwahati,Assam,26.1445,91.7362,40,25,7,2.8,7.8,3.1,39.8,25.57,93,0.92,Rain,light rain
2026-08-01 19:14:01,Itanagar,Arunachal Pradesh,27.0844,93.6053,39,30,10,2.8,7.4,3.1,39,24.89,99,1.28,Rain,light rain
2026-08-01 19:14:01,Dispur,Assam,26.1433,91.7898,40,25,7,2.8,7.8,3.1,39.8,26.46,94,1,Rain,moderate rain
2026-08-01 19:14:01,Raipur,Chhattisgarh,21.2514,81.6296,113,113,90,3,3.4,0.5,16.8,28.81,73,4.73,Rain,light rain
2026-08-01 19:14:01,Gandhinagar,Gujarat,23.2156,72.6369,76,60,76,3.2,3.4,0.5,0.9,27.69,87,5.69,Rain,moderate rain
2026-08-01 19:14:01,Shimla,Himachal Pradesh,31.1048,77.1734,53,13,10,1.9,2.8,2.6,52.6,17.44,89,0.26,Rain,light rain
2026-08-01 19:14:01,Thiruvananthapuram,Kerala,8.5241,76.9366,63,63,,,,,,24.28,89,6.12,Rain,light rain
2026-08-01 19:14:01,Imphal,Manipur,24.817,93.9368,68,68,6,6.4,4.6,4.6,14.7,22.3,96,0.74,Clouds,overcast clouds
2026-08-01 19:14:01,Shillong,Meghalaya,25.5788,91.8933,40,25,7,2.8,7.8,3.1,39.8,18.57,98,1.86,Clouds,overcast clouds
2026-08-01 19:14:01,Aizawl,Mizoram,23.7271,92.7176,17,13,17,0.6,0.5,5.8,2.3,19.93,99,0.98,Clouds,overcast clouds
2026-08-01 19:14:01,Kohima,Nagaland,25.6751,94.1086,68,68,6,6.4,4.6,4.6,14.7,19.32,98,0.51,Rain,light rain
2026-08-01 19:14:01,Gangtok,Sikkim,27.3389,88.6065,69,69,48,0.7,2.5,0.4,4.3,20.67,96,0.74,Rain,light rain
2026-08-01 19:14:01,Agartala,Tripura,23.8315,91.2868,114,114,68,3.5,6.3,2.9,5.8,26.74,87,3.34,Clouds,overcast clouds
2026-08-01 19:14:01,Dehradun,Uttarakhand,30.3165,78.0322,53,13,10,1.9,2.8,2.6,52.6,25.39,88,1.43,Clouds,overcast clouds
2026-08-01 19:14:01,Port Blair,Andaman and Nicobar Islands,11.6234,92.7265,25,25,,,1.8,0.6,,27.7,84,5.94,Rain,light rain
2026-08-01 19:14:01,Daman,Dadra and Nagar Haveli and Daman and Diu,20.3974,72.8328,89,89,64,,5.6,6.7,2.9,26.96,84,8.92,Rain,light rain
2026-08-01 19:14:01,Srinagar,Jammu and Kashmir,34.0837,74.7973,171,171,145,3.7,2.3,3.6,49.6,25.03,71,2.19,Clouds,broken clouds
2026-08-01 19:14:01,Leh,Ladakh,34.1526,77.5771,53,13,10,1.9,2.8,2.6,52.6,21.5,36,3.31,Clouds,broken clouds
2026-08-01 19:14:01,Puducherry,Puducherry,11.9416,79.8083,44,44,30,3.4,4.6,3.9,17.7,28.39,81,5.42,Rain,light rain
2026-08-01 20:37:01,Delhi,Delhi,28.6139,77.209,95,95,,,,,,34.08,51,4.23,Clouds,overcast clouds
2026-08-01 20:37:01,Mumbai,Maharashtra,19.076,72.8777,158,158,,,,,,28.19,81,10.25,Rain,light rain
2026-08-01 20:37:01,Bangalore,Karnataka,12.9716,77.5946,53,53,27,2.9,11.2,4.1,5,23.13,79,0.45,Clouds,overcast clouds
2026-08-01 20:37:01,Kolkata,West Bengal,22.5726,88.3639,172,172,,,,,,28.51,83,4.66,Clouds,overcast clouds
2026-08-01 20:37:01,Chennai,Tamil Nadu,13.0827,80.2707,46,46,,,,,,30.22,83,1.34,Rain,light rain
2026-08-01 20:37:01,Hyderabad,Telangana,17.385,78.4867,93,93,,,,,,27.87,63,5.28,Clouds,overcast clouds
2026-08-01 20:37:01,Pune,Maharashtra,18.5204,73.8567,232,232,138,51,198,,61,24.06,66,4.88,Clouds,overcast clouds
2026-08-01 20:37:01,Lucknow,Uttar Pradesh,26.8467,80.9462,128,128,91,10.8,3,3.4,28.4,33.58,51,2.7,Clouds,overcast clouds
2026-08-01 20:37:01,Patna,Bihar,25.5941,85.1376,21,107,,1,0.5,0.6,20.9,33.81,55,3.46,Clouds,overcast clouds
2026-08-01 20:37:01,Ahmedabad,Gujarat,23.0225,72.5714,108,108,68,0.2,7.3,48.2,11.2,25.66,96,8.42,Rain,very heavy rain
2026-08-01 20:37:01,Jaipur,Rajasthan,26.9124,75.7873,129,129,78,18.8,9.6,10.1,11.3,29.77,66,5.27,Rain,light rain
2026-08-01 20:37:01,Chandigarh,Chandigarh,30.7333,76.7794,48,34,10,2.8,1.4,2.1,48,29.35,65,2.99,Clouds,scattered clouds
2026-08-01 20:37:01,Bhopal,Madhya Pradesh,23.2599,77.4126,50,50,37,5,5.3,6.1,22,23.67,91,4.7,Clouds,broken clouds
2026-08-01 20:37:01,Kanpur,Uttar Pradesh,26.4499,80.3319,150,150,86,6.3,9.9,0.4,5.4,33.12,56,2.8,Clouds,overcast clouds
2026-08-01 20:37:01,Guwahati,Assam,26.1445,91.7362,43,25,7,2.8,6,3.1,43.1,25.32,94,1.14,Rain,moderate rain
2026-08-01 20:37:01,Itanagar,Arunachal Pradesh,27.0844,93.6053,38,25,10,2.8,8.7,3.1,37.8,24.71,98,1.29,Rain,moderate rain
2026-08-01 20:37:01,Dispur,Assam,26.1433,91.7898,43,25,7,2.8,6,3.1,43.1,26.23,95,1.14,Rain,moderate rain
2026-08-01 20:37:01,Raipur,Chhattisgarh,21.2514,81.6296,113,113,90,3,3.4,0.5,16.8,28.14,77,4.8,Rain,light rain
2026-08-01 20:37:01,Gandhinagar,Gujarat,23.2156,72.6369,76,60,76,3.2,3.4,0.5,0.9,26.91,92,5.78,Rain,heavy intensity rain
2026-08-01 20:37:01,Shimla,Himachal Pradesh,31.1048,77.1734,48,34,10,2.8,1.4,2.1,48,17.94,92,0.94,Rain,light rain
2026-08-01 20:37:01,Thiruvananthapuram,Kerala,8.5241,76.9366,80,80,,,,,,23.92,90,6.4,Rain,light rain
2026-08-01 20:37:01,Imphal,Manipur,24.817,93.9368,61,61,6,6.4,3.7,4.6,13.5,22.1,96,0.67,Clouds,overcast clouds
2026-08-01 20:37:01,Shillong,Meghalaya,25.5788,91.8933,43,25,7,2.8,6,3.1,43.1,18.27,98,2.06,Rain,light rain
2026-08-01 20:37:01,Aizawl,Mizoram,23.7271,92.7176,17,13,17,0.6,0.5,5.8,2.3,19.85,99,1.08,Clouds,overcast clouds
2026-08-01 20:37:01,Kohima,Nagaland,25.6751,94.1086,61,61,6,6.4,3.7,4.6,13.5,19.16,98,0.86,Rain,light rain
2026-08-01 20:37:01,Gangtok,Sikkim,27.3389,88.6065,69,69,48,0.7,2.5,0.4,4.3,20.58,96,0.92,Rain,light rain
2026-08-01 20:37:01,Agartala,Tripura,23.8315,91.2868,114,114,68,3.5,6.3,2.9,5.8,26.47,90,3.22,Clouds,overcast clouds
2026-08-01 20:37:01,Dehradun,Uttarakhand,30.3165,78.0322,48,34,10,2.8,1.4,2.1,48,24.58,91,1.78,Rain,moderate rain
2026-08-01 20:37:01,Port Blair,Andaman and Nicobar Islands,11.6234,92.7265,25,25,,,1.8,0.6,,27.59,84,5.88,Rain,light rain
2026-08-01 20:37:01,Daman,Dadra and Nagar Haveli and Daman and Diu,20.3974,72.8328,89,89,64,,5.6,6.7,2.9,26.85,85,8.38,Rain,light rain
2026-08-01 20:37:01,Srinagar,Jammu and Kashmir,34.0837,74.7973,170,170,154,3.7,5.1,3.1,44.7,22.81,84,0.51,Rain,light rain
2026-08-01 20:37:01,Leh,Ladakh,34.1526,77.5771,48,34,10,2.8,1.4,2.1,48,21.3,36,2.77,Clouds,broken clouds
2026-08-01 20:37:01,Puducherry,Puducherry,11.9416,79.8083,44,44,30,3.4,4.6,3.9,17.7,29.62,82,7.35,Rain,light rain
2026-08-01 22:00:18,Delhi,Delhi,28.6139,77.209,95,95,,,,,,33.32,54,4.68,Clouds,overcast clouds
2026-08-01 22:00:18,Mumbai,Maharashtra,19.076,72.8777,158,158,,,,,,28.02,82,9.52,Rain,light rain
2026-08-01 22:00:18,Bangalore,Karnataka,12.9716,77.5946,53,53,27,2.9,11.2,4.1,5,23.64,77,0.89,Rain,moderate rain
2026-08-01 22:00:18,Kolkata,West Bengal,22.5726,88.3639,172,172,,,,,,28.18,86,4.65,Clouds,overcast clouds
2026-08-01 22:00:18,Chennai,Tamil Nadu,13.0827,80.2707,46,46,,,,,,28.12,81,1.34,Rain,light rain
2026-08-01 22:00:18,Hyderabad,Telangana,17.385,78.4867,93,93,,,,,,27.41,64,6.26,Clouds,overcast clouds
2026-08-01 22:00:18,Pune,Maharashtra,18.5204,73.8567,232,232,138,51,198,,61,23.94,77,4.34,Clouds,overcast clouds
2026-08-01 22:00:18,Lucknow,Uttar Pradesh,26.8467,80.9462,128,128,91,10.8,3,3.4,28.4,33.26,52,2.66,Clouds,overcast clouds
2026-08-01 22:00:18,Patna,Bihar,25.5941,85.1376,21,107,,1,0.5,0.6,20.9,32.69,60,3.85,Clouds,overcast clouds
2026-08-01 22:00:18,Ahmedabad,Gujarat,23.0225,72.5714,108,108,68,0.2,7.3,48.2,11.2,26.04,94,7.77,Rain,moderate rain
2026-08-01 22:00:18,Jaipur,Rajasthan,26.9124,75.7873,129,129,78,18.8,9.6,10.1,11.3,28.55,72,5.23,Clouds,broken clouds
2026-08-01 22:00:18,Chandigarh,Chandigarh,30.7333,76.7794,48,34,10,2.8,1,3.1,48.4,28.58,68,2.87,Clouds,scattered clouds
2026-08-01 22:00:18,Bhopal,Madhya Pradesh,23.2599,77.4126,50,50,37,5,5.3,6.1,22,23.58,93,4.43,Clouds,broken clouds
2026-08-01 22:00:18,Kanpur,Uttar Pradesh,26.4499,80.3319,150,150,86,6.3,9.9,0.4,5.4,32.53,57,3.08,Rain,light rain
2026-08-01 22:00:18,Guwahati,Assam,26.1445,91.7362,45,13,6,2.8,3.7,2.6,45.1,24.64,96,0.94,Rain,moderate rain
2026-08-01 22:00:18,Itanagar,Arunachal Pradesh,27.0844,93.6053,39,13,10,2.8,7.4,3.1,39.4,24.47,99,1.25,Rain,light rain
2026-08-01 22:00:18,Dispur,Assam,26.1433,91.7898,45,13,6,2.8,3.7,2.6,45.1,25.63,97,0.99,Rain,moderate rain
2026-08-01 22:00:18,Raipur,Chhattisgarh,21.2514,81.6296,113,113,90,3,3.4,0.5,16.8,26.93,84,4.54,Rain,light rain
2026-08-01 22:00:18,Gandhinagar,Gujarat,23.2156,72.6369,76,60,76,3.2,3.4,0.5,0.9,25.85,96,7.08,Rain,moderate rain
2026-08-01 22:00:18,Shimla,Himachal Pradesh,31.1048,77.1734,48,34,10,2.8,1,3.1,48.4,17.47,92,1.74,Clouds,scattered clouds
2026-08-01 22:00:18,Thiruvananthapuram,Kerala,8.5241,76.9366,53,53,,,,,,23.7,91,5.56,Rain,light rain
2026-08-01 22:00:18,Imphal,Manipur,24.817,93.9368,53,53,6,5.5,2.8,4.6,10.2,21.59,97,0.63,Clouds,overcast clouds
2026-08-01 22:00:18,Shillong,Meghalaya,25.5788,91.8933,45,13,6,2.8,3.7,2.6,45.1,18.53,99,2.23,Clouds,overcast clouds
2026-08-01 22:00:18,Aizawl,Mizoram,23.7271,92.7176,53,53,6,5.5,2.8,4.6,10.2,19.45,99,1.02,Clouds,overcast clouds
2026-08-01 22:00:18,Kohima,Nagaland,25.6751,94.1086,53,53,6,5.5,2.8,4.6,10.2,19.14,98,0.82,Rain,light rain
2026-08-01 22:00:18,Gangtok,Sikkim,27.3389,88.6065,69,69,48,0.7,2.5,0.4,4.3,20.83,93,0.66,Clouds,overcast clouds
2026-08-01 22:00:18,Agartala,Tripura,23.8315,91.2868,114,114,68,3.5,6.3,2.9,5.8,26.03,92,3.44,Clouds,overcast clouds
2026-08-01 22:00:18,Dehradun,Uttarakhand,30.3165,78.0322,48,34,10,2.8,1,3.1,48.4,24.59,89,1.9,Rain,light rain
2026-08-01 22:00:18,Port Blair,Andaman and Nicobar Islands,11.6234,92.7265,30,30,,,6.4,0.6,,27.27,86,5.84,Rain,moderate rain
2026-08-01 22:00:18,Daman,Dadra and Nagar Haveli and Daman and Diu,20.3974,72.8328,89,89,64,,5.6,6.7,2.9,26.98,85,8.41,Rain,light rain
2026-08-01 22:00:18,Srinagar,Jammu and Kashmir,34.0837,74.7973,170,170,156,6.4,9.2,3.1,35.8,22.25,85,0.61,Rain,light rain
2026-08-01 22:00:18,Leh,Ladakh,34.1526,77.5771,48,34,10,2.8,1,3.1,48.4,20.92,38,2.09,Clouds,broken clouds
2026-08-01 22:00:18,Puducherry,Puducherry,11.9416,79.8083,44,44,30,3.4,4.6,3.9,17.7,26.29,85,6.35,Clouds,overcast clouds
2026-08-01 23:34:11,Delhi,Delhi,28.6139,77.209,95,95,,,,,,33.14,54,4.57,Rain,light rain
2026-08-01 23:34:11,Mumbai,Maharashtra,19.076,72.8777,158,158,,,,,,28.12,82,9.17,Rain,light rain
2026-08-01 23:34:11,Bangalore,Karnataka,12.9716,77.5946,53,53,27,2.9,11.2,4.1,5,22.53,79,0.89,Clouds,overcast clouds
2026-08-01 23:34:11,Kolkata,West Bengal,22.5726,88.3639,172,172,,,,,,28.1,87,4.4,Clouds,overcast clouds
2026-08-01 23:34:11,Chennai,Tamil Nadu,13.0827,80.2707,46,46,,,,,,28.07,79,1.79,Rain,light rain
2026-08-01 23:34:11,Hyderabad,Telangana,17.385,78.4867,93,93,,,,,,26.39,69,7.14,Clouds,overcast clouds
2026-08-01 23:34:11,Pune,Maharashtra,18.5204,73.8567,232,232,138,51,198,,61,24.49,72,4.17,Clouds,overcast clouds
2026-08-01 23:34:11,Lucknow,Uttar Pradesh,26.8467,80.9462,128,128,91,10.8,3,3.4,28.4,32.78,54,2.76,Clouds,overcast clouds
2026-08-01 23:34:11,Patna,Bihar,25.5941,85.1376,21,107,,1,0.5,0.6,20.9,32.37,61,2.98,Clouds,overcast clouds
2026-08-01 23:34:11,Ahmedabad,Gujarat,23.0225,72.5714,108,108,68,0.2,7.3,48.2,11.2,26.13,93,6.27,Clouds,overcast clouds
2026-08-01 23:34:11,Jaipur,Rajasthan,26.9124,75.7873,129,129,78,18.8,9.6,10.1,11.3,28.33,74,5.08,Rain,light rain
2026-08-01 23:34:11,Chandigarh,Chandigarh,30.7333,76.7794,47,13,6,2.8,1,3.1,47.2,28.52,68,2.79,Clouds,broken clouds
2026-08-01 23:34:11,Bhopal,Madhya Pradesh,23.2599,77.4126,50,50,37,5,5.3,6.1,22,23.5,95,4.56,Clouds,broken clouds
2026-08-01 23:34:11,Kanpur,Uttar Pradesh,26.4499,80.3319,150,150,86,6.3,9.9,0.4,5.4,32.33,58,2.87,Rain,light rain
2026-08-01 23:34:11,Guwahati,Assam,26.1445,91.7362,39,25,10,2.8,6,2.6,39,24.49,96,1.1,Rain,light rain
2026-08-01 23:34:11,Itanagar,Arunachal Pradesh,27.0844,93.6053,36,13,10,1.9,6.9,2.6,35.8,24.54,99,0.96,Clouds,overcast clouds
2026-08-01 23:34:11,Dispur,Assam,26.1433,91.7898,39,25,10,2.8,6,2.6,39,25.48,97,1.16,Rain,light rain
2026-08-01 23:34:11,Raipur,Chhattisgarh,21.2514,81.6296,113,113,90,3,3.4,0.5,16.8,26.78,83,3.55,Clouds,overcast clouds
2026-08-01 23:34:11,Gandhinagar,Gujarat,23.2156,72.6369,76,60,76,3.2,3.4,0.5,0.9,26.14,95,6.9,Clouds,overcast clouds
2026-08-01 23:34:11,Shimla,Himachal Pradesh,31.1048,77.1734,47,13,6,2.8,1,3.1,47.2,17.39,92,1.58,Clouds,broken clouds
2026-08-01 23:34:11,Thiruvananthapuram,Kerala,8.5241,76.9366,53,53,,,,,,23.8,91,4.65,Clouds,overcast clouds
2026-08-01 23:34:11,Imphal,Manipur,24.817,93.9368,30,30,9,5.5,1.9,4.6,8.6,21.51,97,0.9,Clouds,overcast clouds
2026-08-01 23:34:11,Shillong,Meghalaya,25.5788,91.8933,39,25,10,2.8,6,2.6,39,18.63,98,2.3,Clouds,overcast clouds
2026-08-01 23:34:11,Aizawl,Mizoram,23.7271,92.7176,17,13,17,0.6,0.5,5.8,2.3,19.38,99,1.07,Clouds,overcast clouds
2026-08-01 23:34:11,Kohima,Nagaland,25.6751,94.1086,30,30,9,5.5,1.9,4.6,8.6,18.95,98,0.89,Rain,light rain
2026-08-01 23:34:11,Gangtok,Sikkim,27.3389,88.6065,69,69,48,0.7,2.5,0.4,4.3,20.89,92,0.72,Rain,moderate rain
2026-08-01 23:34:11,Agartala,Tripura,23.8315,91.2868,114,114,68,3.5,6.3,2.9,5.8,25.88,93,3.49,Clouds,broken clouds
2026-08-01 23:34:11,Dehradun,Uttarakhand,30.3165,78.0322,47,13,6,2.8,1,3.1,47.2,24.67,89,1.72,Rain,light rain
2026-08-01 23:34:11,Port Blair,Andaman and Nicobar Islands,11.6234,92.7265,30,30,,,6.4,0.6,,27.03,85,5.73,Rain,moderate rain
2026-08-01 23:34:11,Daman,Dadra and Nagar Haveli and Daman and Diu,20.3974,72.8328,89,89,64,,5.6,6.7,2.9,26.84,86,9.33,Rain,moderate rain
2026-08-01 23:34:11,Srinagar,Jammu and Kashmir,34.0837,74.7973,179,179,168,10,15.6,11.2,19.9,21.7,82,0.91,Rain,moderate rain
2026-08-01 23:34:11,Leh,Ladakh,34.1526,77.5771,47,13,6,2.8,1,3.1,47.2,20.66,38,1.69,Clouds,broken clouds
2026-08-01 23:34:11,Puducherry,Puducherry,11.9416,79.8083,44,44,30,3.4,4.6,3.9,17.7,26.29,81,4.91,Rain,moderate rain
2026-08-02 01:15:09,Delhi,Delhi,28.6139,77.209,95,95,,,,,,32.35,57,3.21,Clouds,overcast clouds
2026-08-02 01:15:09,Mumbai,Maharashtra,19.076,72.8777,158,158,,,,,,28.19,81,9.39,Rain,light rain
2026-08-02 01:15:09,Bangalore,Karnataka,12.9716,77.5946,53,53,27,2.9,11.2,4.1,5,21.97,81,6.78,Clouds,overcast clouds
2026-08-02 01:15:09,Kolkata,West Bengal,22.5726,88.3639,172,172,,,,,,27.96,85,3.78,Clouds,overcast clouds
2026-08-02 01:15:09,Chennai,Tamil Nadu,13.0827,80.2707,46,46,,,,,,27.2,84,1.34,Rain,moderate rain
2026-08-02 01:15:09,Hyderabad,Telangana,17.385,78.4867,93,93,,,,,,25.39,75,6.44,Clouds,overcast clouds
2026-08-02 01:15:09,Pune,Maharashtra,18.5204,73.8567,232,232,138,51,198,,61,23.38,78,4.3,Clouds,overcast clouds
2026-08-02 01:15:09,Lucknow,Uttar Pradesh,26.8467,80.9462,128,128,91,10.8,3,3.4,28.4,31.59,59,2.22,Clouds,overcast clouds
2026-08-02 01:15:09,Patna,Bihar,25.5941,85.1376,21,107,,1,0.5,0.6,20.9,31.56,65,2.65,Clouds,overcast clouds
2026-08-02 01:15:09,Ahmedabad,Gujarat,23.0225,72.5714,108,108,68,0.2,7.3,48.2,11.2,26.45,91,5.49,Rain,light rain
2026-08-02 01:15:09,Jaipur,Rajasthan,26.9124,75.7873,129,129,78,18.8,9.6,10.1,11.3,27,82,5.05,Clouds,overcast clouds
2026-08-02 01:15:09,Chandigarh,Chandigarh,30.7333,76.7794,48,13,6,2.8,0.5,3.1,48,27.75,73,2.65,Clouds,scattered clouds
2026-08-02 01:15:09,Bhopal,Madhya Pradesh,23.2599,77.4126,50,50,37,5,5.3,6.1,22,23.76,94,4.57,Clouds,overcast clouds
2026-08-02 01:15:09,Kanpur,Uttar Pradesh,26.4499,80.3319,150,150,86,6.3,9.9,0.4,5.4,30.28,65,2.92,Clouds,broken clouds
2026-08-02 01:15:09,Guwahati,Assam,26.1445,91.7362,43,13,10,2.8,2.8,2.6,43.1,24.31,96,0.74,Rain,light rain
2026-08-02 01:15:09,Itanagar,Arunachal Pradesh,27.0844,93.6053,38,13,9,1.9,6.4,3.1,37.8,24.33,99,0.68,Rain,light rain
2026-08-02 01:15:09,Dispur,Assam,26.1433,91.7898,43,13,10,2.8,2.8,2.6,43.1,25.42,96,0.78,Rain,light rain
2026-08-02 01:15:09,Raipur,Chhattisgarh,21.2514,81.6296,113,113,90,3,3.4,0.5,16.8,26.36,85,2.5,Clouds,overcast clouds
2026-08-02 01:15:09,Gandhinagar,Gujarat,23.2156,72.6369,76,60,76,3.2,3.4,0.5,0.9,26.24,93,5.83,Rain,light rain
2026-08-02 01:15:09,Shimla,Himachal Pradesh,31.1048,77.1734,48,13,6,2.8,0.5,3.1,48,16.95,93,1.43,Clouds,scattered clouds
2026-08-02 01:15:09,Thiruvananthapuram,Kerala,8.5241,76.9366,41,41,,,,,,23.94,88,4.79,Rain,light rain
2026-08-02 01:15:09,Imphal,Manipur,24.817,93.9368,30,30,7,4.6,2.8,5.1,9,21.35,98,0.58,Clouds,overcast clouds
2026-08-02 01:15:09,Shillong,Meghalaya,25.5788,91.8933,43,13,10,2.8,2.8,2.6,43.1,18.93,98,2.4,Clouds,overcast clouds
2026-08-02 01:15:09,Aizawl,Mizoram,23.7271,92.7176,17,13,17,0.6,0.5,5.8,2.3,19.09,100,1.2,Clouds,overcast clouds
2026-08-02 01:15:09,Kohima,Nagaland,25.6751,94.1086,30,30,7,4.6,2.8,5.1,9,18.69,97,0.93,Rain,light rain
2026-08-02 01:15:09,Gangtok,Sikkim,27.3389,88.6065,69,69,48,0.7,2.5,0.4,4.3,20.61,96,0.45,Rain,moderate rain
2026-08-02 01:15:09,Agartala,Tripura,23.8315,91.2868,114,114,68,3.5,6.3,2.9,5.8,25.43,96,3.57,Clouds,overcast clouds
2026-08-02 01:15:09,Dehradun,Uttarakhand,30.3165,78.0322,48,13,6,2.8,0.5,3.1,48,23.89,93,1.38,Rain,moderate rain
2026-08-02 01:15:09,Port Blair,Andaman and Nicobar Islands,11.6234,92.7265,30,30,,,6.4,0.6,,27.23,83,6.24,Rain,light rain
2026-08-02 01:15:09,Daman,Dadra and Nagar Haveli and Daman and Diu,20.3974,72.8328,89,89,64,,5.6,6.7,2.9,27.39,86,9.47,Rain,moderate rain
2026-08-02 01:15:09,Srinagar,Jammu and Kashmir,34.0837,74.7973,174,174,170,7.3,19.2,5.1,11,20.59,87,0.8,Rain,moderate rain
2026-08-02 01:15:09,Leh,Ladakh,34.1526,77.5771,46,13,6,2.8,0.5,3.6,45.9,19.09,45,1.58,Clouds,overcast clouds
2026-08-02 01:15:09,Puducherry,Puducherry,11.9416,79.8083,44,44,30,3.4,4.6,3.9,17.7,26.29,84,4.42,Rain,light rain
2026-08-02 02:32:09,Delhi,Delhi,28.6139,77.209,95,95,,,,,,31.88,58,2.89,Clouds,overcast clouds
2026-08-02 02:32:09,Mumbai,Maharashtra,19.076,72.8777,158,158,,,,,,27.98,81,9.53,Rain,light rain
2026-08-02 02:32:09,Bangalore,Karnataka,12.9716,77.5946,53,53,27,2.9,11.2,4.1,5,21.42,84,6.63,Clouds,overcast clouds
2026-08-02 02:32:09,Kolkata,West Bengal,22.5726,88.3639,172,172,,,,,,27.87,85,3.6,Clouds,overcast clouds
2026-08-02 02:32:09,Chennai,Tamil Nadu,13.0827,80.2707,46,46,,,,,,27.17,85,0.45,Rain,moderate rain
2026-08-02 02:32:09,Hyderabad,Telangana,17.385,78.4867,93,93,,,,,,24.74,78,6.35,Clouds,overcast clouds
2026-08-02 02:32:09,Pune,Maharashtra,18.5204,73.8567,232,232,138,51,198,,61,23.38,83,4.02,Clouds,overcast clouds
2026-08-02 02:32:09,Lucknow,Uttar Pradesh,26.8467,80.9462,128,128,91,10.8,3,3.4,28.4,31.37,60,2.11,Clouds,overcast clouds
2026-08-02 02:32:09,Patna,Bihar,25.5941,85.1376,21,107,,1,0.5,0.6,20.9,31.34,65,2.64,Clouds,overcast clouds
2026-08-02 02:32:09,Ahmedabad,Gujarat,23.0225,72.5714,108,108,68,0.2,7.3,48.2,11.2,26.45,91,5.16,Rain,light rain
2026-08-02 02:32:09,Jaipur,Rajasthan,26.9124,75.7873,129,129,78,18.8,9.6,10.1,11.3,26.6,84,4.61,Clouds,overcast clouds
2026-08-02 02:32:09,Chandigarh,Chandigarh,30.7333,76.7794,44,13,8,2.8,1,3.6,43.5,27.58,74,2.48,Clouds,scattered clouds
2026-08-02 02:32:09,Bhopal,Madhya Pradesh,23.2599,77.4126,50,50,37,5,5.3,6.1,22,23.41,94,4.67,Clouds,overcast clouds
2026-08-02 02:32:09,Kanpur,Uttar Pradesh,26.4499,80.3319,150,150,86,6.3,9.9,0.4,5.4,29.89,67,2.6,Clouds,broken clouds
2026-08-02 02:32:09,Guwahati,Assam,26.1445,91.7362,38,13,6,2.8,4.2,2.6,38.2,24.03,96,0.53,Rain,light rain
2026-08-02 02:32:09,Itanagar,Arunachal Pradesh,27.0844,93.6053,37,13,8,1.9,4.6,2.6,37,24.16,99,0.74,Rain,light rain
2026-08-02 02:32:09,Dispur,Assam,26.1433,91.7898,38,13,6,2.8,4.2,2.6,38.2,25.13,96,0.57,Rain,light rain
2026-08-02 02:32:09,Raipur,Chhattisgarh,21.2514,81.6296,113,113,90,3,3.4,0.5,16.8,26.17,85,2.51,Clouds,overcast clouds
2026-08-02 02:32:09,Gandhinagar,Gujarat,23.2156,72.6369,76,60,76,3.2,3.4,0.5,0.9,26.15,94,5.79,Rain,light rain
2026-08-02 02:32:09,Shimla,Himachal Pradesh,31.1048,77.1734,44,13,8,2.8,1,3.6,43.5,16.77,93,1.37,Clouds,scattered clouds
2026-08-02 02:32:09,Thiruvananthapuram,Kerala,8.5241,76.9366,73,73,,,,,,23.81,88,4.61,Clouds,overcast clouds
2026-08-02 02:32:09,Imphal,Manipur,24.817,93.9368,34,34,7,5.5,2.8,5.6,8.6,21.23,98,0.32,Rain,light rain
2026-08-02 02:32:09,Shillong,Meghalaya,25.5788,91.8933,38,13,6,2.8,4.2,2.6,38.2,18.91,98,2.52,Clouds,overcast clouds
2026-08-02 02:32:09,Aizawl,Mizoram,23.7271,92.7176,17,13,17,0.6,0.5,5.8,2.3,18.97,100,1.14,Clouds,overcast clouds
2026-08-02 02:32:09,Kohima,Nagaland,25.6751,94.1086,34,34,7,5.5,2.8,5.6,8.6,18.45,98,0.73,Rain,light rain
2026-08-02 02:32:09,Gangtok,Sikkim,27.3389,88.6065,69,69,48,0.7,2.5,0.4,4.3,20.41,97,0.69,Rain,light rain
2026-08-02 02:32:09,Agartala,Tripura,23.8315,91.2868,114,114,68,3.5,6.3,2.9,5.8,25.34,96,3.31,Clouds,overcast clouds
2026-08-02 02:32:09,Dehradun,Uttarakhand,30.3165,78.0322,44,13,8,2.8,1,3.6,43.5,23.8,93,1.58,Rain,moderate rain
2026-08-02 02:32:09,Port Blair,Andaman and Nicobar Islands,11.6234,92.7265,30,30,,,6.4,0.6,,27.09,84,6.34,Rain,light rain
2026-08-02 02:32:09,Daman,Dadra and Nagar Haveli and Daman and Diu,20.3974,72.8328,89,89,64,,5.6,6.7,2.9,27.16,87,9.7,Rain,moderate rain
2026-08-02 02:32:09,Srinagar,Jammu and Kashmir,34.0837,74.7973,168,168,156,4.6,8.3,5.1,22.4,20.59,82,0.79,Rain,light rain
2026-08-02 02:32:09,Leh,Ladakh,34.1526,77.5771,44,13,8,2.8,1,3.6,43.5,17.56,53,1.91,Rain,light rain
2026-08-02 02:32:09,Puducherry,Puducherry,11.9416,79.8083,44,44,30,3.4,4.6,3.9,17.7,26.85,85,3.67,Rain,light rain
2026-08-02 03:58:48,Delhi,Delhi,28.6139,77.209,95,95,,,,,,31.81,58,2.74,Clouds,overcast clouds
2026-08-02 03:58:48,Mumbai,Maharashtra,19.076,72.8777,158,158,,,,,,27.93,81,9.61,Rain,light rain
2026-08-02 03:58:48,Bangalore,Karnataka,12.9716,77.5946,53,53,27,2.9,11.2,4.1,5,21.42,86,6.53,Clouds,overcast clouds
2026-08-02 03:58:48,Kolkata,West Bengal,22.5726,88.3639,172,172,,,,,,27.7,85,3.11,Clouds,overcast clouds
2026-08-02 03:58:48,Chennai,Tamil Nadu,13.0827,80.2707,46,46,,,,,,27.17,85,0.45,Rain,light rain
2026-08-02 03:58:48,Hyderabad,Telangana,17.385,78.4867,93,93,,,,,,24.31,80,6.21,Clouds,overcast clouds
2026-08-02 03:58:48,Pune,Maharashtra,18.5204,73.8567,232,232,138,51,198,,61,23.38,85,4.36,Clouds,overcast clouds
2026-08-02 03:58:48,Lucknow,Uttar Pradesh,26.8467,80.9462,128,128,91,10.8,3,3.4,28.4,30.8,61,2.32,Clouds,overcast clouds
2026-08-02 03:58:48,Patna,Bihar,25.5941,85.1376,21,107,,1,0.5,0.6,20.9,31.16,66,2.49,Clouds,overcast clouds
2026-08-02 03:58:48,Ahmedabad,Gujarat,23.0225,72.5714,108,108,68,0.2,7.3,48.2,11.2,26.46,91,4.7,Clouds,overcast clouds
2026-08-02 03:58:48,Jaipur,Rajasthan,26.9124,75.7873,129,129,78,18.8,9.6,10.1,11.3,26.19,87,4.16,Clouds,overcast clouds
2026-08-02 03:58:48,Chandigarh,Chandigarh,30.7333,76.7794,42,13,7,2.8,0.5,3.1,42.3,27.48,74,2.25,Clouds,broken clouds
2026-08-02 03:58:48,Bhopal,Madhya Pradesh,23.2599,77.4126,50,50,37,5,5.3,6.1,22,23.09,95,4.67,Clouds,overcast clouds
2026-08-02 03:58:48,Kanpur,Uttar Pradesh,26.4499,80.3319,150,150,86,6.3,9.9,0.4,5.4,29.5,70,2.39,Clouds,broken clouds
2026-08-02 03:58:48,Guwahati,Assam,26.1445,91.7362,34,13,6,2.8,4.6,2.6,33.8,23.52,97,0.53,Rain,light rain
2026-08-02 03:58:48,Itanagar,Arunachal Pradesh,27.0844,93.6053,36,13,10,1.9,4.6,3.1,36.2,24.04,99,0.65,Rain,light rain
2026-08-02 03:58:48,Dispur,Assam,26.1433,91.7898,34,13,6,2.8,4.6,2.6,33.8,24.59,98,0.63,Rain,light rain
2026-08-02 03:58:48,Raipur,Chhattisgarh,21.2514,81.6296,113,113,90,3,3.4,0.5,16.8,25.94,86,2.28,Clouds,broken clouds
2026-08-02 03:58:48,Gandhinagar,Gujarat,23.2156,72.6369,76,60,76,3.2,3.4,0.5,0.9,26.31,93,5.46,Clouds,overcast clouds
2026-08-02 03:58:48,Shimla,Himachal Pradesh,31.1048,77.1734,42,13,7,2.8,0.5,3.1,42.3,15.47,92,1.49,Clouds,scattered clouds
2026-08-02 03:58:48,Thiruvananthapuram,Kerala,8.5241,76.9366,62,62,,,,,,23.8,87,4.2,Rain,light rain
2026-08-02 03:58:48,Imphal,Manipur,24.817,93.9368,46,46,7,4.6,2.3,5.6,9,21.18,98,0.31,Clouds,overcast clouds
2026-08-02 03:58:48,Shillong,Meghalaya,25.5788,91.8933,34,13,6,2.8,4.6,2.6,33.8,18.71,98,2.29,Clouds,overcast clouds
2026-08-02 03:58:48,Aizawl,Mizoram,23.7271,92.7176,17,13,17,0.6,0.5,5.8,2.3,18.82,99,1.02,Clouds,overcast clouds
2026-08-02 03:58:48,Kohima,Nagaland,25.6751,94.1086,46,46,7,4.6,2.3,5.6,9,18.34,97,0.94,Clouds,overcast clouds
2026-08-02 03:58:48,Gangtok,Sikkim,27.3389,88.6065,69,69,48,0.7,2.5,0.4,4.3,20.37,96,1.03,Rain,light rain
2026-08-02 03:58:48,Agartala,Tripura,23.8315,91.2868,114,114,68,3.5,6.3,2.9,5.8,25.15,96,3.33,Clouds,overcast clouds
2026-08-02 03:58:48,Dehradun,Uttarakhand,30.3165,78.0322,42,13,7,2.8,0.5,3.1,42.3,23.89,92,1.63,Rain,moderate rain
2026-08-02 03:58:48,Port Blair,Andaman and Nicobar Islands,11.6234,92.7265,30,30,,,6.4,0.6,,27.41,83,6.63,Rain,light rain
2026-08-02 03:58:48,Daman,Dadra and Nagar Haveli and Daman and Diu,20.3974,72.8328,89,89,64,,5.6,6.7,2.9,26.88,87,8.66,Rain,moderate rain
2026-08-02 03:58:48,Srinagar,Jammu and Kashmir,34.0837,74.7973,165,165,147,3.7,4.6,4.6,27.3,20.59,85,0.85,Rain,light rain
2026-08-02 03:58:48,Leh,Ladakh,34.1526,77.5771,42,13,7,2.8,0.5,3.1,42.3,16.35,60,1.61,Rain,light rain
2026-08-02 03:58:48,Puducherry,Puducherry,11.9416,79.8083,44,44,30,3.4,4.6,3.9,17.7,26.29,82,2.3,Clouds,overcast clouds
2026-08-02 05:03:07,Delhi,Delhi,28.6139,77.209,95,95,,,,,,31.74,58,2.58,Clouds,overcast clouds
2026-08-02 05:03:07,Mumbai,Maharashtra,19.076,72.8777,158,158,,,,,,28.02,81,9.35,Rain,light rain
2026-08-02 05:03:07,Bangalore,Karnataka,12.9716,77.5946,53,53,27,2.9,11.2,4.1,5,20.9,87,6.5,Clouds,overcast clouds
2026-08-02 05:03:07,Kolkata,West Bengal,22.5726,88.3639,172,172,,,,,,27.55,86,2.93,Clouds,overcast clouds
2026-08-02 05:03:07,Chennai,Tamil Nadu,13.0827,80.2707,46,46,,,,,,27.95,84,5.55,Clouds,overcast clouds
2026-08-02 05:03:07,Hyderabad,Telangana,17.385,78.4867,93,93,,,,,,24.03,81,6.19,Clouds,overcast clouds
2026-08-02 05:03:07,Pune,Maharashtra,18.5204,73.8567,232,232,138,51,198,,61,23.38,83,4.73,Clouds,overcast clouds
2026-08-02 05:03:07,Lucknow,Uttar Pradesh,26.8467,80.9462,128,128,91,10.8,3,3.4,28.4,30.05,64,2.52,Clouds,overcast clouds
2026-08-02 05:03:07,Patna,Bihar,25.5941,85.1376,21,107,,1,0.5,0.6,20.9,30.68,69,2.5,Clouds,overcast clouds
2026-08-02 05:03:07,Ahmedabad,Gujarat,23.0225,72.5714,108,108,68,0.2,7.3,48.2,11.2,26.35,91,4.61,Rain,light rain
2026-08-02 05:03:07,Jaipur,Rajasthan,26.9124,75.7873,129,129,78,18.8,9.6,10.1,11.3,25.96,89,4.33,Clouds,overcast clouds
2026-08-02 05:03:07,Chandigarh,Chandigarh,30.7333,76.7794,44,13,6,2.8,1,3.1,43.5,27.07,75,1.92,Clouds,broken clouds
2026-08-02 05:03:07,Bhopal,Madhya Pradesh,23.2599,77.4126,50,50,37,5,5.3,6.1,22,22.88,95,3.71,Clouds,overcast clouds
2026-08-02 05:03:07,Kanpur,Uttar Pradesh,26.4499,80.3319,150,150,86,6.3,9.9,0.4,5.4,29.08,73,2.66,Clouds,overcast clouds
2026-08-02 05:03:07,Guwahati,Assam,26.1445,91.7362,31,13,6,2.8,4.6,2.6,30.9,23.97,96,0.69,Rain,light rain
2026-08-02 05:03:07,Itanagar,Arunachal Pradesh,27.0844,93.6053,35,13,9,1.9,4.2,2.6,34.6,24.5,98,0.26,Clouds,overcast clouds
2026-08-02 05:03:07,Dispur,Assam,26.1433,91.7898,31,13,6,2.8,4.6,2.6,30.9,24.99,97,0.76,Rain,light rain
2026-08-02 05:03:07,Raipur,Chhattisgarh,21.2514,81.6296,113,113,90,3,3.4,0.5,16.8,25.71,86,2.52,Rain,light rain
2026-08-02 05:03:07,Gandhinagar,Gujarat,23.2156,72.6369,76,60,76,3.2,3.4,0.5,0.9,25.94,94,4.07,Rain,light rain
2026-08-02 05:03:07,Shimla,Himachal Pradesh,31.1048,77.1734,44,13,6,2.8,1,3.1,43.5,16.49,92,1.4,Clouds,broken clouds
2026-08-02 05:03:07,Thiruvananthapuram,Kerala,8.5241,76.9366,55,55,,,,,,23.45,87,4.1,Clouds,overcast clouds
2026-08-02 05:03:07,Imphal,Manipur,24.817,93.9368,38,38,7,4.6,1.9,5.1,8.6,21.67,98,0.18,Clouds,overcast clouds
2026-08-02 05:03:07,Shillong,Meghalaya,25.5788,91.8933,31,13,6,2.8,4.6,2.6,30.9,18.85,97,1.9,Clouds,overcast clouds
2026-08-02 05:03:07,Aizawl,Mizoram,23.7271,92.7176,17,13,17,0.6,0.5,5.8,2.3,21.21,99,0.99,Clouds,overcast clouds
2026-08-02 05:03:07,Kohima,Nagaland,25.6751,94.1086,38,38,7,4.6,1.9,5.1,8.6,18.5,97,0.97,Rain,light rain
2026-08-02 05:03:07,Gangtok,Sikkim,27.3389,88.6065,69,69,48,0.7,2.5,0.4,4.3,20.54,95,0.75,Clouds,overcast clouds
2026-08-02 05:03:07,Agartala,Tripura,23.8315,91.2868,114,114,68,3.5,6.3,2.9,5.8,25.18,96,3.15,Clouds,overcast clouds
2026-08-02 05:03:07,Dehradun,Uttarakhand,30.3165,78.0322,44,13,6,2.8,1,3.1,43.5,23.63,93,1.91,Rain,light rain
2026-08-02 05:03:07,Port Blair,Andaman and Nicobar Islands,11.6234,92.7265,30,30,,,6.4,0.6,,27.29,82,6.77,Rain,moderate rain
2026-08-02 05:03:07,Daman,Dadra and Nagar Haveli and Daman and Diu,20.3974,72.8328,89,89,64,,5.6,6.7,2.9,26.74,88,7.96,Rain,light rain
2026-08-02 05:03:07,Srinagar,Jammu and Kashmir,34.0837,74.7973,165,165,136,3.7,5.5,5.1,18.7,20.59,85,0.73,Rain,light rain
2026-08-02 05:03:07,Leh,Ladakh,34.1526,77.5771,44,13,6,2.8,1,3.1,43.5,14.81,71,2.42,Rain,light rain
2026-08-02 05:03:07,Puducherry,Puducherry,11.9416,79.8083,44,44,30,3.4,4.6,3.9,17.7,26.29,82,4.38,Clouds,overcast clouds
2026-08-02 09:07:24,Delhi,Delhi,28.6139,77.209,95,95,,,,,,32.1,59,3.56,Clouds,overcast clouds
2026-08-02 09:07:24,Mumbai,Maharashtra,19.076,72.8777,158,158,,,,,,28.68,80,9.69,Rain,light rain
2026-08-02 09:07:24,Bangalore,Karnataka,12.9716,77.5946,53,53,27,2.9,11.2,4.1,5,22.5,82,0.89,Clouds,overcast clouds
2026-08-02 09:07:24,Kolkata,West Bengal,22.5726,88.3639,172,172,,,,,,31.9,66,3.35,Rain,moderate rain
2026-08-02 09:07:24,Chennai,Tamil Nadu,13.0827,80.2707,46,46,,,,,,31.53,71,0.89,Clouds,overcast clouds
2026-08-02 09:07:24,Hyderabad,Telangana,17.385,78.4867,93,93,,,,,,26.16,71,6.78,Clouds,scattered clouds
2026-08-02 09:07:24,Pune,Maharashtra,18.5204,73.8567,232,232,138,51,198,,61,25.18,41,4.54,Clouds,overcast clouds
2026-08-02 09:07:24,Lucknow,Uttar Pradesh,26.8467,80.9462,128,128,91,10.8,3,3.4,28.4,32.85,57,2.97,Clouds,overcast clouds
2026-08-02 09:07:24,Patna,Bihar,25.5941,85.1376,21,107,,1,0.5,0.6,20.9,32.2,61,3.29,Clouds,overcast clouds
2026-08-02 09:07:24,Ahmedabad,Gujarat,23.0225,72.5714,108,108,68,0.2,7.3,48.2,11.2,27.62,85,4.51,Rain,light rain
2026-08-02 09:07:24,Jaipur,Rajasthan,26.9124,75.7873,129,129,78,18.8,9.6,10.1,11.3,29.25,71,4.21,Clouds,broken clouds
2026-08-02 09:07:24,Chandigarh,Chandigarh,30.7333,76.7794,49,13,8,1.9,2.3,3.1,48.8,31.81,61,3.18,Clouds,few clouds
2026-08-02 09:07:24,Bhopal,Madhya Pradesh,23.2599,77.4126,50,50,37,5,5.3,6.1,22,24.56,90,4.31,Clouds,overcast clouds
2026-08-02 09:07:24,Kanpur,Uttar Pradesh,26.4499,80.3319,150,150,86,6.3,9.9,0.4,5.4,33.03,55,3.7,Clouds,overcast clouds
2026-08-02 09:07:24,Guwahati,Assam,26.1445,91.7362,32,30,13,3.7,7.8,3.6,32.1,28.43,80,2.15,Rain,light rain
2026-08-02 09:07:24,Itanagar,Arunachal Pradesh,27.0844,93.6053,27,25,6,1.9,5.1,7.6,26.9,27.68,89,2.25,Rain,light rain
2026-08-02 09:07:24,Dispur,Assam,26.1433,91.7898,32,30,13,3.7,7.8,3.6,32.1,29.47,81,1.9,Rain,light rain
2026-08-02 09:07:24,Raipur,Chhattisgarh,21.2514,81.6296,113,113,90,3,3.4,0.5,16.8,30.06,64,5.14,Clouds,overcast clouds
2026-08-02 09:07:24,Gandhinagar,Gujarat,23.2156,72.6369,76,60,76,3.2,3.4,0.5,0.9,27.31,88,5.26,Rain,light rain
2026-08-02 09:07:24,Shimla,Himachal Pradesh,31.1048,77.1734,49,13,8,1.9,2.3,3.1,48.8,22.03,74,1.21,Clear,clear sky
2026-08-02 09:07:24,Thiruvananthapuram,Kerala,8.5241,76.9366,75,75,,,,,,26.11,83,5.14,Clouds,overcast clouds
2026-08-02 09:07:24,Imphal,Manipur,24.817,93.9368,38,38,11,4.6,2.3,6.6,10.6,24.45,92,1.66,Rain,light rain
2026-08-02 09:07:24,Shillong,Meghalaya,25.5788,91.8933,32,30,13,3.7,7.8,3.6,32.1,21.75,86,1.06,Rain,light rain
2026-08-02 09:07:24,Aizawl,Mizoram,23.7271,92.7176,17,13,17,0.6,0.5,5.8,2.3,27.69,58,0.92,Rain,light rain
2026-08-02 09:07:24,Kohima,Nagaland,25.6751,94.1086,38,38,11,4.6,2.3,6.6,10.6,22.3,89,0.32,Rain,light rain
2026-08-02 09:07:24,Gangtok,Sikkim,27.3389,88.6065,69,69,48,0.7,2.5,0.4,4.3,24.23,83,1.07,Rain,light rain
2026-08-02 09:07:24,Agartala,Tripura,23.8315,91.2868,114,114,68,3.5,6.3,2.9,5.8,30.64,73,3.82,Rain,light rain
2026-08-02 09:07:24,Dehradun,Uttarakhand,30.3165,78.0322,49,13,8,1.9,2.3,3.1,48.8,27.44,82,0.91,Rain,moderate rain
2026-08-02 09:07:24,Port Blair,Andaman and Nicobar Islands,11.6234,92.7265,34,34,,,1.8,0.6,,28.93,78,7.11,Clouds,broken clouds
2026-08-02 09:07:24,Daman,Dadra and Nagar Haveli and Daman and Diu,20.3974,72.8328,89,89,64,,5.6,6.7,2.9,27.51,87,8.33,Rain,moderate rain
2026-08-02 09:07:24,Srinagar,Jammu and Kashmir,34.0837,74.7973,159,159,140,4.6,7.4,4.6,32.5,20.03,91,0.45,Rain,light rain
2026-08-02 09:07:24,Leh,Ladakh,34.1526,77.5771,49,13,8,1.9,2.3,3.1,48.8,12.41,85,1.83,Clouds,overcast clouds
2026-08-02 09:07:24,Puducherry,Puducherry,11.9416,79.8083,44,44,30,3.4,4.6,3.9,17.7,30.18,70,5.38,Clouds,overcast clouds
2026-08-02 12:09:36,Delhi,Delhi,28.6139,77.209,95,95,,,,,,37.14,40,3.3,Clouds,overcast clouds
2026-08-02 12:09:36,Mumbai,Maharashtra,19.076,72.8777,158,158,,,,,,29.61,78,9.22,Rain,light rain
2026-08-02 12:09:36,Bangalore,Karnataka,12.9716,77.5946,53,53,27,2.9,11.2,4.1,5,28.01,67,1.34,Clouds,overcast clouds
2026-08-02 12:09:36,Kolkata,West Bengal,22.5726,88.3639,172,172,,,,,,34.11,57,4.83,Rain,moderate rain
2026-08-02 12:09:36,Chennai,Tamil Nadu,13.0827,80.2707,46,46,,,,,,34.06,61,0.46,Clouds,overcast clouds
2026-08-02 12:09:36,Hyderabad,Telangana,17.385,78.4867,93,93,,,,,,30.37,56,6.28,Clouds,overcast clouds
2026-08-02 12:09:36,Pune,Maharashtra,18.5204,73.8567,232,232,138,51,198,,61,26.3,39,5.98,Clouds,broken clouds
2026-08-02 12:09:36,Lucknow,Uttar Pradesh,26.8467,80.9462,128,128,91,10.8,3,3.4,28.4,36.73,43,3.23,Rain,light rain
2026-08-02 12:09:36,Patna,Bihar,25.5941,85.1376,21,107,,1,0.5,0.6,20.9,36.35,46,2.24,Clouds,broken clouds
2026-08-02 12:09:36,Ahmedabad,Gujarat,23.0225,72.5714,108,108,68,0.2,7.3,48.2,11.2,32.26,62,4.8,Rain,light rain
2026-08-02 12:09:36,Jaipur,Rajasthan,26.9124,75.7873,129,129,78,18.8,9.6,10.1,11.3,33.11,55,3.9,Rain,light rain
2026-08-02 12:09:36,Chandigarh,Chandigarh,30.7333,76.7794,58,13,6,1.9,1,3.1,57.8,34.58,52,2.96,Rain,light rain
2026-08-02 12:09:36,Bhopal,Madhya Pradesh,23.2599,77.4126,50,50,37,5,5.3,6.1,22,23.66,96,4.2,Rain,light rain
2026-08-02 12:09:36,Kanpur,Uttar Pradesh,26.4499,80.3319,150,150,86,6.3,9.9,0.4,5.4,35.95,46,3.23,Clouds,overcast clouds
2026-08-02 12:09:36,Guwahati,Assam,26.1445,91.7362,47,13,10,3.7,6.4,2.6,47.2,28.64,83,1.92,Rain,light rain
2026-08-02 12:09:36,Itanagar,Arunachal Pradesh,27.0844,93.6053,49,25,7,1,3.7,3.6,48.8,29.43,83,2.65,Rain,light rain
2026-08-02 12:09:36,Dispur,Assam,26.1433,91.7898,47,13,10,3.7,6.4,2.6,47.2,29.47,85,1.88,Clouds,overcast clouds
2026-08-02 12:09:36,Raipur,Chhattisgarh,21.2514,81.6296,113,113,90,3,3.4,0.5,16.8,33.12,53,4.9,Clouds,overcast clouds
2026-08-02 12:09:36,Gandhinagar,Gujarat,23.2156,72.6369,76,60,76,3.2,3.4,0.5,0.9,31.66,68,4.93,Rain,light rain
2026-08-02 12:09:36,Shimla,Himachal Pradesh,31.1048,77.1734,58,13,6,1.9,1,3.1,57.8,22.05,70,2.7,Rain,light rain
2026-08-02 12:09:36,Thiruvananthapuram,Kerala,8.5241,76.9366,51,51,,,,,,28.84,69,6.15,Clouds,overcast clouds
2026-08-02 12:09:36,Imphal,Manipur,24.817,93.9368,30,30,9,5.5,2.8,5.1,20.8,27.42,77,1.69,Rain,light rain
2026-08-02 12:09:36,Shillong,Meghalaya,25.5788,91.8933,47,13,10,3.7,6.4,2.6,47.2,20.14,100,1.33,Rain,light rain
2026-08-02 12:09:36,Aizawl,Mizoram,23.7271,92.7176,17,13,17,0.6,0.5,5.8,2.3,24.7,89,0.36,Rain,moderate rain
2026-08-02 12:09:36,Kohima,Nagaland,25.6751,94.1086,30,30,9,5.5,2.8,5.1,20.8,21.6,98,0.89,Rain,moderate rain
2026-08-02 12:09:36,Gangtok,Sikkim,27.3389,88.6065,69,69,48,0.7,2.5,0.4,4.3,25.68,81,2.08,Rain,light rain
2026-08-02 12:09:36,Agartala,Tripura,23.8315,91.2868,114,114,68,3.5,6.3,2.9,5.8,31.3,73,4.37,Clouds,broken clouds
2026-08-02 12:09:36,Dehradun,Uttarakhand,30.3165,78.0322,58,13,6,1.9,1,3.1,57.8,28.7,78,1.23,Rain,moderate rain
2026-08-02 12:09:36,Port Blair,Andaman and Nicobar Islands,11.6234,92.7265,33,33,,,0.6,0.6,,29.22,77,7.12,Rain,light rain
2026-08-02 12:09:36,Daman,Dadra and Nagar Haveli and Daman and Diu,20.3974,72.8328,89,89,64,,5.6,6.7,2.9,27.77,86,8.05,Rain,moderate rain
2026-08-02 12:09:36,Srinagar,Jammu and Kashmir,34.0837,74.7973,154,154,131,2.8,2.3,4.6,50.6,25.03,69,0.45,Clouds,few clouds
2026-08-02 12:09:36,Leh,Ladakh,34.1526,77.5771,58,13,6,1.9,1,3.1,57.8,14.32,73,1.46,Rain,moderate rain
2026-08-02 12:09:36,Puducherry,Puducherry,11.9416,79.8083,44,44,30,3.4,4.6,3.9,17.7,35.74,55,3.69,Clouds,overcast clouds
2026-08-02 14:44:46,Delhi,Delhi,28.6139,77.209,95,95,,,,,,35.82,43,3.29,Clouds,overcast clouds
2026-08-02 14:44:46,Mumbai,Maharashtra,19.076,72.8777,158,158,,,,,,28.83,77,9.74,Clouds,broken clouds
2026-08-02 14:44:46,Bangalore,Karnataka,12.9716,77.5946,53,53,27,2.9,11.2,4.1,5,29.51,52,7.76,Clouds,overcast clouds
2026-08-02 14:44:46,Kolkata,West Bengal,22.5726,88.3639,172,172,,,,,,34.05,57,4.94,Rain,light rain
2026-08-02 14:44:46,Chennai,Tamil Nadu,13.0827,80.2707,46,46,,,,,,36.73,64,6.77,Clouds,overcast clouds
2026-08-02 14:44:46,Hyderabad,Telangana,17.385,78.4867,93,93,,,,,,30.57,55,6.97,Rain,light rain
2026-08-02 14:44:46,Pune,Maharashtra,18.5204,73.8567,232,232,138,51,198,,61,26.3,38,5.7,Rain,light rain
2026-08-02 14:44:46,Lucknow,Uttar Pradesh,26.8467,80.9462,128,128,91,10.8,3,3.4,28.4,36.42,44,2.09,Rain,light rain
2026-08-02 14:44:46,Patna,Bihar,25.5941,85.1376,21,107,,1,0.5,0.6,20.9,37.45,40,2.28,Clouds,broken clouds
2026-08-02 14:44:46,Ahmedabad,Gujarat,23.0225,72.5714,108,108,68,0.2,7.3,48.2,11.2,33.22,59,4.94,Rain,light rain
2026-08-02 14:44:46,Jaipur,Rajasthan,26.9124,75.7873,129,129,78,18.8,9.6,10.1,11.3,33.3,53,4.43,Rain,light rain
2026-08-02 14:44:46,Chandigarh,Chandigarh,30.7333,76.7794,57,13,6,1.9,1,3.1,56.5,35.46,48,2.86,Rain,light rain
2026-08-02 14:44:46,Bhopal,Madhya Pradesh,23.2599,77.4126,50,50,37,5,5.3,6.1,22,25.32,91,3.26,Clouds,overcast clouds
2026-08-02 14:44:46,Kanpur,Uttar Pradesh,26.4499,80.3319,150,150,86,6.3,9.9,0.4,5.4,36.81,43,3.21,Clouds,overcast clouds
2026-08-02 14:44:46,Guwahati,Assam,26.1445,91.7362,62,13,7,2.8,4.6,2.6,61.7,29.07,82,1.83,Rain,light rain
2026-08-02 14:44:46,Itanagar,Arunachal Pradesh,27.0844,93.6053,58,13,10,1.9,3.2,3.6,58.4,28.28,92,1.64,Rain,light rain
2026-08-02 14:44:46,Dispur,Assam,26.1433,91.7898,62,13,7,2.8,4.6,2.6,61.7,30.25,82,1.74,Rain,light rain
2026-08-02 14:44:46,Raipur,Chhattisgarh,21.2514,81.6296,113,113,90,3,3.4,0.5,16.8,32.49,55,4.91,Clouds,overcast clouds
2026-08-02 14:44:46,Gandhinagar,Gujarat,23.2156,72.6369,76,60,76,3.2,3.4,0.5,0.9,32.52,64,5.31,Rain,light rain
2026-08-02 14:44:46,Shimla,Himachal Pradesh,31.1048,77.1734,57,13,6,1.9,1,3.1,56.5,22.84,75,2.49,Rain,moderate rain
2026-08-02 14:44:46,Thiruvananthapuram,Kerala,8.5241,76.9366,56,56,,,,,,29.06,76,6.27,Clouds,overcast clouds
2026-08-02 14:44:46,Imphal,Manipur,24.817,93.9368,18,13,6,4.6,1.9,4.6,17.9,27.83,73,1.53,Clouds,overcast clouds
2026-08-02 14:44:46,Shillong,Meghalaya,25.5788,91.8933,62,13,7,2.8,4.6,2.6,61.7,22.36,87,2.23,Rain,light rain
2026-08-02 14:44:46,Aizawl,Mizoram,23.7271,92.7176,18,13,6,4.6,1.9,4.6,17.9,22.86,96,0.96,Rain,moderate rain
2026-08-02 14:44:46,Kohima,Nagaland,25.6751,94.1086,18,13,6,4.6,1.9,4.6,17.9,22.21,95,0.57,Rain,light rain
2026-08-02 14:44:46,Gangtok,Sikkim,27.3389,88.6065,69,69,48,0.7,2.5,0.4,4.3,24.07,92,1.86,Rain,light rain
2026-08-02 14:44:46,Agartala,Tripura,23.8315,91.2868,114,114,68,3.5,6.3,2.9,5.8,31.51,72,4.56,Rain,light rain
2026-08-02 14:44:46,Dehradun,Uttarakhand,30.3165,78.0322,57,13,6,1.9,1,3.1,56.5,28.34,81,1.22,Clouds,overcast clouds
2026-08-02 14:44:46,Port Blair,Andaman and Nicobar Islands,11.6234,92.7265,25,25,,,1.8,0.6,,28.38,81,7.57,Rain,light rain
2026-08-02 14:44:46,Daman,Dadra and Nagar Haveli and Daman and Diu,20.3974,72.8328,89,89,64,,5.6,6.7,2.9,28.32,84,8.22,Rain,light rain
2026-08-02 14:44:46,Srinagar,Jammu and Kashmir,34.0837,74.7973,162,162,134,2.8,1,4.1,55.2,29.47,56,0.45,Clouds,few clouds
2026-08-02 14:44:46,Leh,Ladakh,34.1526,77.5771,57,13,6,1.9,1,3.1,56.5,17.96,54,0.81,Clouds,overcast clouds
2026-08-02 14:44:46,Puducherry,Puducherry,11.9416,79.8083,44,44,30,3.4,4.6,3.9,17.7,36.85,47,5.29,Clouds,overcast clouds
2026-08-02 16:32:48,Delhi,Delhi,28.6139,77.209,95,95,,,,,,36.06,42,3.46,Clouds,overcast clouds
2026-08-02 16:32:48,Mumbai,Maharashtra,19.076,72.8777,158,158,,,,,,29.09,77,9.24,Rain,light rain
2026-08-02 16:32:48,Bangalore,Karnataka,12.9716,77.5946,53,53,27,2.9,11.2,4.1,5,28.54,55,6.89,Clouds,overcast clouds
2026-08-02 16:32:48,Kolkata,West Bengal,22.5726,88.3639,172,172,,,,,,33.2,61,4.97,Rain,light rain
2026-08-02 16:32:48,Chennai,Tamil Nadu,13.0827,80.2707,46,46,,,,,,32.79,68,1.34,Clouds,overcast clouds
2026-08-02 16:32:48,Hyderabad,Telangana,17.385,78.4867,93,93,,,,,,29.85,57,7.28,Rain,light rain
2026-08-02 16:32:48,Pune,Maharashtra,18.5204,73.8567,232,232,138,51,198,,61,25.74,39,5.84,Rain,light rain
2026-08-02 16:32:48,Lucknow,Uttar Pradesh,26.8467,80.9462,128,128,91,10.8,3,3.4,28.4,34.75,51,2.01,Clouds,overcast clouds
2026-08-02 16:32:48,Patna,Bihar,25.5941,85.1376,21,107,,1,0.5,0.6,20.9,37.11,41,1.68,Clouds,overcast clouds
2026-08-02 16:32:48,Ahmedabad,Gujarat,23.0225,72.5714,108,108,68,0.2,7.3,48.2,11.2,32.27,63,5.32,Rain,moderate rain
2026-08-02 16:32:48,Jaipur,Rajasthan,26.9124,75.7873,129,129,78,18.8,9.6,10.1,11.3,32.18,58,4.24,Clouds,overcast clouds
2026-08-02 16:32:48,Chandigarh,Chandigarh,30.7333,76.7794,53,13,12,1.9,1.9,3.1,52.6,35.23,49,2.3,Clouds,scattered clouds
2026-08-02 16:32:48,Bhopal,Madhya Pradesh,23.2599,77.4126,50,50,37,5,5.3,6.1,22,27.81,80,4.65,Rain,light rain
2026-08-02 16:32:48,Kanpur,Uttar Pradesh,26.4499,80.3319,150,150,86,6.3,9.9,0.4,5.4,35.41,47,2.43,Clouds,overcast clouds
2026-08-02 16:32:48,Guwahati,Assam,26.1445,91.7362,50,46,7,2.8,4.2,2.1,49.6,28.96,83,1.1,Rain,light rain
2026-08-02 16:32:48,Itanagar,Arunachal Pradesh,27.0844,93.6053,49,25,10,1.9,4.2,3.1,48.8,27.45,95,0.55,Rain,moderate rain
2026-08-02 16:32:48,Dispur,Assam,26.1433,91.7898,50,46,7,2.8,4.2,2.1,49.6,29.87,85,1.02,Rain,moderate rain
2026-08-02 16:32:48,Raipur,Chhattisgarh,21.2514,81.6296,113,113,90,3,3.4,0.5,16.8,32.01,60,4.66,Clouds,overcast clouds
2026-08-02 16:32:48,Gandhinagar,Gujarat,23.2156,72.6369,76,60,76,3.2,3.4,0.5,0.9,31.79,67,5.32,Rain,moderate rain
2026-08-02 16:32:48,Shimla,Himachal Pradesh,31.1048,77.1734,53,13,12,1.9,1.9,3.1,52.6,22.41,77,2.11,Rain,light rain
2026-08-02 16:32:48,Thiruvananthapuram,Kerala,8.5241,76.9366,60,60,,,,,,27.35,77,5.85,Clouds,overcast clouds
2026-08-02 16:32:48,Imphal,Manipur,24.817,93.9368,22,13,6,4.6,1.9,5.1,21.6,25.69,88,1.3,Rain,light rain
2026-08-02 16:32:48,Shillong,Meghalaya,25.5788,91.8933,50,46,7,2.8,4.2,2.1,49.6,21.98,89,1.75,Rain,light rain
2026-08-02 16:32:48,Aizawl,Mizoram,23.7271,92.7176,22,13,6,4.6,1.9,5.1,21.6,22.74,97,0.75,Rain,light rain
2026-08-02 16:32:48,Kohima,Nagaland,25.6751,94.1086,22,13,6,4.6,1.9,5.1,21.6,22.2,95,0.84,Rain,light rain
2026-08-02 16:32:48,Gangtok,Sikkim,27.3389,88.6065,69,69,48,0.7,2.5,0.4,4.3,23.47,90,0.6,Rain,light rain
2026-08-02 16:32:48,Agartala,Tripura,23.8315,91.2868,114,114,68,3.5,6.3,2.9,5.8,30.14,78,4.61,Rain,light rain
2026-08-02 16:32:48,Dehradun,Uttarakhand,30.3165,78.0322,53,13,12,1.9,1.9,3.1,52.6,27.92,83,1.26,Rain,moderate rain
2026-08-02 16:32:48,Port Blair,Andaman and Nicobar Islands,11.6234,92.7265,26,26,,,1.2,1.1,,28.29,81,6.8,Clouds,overcast clouds
2026-08-02 16:32:48,Daman,Dadra and Nagar Haveli and Daman and Diu,20.3974,72.8328,89,89,64,,5.6,6.7,2.9,28.23,84,8.29,Rain,light rain
2026-08-02 16:32:48,Srinagar,Jammu and Kashmir,34.0837,74.7973,162,162,138,3.7,1.9,4.1,54.5,30.59,51,0.89,Clear,clear sky
2026-08-02 16:32:48,Leh,Ladakh,34.1526,77.5771,53,13,12,1.9,1.9,3.1,52.6,19.76,45,0.81,Rain,light rain
2026-08-02 16:32:48,Puducherry,Puducherry,11.9416,79.8083,44,44,30,3.4,4.6,3.9,17.7,37.96,45,5.83,Clouds,overcast clouds
2026-08-02 18:06:41,Delhi,Delhi,28.6139,77.209,95,95,,,,,,35.07,46,3.46,Clouds,overcast clouds
2026-08-02 18:06:41,Mumbai,Maharashtra,19.076,72.8777,158,158,,,,,,28.99,78,9.04,Rain,light rain
2026-08-02 18:06:41,Bangalore,Karnataka,12.9716,77.5946,53,53,27,2.9,11.2,4.1,5,24.26,76,6.24,Rain,light rain
2026-08-02 18:06:41,Kolkata,West Bengal,22.5726,88.3639,172,172,,,,,,31.44,69,4.49,Clouds,overcast clouds
2026-08-02 18:06:41,Chennai,Tamil Nadu,13.0827,80.2707,46,46,,,,,,31.14,75,2.68,Clouds,overcast clouds
2026-08-02 18:06:41,Hyderabad,Telangana,17.385,78.4867,93,93,,,,,,29.71,59,6.26,Clouds,overcast clouds
2026-08-02 18:06:41,Pune,Maharashtra,18.5204,73.8567,232,232,138,51,198,,61,25.17,62,4.71,Clouds,overcast clouds
2026-08-02 18:06:41,Lucknow,Uttar Pradesh,26.8467,80.9462,128,128,91,10.8,3,3.4,28.4,33.24,56,3.27,Clouds,overcast clouds
2026-08-02 18:06:41,Patna,Bihar,25.5941,85.1376,21,107,,1,0.5,0.6,20.9,35.3,48,1.22,Clouds,overcast clouds
2026-08-02 18:06:41,Ahmedabad,Gujarat,23.0225,72.5714,108,108,68,0.2,7.3,48.2,11.2,29.91,75,6.31,Rain,light rain
2026-08-02 18:06:41,Jaipur,Rajasthan,26.9124,75.7873,129,129,78,18.8,9.6,10.1,11.3,31.36,63,4.55,Rain,moderate rain
2026-08-02 18:06:41,Chandigarh,Chandigarh,30.7333,76.7794,55,13,10,1.9,2.8,3.1,54.5,31.92,61,2.98,Clouds,overcast clouds
2026-08-02 18:06:41,Bhopal,Madhya Pradesh,23.2599,77.4126,50,50,37,5,5.3,6.1,22,26.85,85,3.34,Rain,light rain
2026-08-02 18:06:41,Kanpur,Uttar Pradesh,26.4499,80.3319,150,150,86,6.3,9.9,0.4,5.4,34.22,51,1.5,Clouds,overcast clouds
2026-08-02 18:06:41,Guwahati,Assam,26.1445,91.7362,61,61,7,2.8,4.2,2.1,48.4,26.57,88,0.9,Rain,light rain
2026-08-02 18:06:41,Itanagar,Arunachal Pradesh,27.0844,93.6053,48,30,10,1.9,4.6,3.1,48.4,25.53,97,1.14,Rain,light rain
2026-08-02 18:06:41,Dispur,Assam,26.1433,91.7898,61,61,7,2.8,4.2,2.1,48.4,27.5,90,0.85,Rain,light rain
2026-08-02 18:06:41,Raipur,Chhattisgarh,21.2514,81.6296,113,113,90,3,3.4,0.5,16.8,30.45,68,4.3,Clouds,overcast clouds
2026-08-02 18:06:41,Gandhinagar,Gujarat,23.2156,72.6369,76,60,76,3.2,3.4,0.5,0.9,29.42,78,5.76,Rain,moderate rain
2026-08-02 18:06:41,Shimla,Himachal Pradesh,31.1048,77.1734,55,13,10,1.9,2.8,3.1,54.5,20.52,87,1.4,Rain,moderate rain
2026-08-02 18:06:41,Thiruvananthapuram,Kerala,8.5241,76.9366,61,61,,,,,,26.01,85,5.12,Rain,light rain
2026-08-02 18:06:41,Imphal,Manipur,24.817,93.9368,42,42,6,4.6,2.3,5.1,22,23.53,90,0.65,Rain,light rain
2026-08-02 18:06:41,Shillong,Meghalaya,25.5788,91.8933,61,61,7,2.8,4.2,2.1,48.4,19.55,97,1.89,Rain,light rain
2026-08-02 18:06:41,Aizawl,Mizoram,23.7271,92.7176,42,42,6,4.6,2.3,5.1,22,20.49,99,0.79,Clouds,broken clouds
2026-08-02 18:06:41,Kohima,Nagaland,25.6751,94.1086,42,42,6,4.6,2.3,5.1,22,19.5,98,0.7,Rain,light rain
2026-08-02 18:06:41,Gangtok,Sikkim,27.3389,88.6065,69,69,48,0.7,2.5,0.4,4.3,22.15,92,0.65,Clouds,overcast clouds
2026-08-02 18:06:41,Agartala,Tripura,23.8315,91.2868,114,114,68,3.5,6.3,2.9,5.8,27.51,84,4.12,Clouds,broken clouds
2026-08-02 18:06:41,Dehradun,Uttarakhand,30.3165,78.0322,55,13,10,1.9,2.8,3.1,54.5,26.84,88,0.83,Rain,light rain
2026-08-02 18:06:41,Port Blair,Andaman and Nicobar Islands,11.6234,92.7265,26,26,,,1.2,1.1,,27.68,83,6.18,Rain,light rain
2026-08-02 18:06:41,Daman,Dadra and Nagar Haveli and Daman and Diu,20.3974,72.8328,89,89,64,,5.6,6.7,2.9,27.52,87,8.06,Rain,light rain
2026-08-02 18:06:41,Srinagar,Jammu and Kashmir,34.0837,74.7973,163,163,132,3.7,2.3,4.6,55.8,28.36,56,0.45,Rain,light rain
2026-08-02 18:06:41,Leh,Ladakh,34.1526,77.5771,55,13,10,1.9,2.8,3.1,54.5,20.35,42,1.53,Clouds,scattered clouds
2026-08-02 18:06:41,Puducherry,Puducherry,11.9416,79.8083,44,44,30,3.4,4.6,3.9,17.7,31.29,59,1.5,Clouds,overcast clouds
2026-08-02 20:10:15,Delhi,Delhi,28.6139,77.209,95,95,,,,,,34.27,50,3.21,Clouds,overcast clouds
2026-08-02 20:10:15,Mumbai,Maharashtra,19.076,72.8777,158,158,,,,,,28.08,79,8.38,Rain,light rain
2026-08-02 20:10:15,Bangalore,Karnataka,12.9716,77.5946,53,53,27,2.9,11.2,4.1,5,23.71,79,5.86,Clouds,overcast clouds
2026-08-02 20:10:15,Kolkata,West Bengal,22.5726,88.3639,172,172,,,,,,29.4,80,4.74,Clouds,overcast clouds
2026-08-02 20:10:15,Chennai,Tamil Nadu,13.0827,80.2707,46,46,,,,,,30.7,76,2.24,Clouds,overcast clouds
2026-08-02 20:10:15,Hyderabad,Telangana,17.385,78.4867,93,93,,,,,,26.54,71,3.52,Clouds,overcast clouds
2026-08-02 20:10:15,Pune,Maharashtra,18.5204,73.8567,232,232,138,51,198,,61,24.49,75,3.63,Clouds,overcast clouds
2026-08-02 20:10:15,Lucknow,Uttar Pradesh,26.8467,80.9462,128,128,91,10.8,3,3.4,28.4,31.57,66,4.39,Clouds,overcast clouds
2026-08-02 20:10:15,Patna,Bihar,25.5941,85.1376,21,107,,1,0.5,0.6,20.9,34.62,51,2.67,Clouds,overcast clouds
2026-08-02 20:10:15,Ahmedabad,Gujarat,23.0225,72.5714,108,108,68,0.2,7.3,48.2,11.2,28.21,80,6.26,Rain,light rain
2026-08-02 20:10:15,Jaipur,Rajasthan,26.9124,75.7873,129,129,78,18.8,9.6,10.1,11.3,30.21,68,3.94,Rain,light rain
2026-08-02 20:10:15,Chandigarh,Chandigarh,30.7333,76.7794,49,13,9,1.9,3.2,2.6,48.8,30.69,66,3.95,Clouds,overcast clouds
2026-08-02 20:10:15,Bhopal,Madhya Pradesh,23.2599,77.4126,50,50,37,5,5.3,6.1,22,25.13,91,2.67,Rain,light rain
2026-08-02 20:10:15,Kanpur,Uttar Pradesh,26.4499,80.3319,150,150,86,6.3,9.9,0.4,5.4,33.46,55,1.78,Clouds,overcast clouds
2026-08-02 20:10:15,Guwahati,Assam,26.1445,91.7362,50,50,7,2.8,7.8,2.1,44.3,25.22,95,0.68,Rain,light rain
2026-08-02 20:10:15,Itanagar,Arunachal Pradesh,27.0844,93.6053,53,53,14,3.7,6.9,2.6,44.3,24.39,100,1.51,Rain,light rain
2026-08-02 20:10:15,Dispur,Assam,26.1433,91.7898,50,50,7,2.8,7.8,2.1,44.3,26.11,96,0.69,Clouds,overcast clouds
2026-08-02 20:10:15,Raipur,Chhattisgarh,21.2514,81.6296,113,113,90,3,3.4,0.5,16.8,29.21,74,4.9,Clouds,overcast clouds
2026-08-02 20:10:15,Gandhinagar,Gujarat,23.2156,72.6369,76,60,76,3.2,3.4,0.5,0.9,27.48,86,6.6,Rain,light rain
2026-08-02 20:10:15,Shimla,Himachal Pradesh,31.1048,77.1734,49,13,9,1.9,3.2,2.6,48.8,18.39,90,1.1,Clouds,few clouds
2026-08-02 20:10:15,Thiruvananthapuram,Kerala,8.5241,76.9366,54,54,,,,,,24.81,87,3.51,Clouds,overcast clouds
2026-08-02 20:10:15,Imphal,Manipur,24.817,93.9368,55,55,6,5.5,5.1,5.1,15.9,22.44,95,0.79,Clouds,overcast clouds
2026-08-02 20:10:15,Shillong,Meghalaya,25.5788,91.8933,50,50,7,2.8,7.8,2.1,44.3,18.75,98,2.14,Clouds,overcast clouds
2026-08-02 20:10:15,Aizawl,Mizoram,23.7271,92.7176,55,55,6,5.5,5.1,5.1,15.9,19.99,99,1.05,Clouds,broken clouds
2026-08-02 20:10:15,Kohima,Nagaland,25.6751,94.1086,55,55,6,5.5,5.1,5.1,15.9,19.19,98,0.96,Rain,light rain
2026-08-02 20:10:15,Gangtok,Sikkim,27.3389,88.6065,69,69,48,0.7,2.5,0.4,4.3,21.34,91,0.84,Rain,moderate rain
2026-08-02 20:10:15,Agartala,Tripura,23.8315,91.2868,114,114,68,3.5,6.3,2.9,5.8,26.55,89,3.98,Clouds,overcast clouds
2026-08-02 20:10:15,Dehradun,Uttarakhand,30.3165,78.0322,49,13,9,1.9,3.2,2.6,48.8,24.92,90,1.52,Rain,light rain
2026-08-02 20:10:15,Port Blair,Andaman and Nicobar Islands,11.6234,92.7265,26,26,,,1.2,1.1,,27.86,82,5.74,Clouds,overcast clouds
2026-08-02 20:10:15,Daman,Dadra and Nagar Haveli and Daman and Diu,20.3974,72.8328,89,89,64,,5.6,6.7,2.9,27.16,87,7.44,Rain,light rain
2026-08-02 20:10:15,Srinagar,Jammu and Kashmir,34.0837,74.7973,162,162,132,3.7,3.7,4.1,46.8,24.47,75,0.17,Clouds,few clouds
2026-08-02 20:10:15,Leh,Ladakh,34.1526,77.5771,49,13,9,1.9,3.2,2.6,48.8,19.85,45,1.81,Clouds,scattered clouds
2026-08-02 20:10:15,Puducherry,Puducherry,11.9416,79.8083,44,44,30,3.4,4.6,3.9,17.7,30.74,67,2.13,Clouds,overcast clouds
2026-08-02 21:36:40,Delhi,Delhi,28.6139,77.209,95,95,,,,,,34.02,50,3.25,Clouds,overcast clouds
2026-08-02 21:36:40,Mumbai,Maharashtra,19.076,72.8777,158,158,,,,,,28.14,79,7.92,Clouds,scattered clouds
2026-08-02 21:36:40,Bangalore,Karnataka,12.9716,77.5946,53,53,27,2.9,11.2,4.1,5,22.6,87,5.32,Rain,heavy intensity rain
2026-08-02 21:36:40,Kolkata,West Bengal,22.5726,88.3639,172,172,,,,,,29.07,82,4.43,Clouds,broken clouds
2026-08-02 21:36:40,Chennai,Tamil Nadu,13.0827,80.2707,46,46,,,,,,30.41,77,1.34,Clouds,overcast clouds
2026-08-02 21:36:40,Hyderabad,Telangana,17.385,78.4867,93,93,,,,,,26.23,73,3.36,Rain,light rain
2026-08-02 21:36:40,Pune,Maharashtra,18.5204,73.8567,232,232,138,51,198,,61,24.49,74,3.66,Clouds,overcast clouds
2026-08-02 21:36:40,Lucknow,Uttar Pradesh,26.8467,80.9462,128,128,91,10.8,3,3.4,28.4,31.37,66,4.01,Clouds,overcast clouds
2026-08-02 21:36:40,Patna,Bihar,25.5941,85.1376,21,107,,1,0.5,0.6,20.9,34.03,54,3.48,Clouds,overcast clouds
2026-08-02 21:36:40,Ahmedabad,Gujarat,23.0225,72.5714,108,108,68,0.2,7.3,48.2,11.2,27.74,81,5.72,Rain,light rain
2026-08-02 21:36:40,Jaipur,Rajasthan,26.9124,75.7873,129,129,78,18.8,9.6,10.1,11.3,29.62,72,4.51,Rain,moderate rain
2026-08-02 21:36:40,Chandigarh,Chandigarh,30.7333,76.7794,39,13,10,2.8,5.1,3.1,39,29.85,70,3.62,Clouds,overcast clouds
2026-08-02 21:36:40,Bhopal,Madhya Pradesh,23.2599,77.4126,50,50,37,5,5.3,6.1,22,24.98,92,2.88,Rain,light rain
2026-08-02 21:36:40,Kanpur,Uttar Pradesh,26.4499,80.3319,150,150,86,6.3,9.9,0.4,5.4,33.08,56,2.23,Rain,light rain
2026-08-02 21:36:40,Guwahati,Assam,26.1445,91.7362,45,30,10,2.8,5.5,2.1,44.7,25.24,95,0.86,Rain,moderate rain
2026-08-02 21:36:40,Itanagar,Arunachal Pradesh,27.0844,93.6053,44,34,10,2.8,6.9,2.6,43.5,24.4,98,1.21,Rain,light rain
2026-08-02 21:36:40,Dispur,Assam,26.1433,91.7898,45,30,10,2.8,5.5,2.1,44.7,26.15,96,0.96,Rain,moderate rain
2026-08-02 21:36:40,Raipur,Chhattisgarh,21.2514,81.6296,113,113,90,3,3.4,0.5,16.8,28.31,78,4.84,Clouds,overcast clouds
2026-08-02 21:36:40,Gandhinagar,Gujarat,23.2156,72.6369,76,60,76,3.2,3.4,0.5,0.9,27.4,86,6.19,Rain,light rain
2026-08-02 21:36:40,Shimla,Himachal Pradesh,31.1048,77.1734,39,13,10,2.8,5.1,3.1,39,18.13,90,1.26,Clouds,few clouds
2026-08-02 21:36:40,Thiruvananthapuram,Kerala,8.5241,76.9366,80,80,,,,,,24.7,88,3.28,Rain,light rain
2026-08-02 21:36:40,Imphal,Manipur,24.817,93.9368,63,63,25,6.4,3.7,5.1,7,22.1,96,0.77,Rain,light rain
2026-08-02 21:36:40,Shillong,Meghalaya,25.5788,91.8933,45,30,10,2.8,5.5,2.1,44.7,18.65,98,2.07,Clouds,overcast clouds
2026-08-02 21:36:40,Aizawl,Mizoram,23.7271,92.7176,63,63,25,6.4,3.7,5.1,7,19.81,99,1.23,Clouds,overcast clouds
2026-08-02 21:36:40,Kohima,Nagaland,25.6751,94.1086,63,63,25,6.4,3.7,5.1,7,19,98,1.2,Rain,light rain
2026-08-02 21:36:40,Gangtok,Sikkim,27.3389,88.6065,69,69,48,0.7,2.5,0.4,4.3,21.39,90,0.54,Rain,moderate rain
2026-08-02 21:36:40,Agartala,Tripura,23.8315,91.2868,114,114,68,3.5,6.3,2.9,5.8,26.39,91,3.83,Clouds,overcast clouds
2026-08-02 21:36:40,Dehradun,Uttarakhand,30.3165,78.0322,39,13,10,2.8,5.1,3.1,39,24.73,90,1.74,Rain,light rain
2026-08-02 21:36:40,Port Blair,Andaman and Nicobar Islands,11.6234,92.7265,26,26,,,1.2,1.1,,27.89,82,5.53,Clouds,overcast clouds
2026-08-02 21:36:40,Daman,Dadra and Nagar Haveli and Daman and Diu,20.3974,72.8328,89,89,64,,5.6,6.7,2.9,27.08,89,6.86,Rain,light rain
2026-08-02 21:36:40,Srinagar,Jammu and Kashmir,34.0837,74.7973,176,176,166,7.3,16.5,4.6,27.3,23.36,82,0.12,Rain,light rain
2026-08-02 21:36:40,Leh,Ladakh,34.1526,77.5771,39,13,10,2.8,5.1,3.1,39,19.76,45,1.5,Clouds,scattered clouds
2026-08-02 21:36:40,Puducherry,Puducherry,11.9416,79.8083,44,44,30,3.4,4.6,3.9,17.7,28.51,68,4.43,Clouds,overcast clouds
2026-08-02 23:05:04,Delhi,Delhi,28.6139,77.209,95,95,,,,,,33.71,52,3.53,Clouds,overcast clouds
2026-08-02 23:05:04,Mumbai,Maharashtra,19.076,72.8777,158,158,,,,,,28.13,79,7.65,Clouds,scattered clouds
2026-08-02 23:05:04,Bangalore,Karnataka,12.9716,77.5946,53,53,27,2.9,11.2,4.1,5,21.9,89,4.9,Clouds,overcast clouds
2026-08-02 23:05:04,Kolkata,West Bengal,22.5726,88.3639,172,172,,,,,,28.71,82,4.16,Rain,light rain
2026-08-02 23:05:04,Chennai,Tamil Nadu,13.0827,80.2707,46,46,,,,,,30.4,79,1.34,Clouds,overcast clouds
2026-08-02 23:05:04,Hyderabad,Telangana,17.385,78.4867,93,93,,,,,,26.3,73,4.25,Clouds,overcast clouds
2026-08-02 23:05:04,Pune,Maharashtra,18.5204,73.8567,232,232,138,51,198,,61,24.49,72,3.35,Clouds,overcast clouds
2026-08-02 23:05:04,Lucknow,Uttar Pradesh,26.8467,80.9462,128,128,91,10.8,3,3.4,28.4,31.18,66,3.41,Clouds,overcast clouds
2026-08-02 23:05:04,Patna,Bihar,25.5941,85.1376,21,107,,1,0.5,0.6,20.9,32.51,59,3.48,Clouds,overcast clouds
2026-08-02 23:05:04,Ahmedabad,Gujarat,23.0225,72.5714,108,108,68,0.2,7.3,48.2,11.2,27.31,83,5.4,Clouds,overcast clouds
2026-08-02 23:05:04,Jaipur,Rajasthan,26.9124,75.7873,129,129,78,18.8,9.6,10.1,11.3,29.22,76,3.31,Clouds,overcast clouds
2026-08-02 23:05:04,Chandigarh,Chandigarh,30.7333,76.7794,40,13,10,2.8,2.3,3.1,40.3,28.43,74,3.37,Clouds,broken clouds
2026-08-02 23:05:04,Bhopal,Madhya Pradesh,23.2599,77.4126,50,50,37,5,5.3,6.1,22,24.82,93,3.52,Clouds,overcast clouds
2026-08-02 23:05:04,Kanpur,Uttar Pradesh,26.4499,80.3319,150,150,86,6.3,9.9,0.4,5.4,32.33,60,3.29,Clouds,overcast clouds
2026-08-02 23:05:04,Guwahati,Assam,26.1445,91.7362,44,13,6,2.8,4.6,2.1,44.3,24.99,95,1.09,Rain,light rain
2026-08-02 23:05:04,Itanagar,Arunachal Pradesh,27.0844,93.6053,44,25,9,2.8,5.5,2.6,43.5,24.27,98,0.97,Rain,moderate rain
2026-08-02 23:05:04,Dispur,Assam,26.1433,91.7898,44,13,6,2.8,4.6,2.1,44.3,26.03,96,1.16,Rain,light rain
2026-08-02 23:05:04,Raipur,Chhattisgarh,21.2514,81.6296,113,113,90,3,3.4,0.5,16.8,27.57,81,4.22,Clouds,overcast clouds
2026-08-02 23:05:04,Gandhinagar,Gujarat,23.2156,72.6369,76,60,76,3.2,3.4,0.5,0.9,26.87,88,5.54,Clouds,overcast clouds
2026-08-02 23:05:04,Shimla,Himachal Pradesh,31.1048,77.1734,40,13,10,2.8,2.3,3.1,40.3,17.75,91,1.58,Clear,clear sky
2026-08-02 23:05:04,Thiruvananthapuram,Kerala,8.5241,76.9366,64,64,,,,,,24.22,91,3.58,Rain,light rain
2026-08-02 23:05:04,Imphal,Manipur,24.817,93.9368,53,53,18,5.5,4.2,5.1,6.1,21.54,97,0.75,Clouds,overcast clouds
2026-08-02 23:05:04,Shillong,Meghalaya,25.5788,91.8933,44,13,6,2.8,4.6,2.1,44.3,18.9,97,1.94,Clouds,overcast clouds
2026-08-02 23:05:04,Aizawl,Mizoram,23.7271,92.7176,17,13,17,0.6,0.5,5.8,2.3,19.39,99,1.1,Clouds,overcast clouds
2026-08-02 23:05:04,Kohima,Nagaland,25.6751,94.1086,53,53,18,5.5,4.2,5.1,6.1,18.56,98,1.07,Rain,light rain
2026-08-02 23:05:04,Gangtok,Sikkim,27.3389,88.6065,69,69,48,0.7,2.5,0.4,4.3,21.1,93,0.57,Rain,moderate rain
2026-08-02 23:05:04,Agartala,Tripura,23.8315,91.2868,114,114,68,3.5,6.3,2.9,5.8,26.07,93,3.34,Clouds,overcast clouds
2026-08-02 23:05:04,Dehradun,Uttarakhand,30.3165,78.0322,40,13,10,2.8,2.3,3.1,40.3,24.65,88,1.76,Rain,light rain
2026-08-02 23:05:04,Port Blair,Andaman and Nicobar Islands,11.6234,92.7265,26,26,,,1.2,1.1,,27.88,82,5.39,Clouds,overcast clouds
2026-08-02 23:05:04,Daman,Dadra and Nagar Haveli and Daman and Diu,20.3974,72.8328,89,89,64,,5.6,6.7,2.9,26.85,88,7.46,Rain,light rain
2026-08-02 23:05:04,Srinagar,Jammu and Kashmir,34.0837,74.7973,196,184,196,8.2,20.2,5.1,19.9,22.25,86,0.22,Rain,light rain
2026-08-02 23:05:04,Leh,Ladakh,34.1526,77.5771,40,13,10,2.8,2.3,3.1,40.3,19.2,50,0.68,Clouds,scattered clouds
2026-08-02 23:05:04,Puducherry,Puducherry,11.9416,79.8083,44,44,30,3.4,4.6,3.9,17.7,26.85,70,4.91,Clouds,overcast clouds
2026-08-03 00:51:01,Delhi,Delhi,28.6139,77.209,95,95,,,,,,32.71,56,3.61,Clouds,overcast clouds
2026-08-03 00:51:01,Mumbai,Maharashtra,19.076,72.8777,158,158,,,,,,28.06,79,7.06,Clouds,few clouds
2026-08-03 00:51:01,Bangalore,Karnataka,12.9716,77.5946,53,53,27,2.9,11.2,4.1,5,22.01,86,5.16,Clouds,broken clouds
2026-08-03 00:51:01,Kolkata,West Bengal,22.5726,88.3639,172,172,,,,,,28.24,83,3.4,Rain,light rain
2026-08-03 00:51:01,Chennai,Tamil Nadu,13.0827,80.2707,46,46,,,,,,30.04,79,1.34,Rain,light rain
2026-08-03 00:51:01,Hyderabad,Telangana,17.385,78.4867,93,93,,,,,,25.84,75,4.63,Clouds,overcast clouds
2026-08-03 00:51:01,Pune,Maharashtra,18.5204,73.8567,232,232,138,51,198,,61,23.94,78,2.97,Clouds,overcast clouds
2026-08-03 00:51:01,Lucknow,Uttar Pradesh,26.8467,80.9462,128,128,91,10.8,3,3.4,28.4,29.88,73,2.62,Rain,moderate rain
2026-08-03 00:51:01,Patna,Bihar,25.5941,85.1376,21,107,,1,0.5,0.6,20.9,32.23,62,1.91,Clouds,overcast clouds
2026-08-03 00:51:01,Ahmedabad,Gujarat,23.0225,72.5714,108,108,68,0.2,7.3,48.2,11.2,27.22,83,4.54,Clouds,overcast clouds
2026-08-03 00:51:01,Jaipur,Rajasthan,26.9124,75.7873,129,129,78,18.8,9.6,10.1,11.3,28.52,76,3.54,Clouds,overcast clouds
2026-08-03 00:51:01,Chandigarh,Chandigarh,30.7333,76.7794,47,13,6,1.9,1.4,3.6,47.2,28.2,74,2.61,Clear,clear sky
2026-08-03 00:51:01,Bhopal,Madhya Pradesh,23.2599,77.4126,50,50,37,5,5.3,6.1,22,24.64,91,3.81,Rain,light rain
2026-08-03 00:51:01,Kanpur,Uttar Pradesh,26.4499,80.3319,150,150,86,6.3,9.9,0.4,5.4,29.01,75,2.79,Rain,moderate rain
2026-08-03 00:51:01,Guwahati,Assam,26.1445,91.7362,45,30,6,2.8,2.8,2.1,45.1,24.7,96,1.06,Rain,light rain
2026-08-03 00:51:01,Itanagar,Arunachal Pradesh,27.0844,93.6053,44,25,6,2.8,4.2,2.6,43.9,23.98,99,1.23,Rain,moderate rain
2026-08-03 00:51:01,Dispur,Assam,26.1433,91.7898,45,30,6,2.8,2.8,2.1,45.1,25.75,96,1.09,Rain,moderate rain
2026-08-03 00:51:01,Raipur,Chhattisgarh,21.2514,81.6296,113,113,90,3,3.4,0.5,16.8,27.2,81,3.72,Clouds,overcast clouds
2026-08-03 00:51:01,Gandhinagar,Gujarat,23.2156,72.6369,76,60,76,3.2,3.4,0.5,0.9,26.75,88,4.29,Clouds,broken clouds
2026-08-03 00:51:01,Shimla,Himachal Pradesh,31.1048,77.1734,47,13,6,1.9,1.4,3.6,47.2,17.33,92,1.48,Clear,clear sky
2026-08-03 00:51:01,Thiruvananthapuram,Kerala,8.5241,76.9366,64,64,,,,,,24.48,90,3.73,Rain,light rain
2026-08-03 00:51:01,Imphal,Manipur,24.817,93.9368,38,38,9,5.5,2.3,5.1,7.4,21.4,98,0.67,Clouds,overcast clouds
2026-08-03 00:51:01,Shillong,Meghalaya,25.5788,91.8933,45,30,6,2.8,2.8,2.1,45.1,18.83,97,2.08,Clouds,overcast clouds
2026-08-03 00:51:01,Aizawl,Mizoram,23.7271,92.7176,17,13,17,0.6,0.5,5.8,2.3,19.09,99,1.13,Clouds,overcast clouds
2026-08-03 00:51:01,Kohima,Nagaland,25.6751,94.1086,38,38,9,5.5,2.3,5.1,7.4,18.53,98,0.9,Rain,light rain
2026-08-03 00:51:01,Gangtok,Sikkim,27.3389,88.6065,69,69,48,0.7,2.5,0.4,4.3,20.96,94,0.69,Rain,light rain
2026-08-03 00:51:01,Agartala,Tripura,23.8315,91.2868,114,114,68,3.5,6.3,2.9,5.8,25.86,94,3.3,Clouds,overcast clouds
2026-08-03 00:51:01,Dehradun,Uttarakhand,30.3165,78.0322,47,13,6,1.9,1.4,3.6,47.2,24.24,90,1.4,Rain,light rain
2026-08-03 00:51:01,Port Blair,Andaman and Nicobar Islands,11.6234,92.7265,64,64,,,,,,27.73,83,5.21,Clouds,overcast clouds
2026-08-03 00:51:01,Daman,Dadra and Nagar Haveli and Daman and Diu,20.3974,72.8328,89,89,64,,5.6,6.7,2.9,26.84,87,6.41,Rain,light rain
2026-08-03 00:51:01,Srinagar,Jammu and Kashmir,34.0837,74.7973,178,178,163,6.4,12.4,5.1,20.4,22.25,86,1.43,Rain,moderate rain
2026-08-03 00:51:01,Leh,Ladakh,34.1526,77.5771,47,13,6,1.9,1.4,3.6,47.2,19.01,51,1.17,Clouds,scattered clouds
2026-08-03 00:51:01,Puducherry,Puducherry,11.9416,79.8083,44,44,30,3.4,4.6,3.9,17.7,26.29,72,6.03,Clouds,overcast clouds
2026-08-03 02:00:05,Delhi,Delhi,28.6139,77.209,95,95,,,,,,32.27,59,3.86,Clouds,overcast clouds
2026-08-03 02:00:05,Mumbai,Maharashtra,19.076,72.8777,158,158,,,,,,27.97,79,7.1,Rain,light rain
2026-08-03 02:00:05,Bangalore,Karnataka,12.9716,77.5946,53,53,27,2.9,11.2,4.1,5,21.97,86,5.07,Clouds,broken clouds
2026-08-03 02:00:05,Kolkata,West Bengal,22.5726,88.3639,172,172,,,,,,28.32,81,3.44,Rain,light rain
2026-08-03 02:00:05,Chennai,Tamil Nadu,13.0827,80.2707,46,46,,,,,,30.04,77,1.34,Rain,light rain
2026-08-03 02:00:05,Hyderabad,Telangana,17.385,78.4867,93,93,,,,,,25.25,77,5.71,Clouds,broken clouds
2026-08-03 02:00:05,Pune,Maharashtra,18.5204,73.8567,232,232,138,51,198,,61,23.38,79,2.98,Clouds,overcast clouds
2026-08-03 02:00:05,Lucknow,Uttar Pradesh,26.8467,80.9462,128,128,91,10.8,3,3.4,28.4,30.21,72,2.26,Rain,moderate rain
2026-08-03 02:00:05,Patna,Bihar,25.5941,85.1376,21,107,,1,0.5,0.6,20.9,31.4,67,1.99,Rain,light rain
2026-08-03 02:00:05,Ahmedabad,Gujarat,23.0225,72.5714,108,108,68,0.2,7.3,48.2,11.2,26.83,85,4.52,Clouds,overcast clouds
2026-08-03 02:00:05,Jaipur,Rajasthan,26.9124,75.7873,129,129,78,18.8,9.6,10.1,11.3,27.82,79,4.08,Rain,moderate rain
2026-08-03 02:00:05,Chandigarh,Chandigarh,30.7333,76.7794,46,13,6,1.9,1.4,3.1,45.9,27.53,76,2.61,Clear,clear sky
2026-08-03 02:00:05,Bhopal,Madhya Pradesh,23.2599,77.4126,50,50,37,5,5.3,6.1,22,23.87,90,4.37,Clouds,broken clouds
2026-08-03 02:00:05,Kanpur,Uttar Pradesh,26.4499,80.3319,150,150,86,6.3,9.9,0.4,5.4,28.07,81,1.51,Rain,moderate rain
2026-08-03 02:00:05,Guwahati,Assam,26.1445,91.7362,46,25,6,2.8,3.2,2.1,45.9,24.14,96,0.92,Rain,moderate rain
2026-08-03 02:00:05,Itanagar,Arunachal Pradesh,27.0844,93.6053,44,25,6,2.8,4.2,2.6,43.9,24.1,97,0.92,Rain,light rain
2026-08-03 02:00:05,Dispur,Assam,26.1433,91.7898,46,25,6,2.8,3.2,2.1,45.9,25.23,96,0.96,Rain,moderate rain
2026-08-03 02:00:05,Raipur,Chhattisgarh,21.2514,81.6296,113,113,90,3,3.4,0.5,16.8,26.68,84,3.49,Rain,light rain
2026-08-03 02:00:05,Gandhinagar,Gujarat,23.2156,72.6369,76,60,76,3.2,3.4,0.5,0.9,26,90,4.4,Clouds,overcast clouds
2026-08-03 02:00:05,Shimla,Himachal Pradesh,31.1048,77.1734,46,13,6,1.9,1.4,3.1,45.9,17.05,92,1.35,Clear,clear sky
2026-08-03 02:00:05,Thiruvananthapuram,Kerala,8.5241,76.9366,36,36,,,,,,24.26,90,4.11,Rain,light rain
2026-08-03 02:00:05,Imphal,Manipur,24.817,93.9368,25,25,7,4.6,2.8,5.1,7,21.21,98,0.78,Clouds,overcast clouds
2026-08-03 02:00:05,Shillong,Meghalaya,25.5788,91.8933,46,25,6,2.8,3.2,2.1,45.9,19.02,98,2.01,Clouds,overcast clouds
2026-08-03 02:00:05,Aizawl,Mizoram,23.7271,92.7176,17,13,17,0.6,0.5,5.8,2.3,21.05,99,0.95,Clouds,overcast clouds
2026-08-03 02:00:05,Kohima,Nagaland,25.6751,94.1086,25,25,7,4.6,2.8,5.1,7,18.16,98,0.77,Rain,light rain
2026-08-03 02:00:05,Gangtok,Sikkim,27.3389,88.6065,69,69,48,0.7,2.5,0.4,4.3,20.87,94,0.66,Rain,light rain
2026-08-03 02:00:05,Agartala,Tripura,23.8315,91.2868,114,114,68,3.5,6.3,2.9,5.8,25.54,95,3.37,Clouds,overcast clouds
2026-08-03 02:00:05,Dehradun,Uttarakhand,30.3165,78.0322,46,13,6,1.9,1.4,3.1,45.9,23.95,90,0.99,Clouds,overcast clouds
2026-08-03 02:00:05,Port Blair,Andaman and Nicobar Islands,11.6234,92.7265,36,36,,,,,,27.65,83,4.75,Clouds,overcast clouds
2026-08-03 02:00:05,Daman,Dadra and Nagar Haveli and Daman and Diu,20.3974,72.8328,89,89,64,,5.6,6.7,2.9,26.72,87,6.86,Rain,light rain
2026-08-03 02:00:05,Srinagar,Jammu and Kashmir,34.0837,74.7973,171,171,162,6.4,14.7,4.1,13.9,21.7,89,1.15,Clouds,overcast clouds
2026-08-03 02:00:05,Leh,Ladakh,34.1526,77.5771,46,13,6,1.9,1.4,3.1,45.9,18.18,52,2.21,Clouds,scattered clouds
2026-08-03 02:00:05,Puducherry,Puducherry,11.9416,79.8083,44,44,30,3.4,4.6,3.9,17.7,27.4,70,5.35,Rain,light rain
2026-08-03 03:00:14,Delhi,Delhi,28.6139,77.209,95,95,,,,,,31.48,62,3.34,Clouds,overcast clouds
2026-08-03 03:00:14,Mumbai,Maharashtra,19.076,72.8777,158,158,,,,,,28.16,77,8.04,Rain,light rain
2026-08-03 03:00:14,Bangalore,Karnataka,12.9716,77.5946,53,53,27,2.9,11.2,4.1,5,21.97,86,0.45,Clouds,overcast clouds
2026-08-03 03:00:14,Kolkata,West Bengal,22.5726,88.3639,172,172,,,,,,28.2,83,2.83,Clouds,overcast clouds
2026-08-03 03:00:14,Chennai,Tamil Nadu,13.0827,80.2707,46,46,,,,,,29.01,79,1.79,Rain,light rain
2026-08-03 03:00:14,Hyderabad,Telangana,17.385,78.4867,93,93,,,,,,24.89,80,5.75,Clouds,broken clouds
2026-08-03 03:00:14,Pune,Maharashtra,18.5204,73.8567,232,232,138,51,198,,61,23.38,82,2.83,Clouds,overcast clouds
2026-08-03 03:00:14,Lucknow,Uttar Pradesh,26.8467,80.9462,128,128,91,10.8,3,3.4,28.4,29.79,74,2.47,Clouds,overcast clouds
2026-08-03 03:00:14,Patna,Bihar,25.5941,85.1376,21,107,,1,0.5,0.6,20.9,30.95,68,2.15,Rain,light rain
2026-08-03 03:00:14,Ahmedabad,Gujarat,23.0225,72.5714,108,108,68,0.2,7.3,48.2,11.2,26.61,85,4.65,Clouds,overcast clouds
2026-08-03 03:00:14,Jaipur,Rajasthan,26.9124,75.7873,129,129,78,18.8,9.6,10.1,11.3,27.68,79,4.52,Rain,moderate rain
2026-08-03 03:00:14,Chandigarh,Chandigarh,30.7333,76.7794,42,13,6,1.9,1.4,3.1,42.3,27.28,77,3.03,Clear,clear sky
2026-08-03 03:00:14,Bhopal,Madhya Pradesh,23.2599,77.4126,50,50,37,5,5.3,6.1,22,23.58,92,4.07,Clouds,broken clouds
2026-08-03 03:00:14,Kanpur,Uttar Pradesh,26.4499,80.3319,150,150,86,6.3,9.9,0.4,5.4,28.14,82,2.01,Rain,moderate rain
2026-08-03 03:00:14,Guwahati,Assam,26.1445,91.7362,47,25,6,2.8,2.3,2.6,46.8,23.87,96,0.9,Rain,light rain
2026-08-03 03:00:14,Itanagar,Arunachal Pradesh,27.0844,93.6053,44,13,6,1.9,3.7,2.6,44.3,23.9,98,0.76,Clouds,overcast clouds
2026-08-03 03:00:14,Dispur,Assam,26.1433,91.7898,47,25,6,2.8,2.3,2.6,46.8,24.96,97,0.96,Rain,moderate rain
2026-08-03 03:00:14,Raipur,Chhattisgarh,21.2514,81.6296,113,113,90,3,3.4,0.5,16.8,26.36,85,3.7,Clouds,overcast clouds
2026-08-03 03:00:14,Gandhinagar,Gujarat,23.2156,72.6369,76,60,76,3.2,3.4,0.5,0.9,25.99,89,4.47,Clouds,overcast clouds
2026-08-03 03:00:14,Shimla,Himachal Pradesh,31.1048,77.1734,42,13,6,1.9,1.4,3.1,42.3,16.94,92,1.45,Clear,clear sky
2026-08-03 03:00:14,Thiruvananthapuram,Kerala,8.5241,76.9366,59,59,,,,,,24.14,91,3.85,Rain,light rain
2026-08-03 03:00:14,Imphal,Manipur,24.817,93.9368,13,13,6,4.6,2.3,5.6,7.4,21.37,98,0.8,Clouds,overcast clouds
2026-08-03 03:00:14,Shillong,Meghalaya,25.5788,91.8933,47,25,6,2.8,2.3,2.6,46.8,19.03,98,2.02,Clouds,overcast clouds
2026-08-03 03:00:14,Aizawl,Mizoram,23.7271,92.7176,17,13,17,0.6,0.5,5.8,2.3,18.69,99,0.83,Clouds,overcast clouds
2026-08-03 03:00:14,Kohima,Nagaland,25.6751,94.1086,13,13,6,4.6,2.3,5.6,7.4,18,97,1.06,Clouds,overcast clouds
2026-08-03 03:00:14,Gangtok,Sikkim,27.3389,88.6065,69,69,48,0.7,2.5,0.4,4.3,20.85,94,0.57,Rain,light rain
2026-08-03 03:00:14,Agartala,Tripura,23.8315,91.2868,114,114,68,3.5,6.3,2.9,5.8,25.36,95,3.24,Clouds,overcast clouds
2026-08-03 03:00:14,Dehradun,Uttarakhand,30.3165,78.0322,42,13,6,1.9,1.4,3.1,42.3,23.81,90,1.04,Clouds,overcast clouds
2026-08-03 03:00:14,Port Blair,Andaman and Nicobar Islands,11.6234,92.7265,59,59,,,,,,27.6,82,4.78,Clouds,overcast clouds
2026-08-03 03:00:14,Daman,Dadra and Nagar Haveli and Daman and Diu,20.3974,72.8328,89,89,64,,5.6,6.7,2.9,26.74,87,7.35,Rain,moderate rain
2026-08-03 03:00:14,Srinagar,Jammu and Kashmir,34.0837,74.7973,168,168,147,5.5,9.6,3.6,16.3,21.7,88,0.14,Rain,moderate rain
2026-08-03 03:00:14,Leh,Ladakh,34.1526,77.5771,42,13,6,1.9,1.4,3.1,42.3,17.53,53,2.57,Clouds,broken clouds
2026-08-03 03:00:14,Puducherry,Puducherry,11.9416,79.8083,44,44,30,3.4,4.6,3.9,17.7,26.29,70,5.35,Rain,light rain
2026-08-03 04:30:51,Delhi,Delhi,28.6139,77.209,95,95,,,,,,31.18,64,3.14,Clouds,overcast clouds
2026-08-03 04:30:51,Mumbai,Maharashtra,19.076,72.8777,158,158,,,,,,28.03,78,8.84,Rain,moderate rain
2026-08-03 04:30:51,Bangalore,Karnataka,12.9716,77.5946,53,53,27,2.9,11.2,4.1,5,21.45,88,4.52,Clouds,overcast clouds
2026-08-03 04:30:51,Kolkata,West Bengal,22.5726,88.3639,172,172,,,,,,28.1,83,2.54,Clouds,overcast clouds
2026-08-03 04:30:51,Chennai,Tamil Nadu,13.0827,80.2707,46,46,,,,,,26.89,89,0.89,Rain,light rain
2026-08-03 04:30:51,Hyderabad,Telangana,17.385,78.4867,93,93,,,,,,24.61,82,5.49,Clouds,broken clouds
2026-08-03 04:30:51,Pune,Maharashtra,18.5204,73.8567,232,232,138,51,198,,61,23.38,83,2.56,Clouds,overcast clouds
2026-08-03 04:30:51,Lucknow,Uttar Pradesh,26.8467,80.9462,128,128,91,10.8,3,3.4,28.4,29.54,76,2.54,Rain,light rain
2026-08-03 04:30:51,Patna,Bihar,25.5941,85.1376,21,107,,1,0.5,0.6,20.9,30.98,68,2.37,Clouds,overcast clouds
2026-08-03 04:30:51,Ahmedabad,Gujarat,23.0225,72.5714,108,108,68,0.2,7.3,48.2,11.2,26.39,86,4.76,Clouds,overcast clouds
2026-08-03 04:30:51,Jaipur,Rajasthan,26.9124,75.7873,129,129,78,18.8,9.6,10.1,11.3,27.4,81,3.97,Clouds,overcast clouds
2026-08-03 04:30:51,Chandigarh,Chandigarh,30.7333,76.7794,43,13,6,1.9,0.5,3.1,42.7,26.74,80,3.21,Clear,clear sky
2026-08-03 04:30:51,Bhopal,Madhya Pradesh,23.2599,77.4126,50,50,37,5,5.3,6.1,22,23.35,93,3.98,Clouds,broken clouds
2026-08-03 04:30:51,Kanpur,Uttar Pradesh,26.4499,80.3319,150,150,86,6.3,9.9,0.4,5.4,28.12,81,2.37,Rain,moderate rain
2026-08-03 04:30:51,Guwahati,Assam,26.1445,91.7362,45,13,6,2.8,1.9,2.6,45.1,23.76,96,0.73,Rain,light rain
2026-08-03 04:30:51,Itanagar,Arunachal Pradesh,27.0844,93.6053,44,13,6,1,2.8,2.6,43.5,23.95,98,0.7,Clouds,overcast clouds
2026-08-03 04:30:51,Dispur,Assam,26.1433,91.7898,45,13,6,2.8,1.9,2.6,45.1,24.85,97,0.78,Rain,light rain
2026-08-03 04:30:51,Raipur,Chhattisgarh,21.2514,81.6296,113,113,90,3,3.4,0.5,16.8,26.14,86,3.64,Clouds,overcast clouds
2026-08-03 04:30:51,Gandhinagar,Gujarat,23.2156,72.6369,76,60,76,3.2,3.4,0.5,0.9,25.95,89,4.37,Clouds,overcast clouds
2026-08-03 04:30:51,Shimla,Himachal Pradesh,31.1048,77.1734,43,13,6,1.9,0.5,3.1,42.7,15.6,91,1.49,Clear,clear sky
2026-08-03 04:30:51,Thiruvananthapuram,Kerala,8.5241,76.9366,67,67,,,,,,23.94,92,3.72,Rain,light rain
2026-08-03 04:30:51,Imphal,Manipur,24.817,93.9368,38,38,7,4.6,1.9,5.6,8.2,21.41,98,0.7,Clouds,overcast clouds
2026-08-03 04:30:51,Shillong,Meghalaya,25.5788,91.8933,45,13,6,2.8,1.9,2.6,45.1,18.99,97,1.97,Clouds,overcast clouds
2026-08-03 04:30:51,Aizawl,Mizoram,23.7271,92.7176,17,13,17,0.6,0.5,5.8,2.3,18.59,99,0.8,Clouds,overcast clouds
2026-08-03 04:30:51,Kohima,Nagaland,25.6751,94.1086,38,38,7,4.6,1.9,5.6,8.2,17.98,97,0.88,Clouds,overcast clouds
2026-08-03 04:30:51,Gangtok,Sikkim,27.3389,88.6065,69,69,48,0.7,2.5,0.4,4.3,20.82,94,0.43,Clouds,overcast clouds
2026-08-03 04:30:51,Agartala,Tripura,23.8315,91.2868,114,114,68,3.5,6.3,2.9,5.8,25.25,96,3.23,Clouds,overcast clouds
2026-08-03 04:30:51,Dehradun,Uttarakhand,30.3165,78.0322,43,13,6,1.9,0.5,3.1,42.7,23.65,90,1.22,Rain,light rain
2026-08-03 04:30:51,Port Blair,Andaman and Nicobar Islands,11.6234,92.7265,67,67,,,,,,27.7,82,5.21,Clouds,overcast clouds
2026-08-03 04:30:51,Daman,Dadra and Nagar Haveli and Daman and Diu,20.3974,72.8328,89,89,64,,5.6,6.7,2.9,26.91,87,6.59,Rain,moderate rain
2026-08-03 04:30:51,Srinagar,Jammu and Kashmir,34.0837,74.7973,165,165,140,5.5,11.9,3.6,9.4,20.59,91,0.33,Rain,light rain
2026-08-03 04:30:51,Leh,Ladakh,34.1526,77.5771,43,13,6,1.9,0.5,3.1,42.7,17.08,53,2.68,Clouds,broken clouds
2026-08-03 04:30:51,Puducherry,Puducherry,11.9416,79.8083,44,44,30,3.4,4.6,3.9,17.7,26.29,67,4.44,Clouds,overcast clouds
2026-08-03 06:38:16,Delhi,Delhi,28.6139,77.209,95,95,,,,,,30.33,68,3.61,Clouds,broken clouds
2026-08-03 06:38:16,Mumbai,Maharashtra,19.076,72.8777,158,158,,,,,,27.79,80,8.83,Rain,light rain
2026-08-03 06:38:16,Bangalore,Karnataka,12.9716,77.5946,53,53,27,2.9,11.2,4.1,5,21.42,88,4.69,Clouds,overcast clouds
2026-08-03 06:38:16,Kolkata,West Bengal,22.5726,88.3639,172,172,,,,,,29.01,78,2.13,Clouds,overcast clouds
2026-08-03 06:38:16,Chennai,Tamil Nadu,13.0827,80.2707,46,46,,,,,,27.13,88,0.89,Rain,light rain
2026-08-03 06:38:16,Hyderabad,Telangana,17.385,78.4867,93,93,,,,,,24.3,85,5.1,Clouds,overcast clouds
2026-08-03 06:38:16,Pune,Maharashtra,18.5204,73.8567,232,232,138,51,198,,61,23.38,87,2.53,Clouds,overcast clouds
2026-08-03 06:38:16,Lucknow,Uttar Pradesh,26.8467,80.9462,128,128,91,10.8,3,3.4,28.4,29.2,79,2.26,Rain,moderate rain
2026-08-03 06:38:16,Patna,Bihar,25.5941,85.1376,21,107,,1,0.5,0.6,20.9,31.46,67,2.2,Clouds,overcast clouds
2026-08-03 06:38:16,Ahmedabad,Gujarat,23.0225,72.5714,108,108,68,0.2,7.3,48.2,11.2,26.36,87,4.61,Clouds,overcast clouds
2026-08-03 06:38:16,Jaipur,Rajasthan,26.9124,75.7873,129,129,78,18.8,9.6,10.1,11.3,27.54,80,2.78,Rain,heavy intensity rain
2026-08-03 06:38:16,Chandigarh,Chandigarh,30.7333,76.7794,42,13,6,1.9,1,3.1,41.9,26.68,82,2.56,Clear,clear sky
2026-08-03 06:38:16,Bhopal,Madhya Pradesh,23.2599,77.4126,50,50,37,5,5.3,6.1,22,23.42,95,3.51,Clouds,broken clouds
2026-08-03 06:38:16,Kanpur,Uttar Pradesh,26.4499,80.3319,150,150,86,6.3,9.9,0.4,5.4,29.19,78,0.51,Rain,light rain
2026-08-03 06:38:16,Guwahati,Assam,26.1445,91.7362,40,13,6,2.8,4.6,2.1,39.8,25.25,92,0.43,Clouds,overcast clouds
2026-08-03 06:38:16,Itanagar,Arunachal Pradesh,27.0844,93.6053,42,13,6,1.9,3.7,2.1,41.5,24.74,99,0.67,Clouds,overcast clouds
2026-08-03 06:38:16,Dispur,Assam,26.1433,91.7898,40,13,6,2.8,4.6,2.1,39.8,26.25,93,0.52,Rain,light rain
2026-08-03 06:38:16,Raipur,Chhattisgarh,21.2514,81.6296,113,113,90,3,3.4,0.5,16.8,26.13,87,3.57,Clouds,overcast clouds
2026-08-03 06:38:16,Gandhinagar,Gujarat,23.2156,72.6369,76,60,76,3.2,3.4,0.5,0.9,25.89,91,4.77,Clouds,overcast clouds
2026-08-03 06:38:16,Shimla,Himachal Pradesh,31.1048,77.1734,42,13,6,1.9,1,3.1,41.9,17.39,90,1.31,Clear,clear sky
2026-08-03 06:38:16,Thiruvananthapuram,Kerala,8.5241,76.9366,53,53,,,,,,23.9,93,3.66,Rain,light rain
2026-08-03 06:38:16,Imphal,Manipur,24.817,93.9368,30,30,9,4.6,2.8,6.6,7.4,22.06,98,0.76,Rain,light rain
2026-08-03 06:38:16,Shillong,Meghalaya,25.5788,91.8933,40,13,6,2.8,4.6,2.1,39.8,19.73,95,1.82,Clouds,overcast clouds
2026-08-03 06:38:16,Aizawl,Mizoram,23.7271,92.7176,17,13,17,0.6,0.5,5.8,2.3,20.33,97,0.51,Clouds,overcast clouds
2026-08-03 06:38:16,Kohima,Nagaland,25.6751,94.1086,30,30,9,4.6,2.8,6.6,7.4,19.05,97,0.71,Rain,light rain
2026-08-03 06:38:16,Gangtok,Sikkim,27.3389,88.6065,69,69,48,0.7,2.5,0.4,4.3,20.84,96,0.4,Rain,moderate rain
2026-08-03 06:38:16,Agartala,Tripura,23.8315,91.2868,114,114,68,3.5,6.3,2.9,5.8,26.74,90,3.78,Clouds,overcast clouds
2026-08-03 06:38:16,Dehradun,Uttarakhand,30.3165,78.0322,42,13,6,1.9,1,3.1,41.9,24.23,88,1.33,Clouds,few clouds
2026-08-03 06:38:16,Port Blair,Andaman and Nicobar Islands,11.6234,92.7265,38,38,,,5.8,0.6,,28.1,81,4.72,Clouds,overcast clouds
2026-08-03 06:38:16,Daman,Dadra and Nagar Haveli and Daman and Diu,20.3974,72.8328,89,89,64,,5.6,6.7,2.9,26.7,88,7.08,Rain,moderate rain
2026-08-03 06:38:16,Srinagar,Jammu and Kashmir,34.0837,74.7973,160,160,125,4.6,8.3,4.1,11.4,20.59,86,0.67,Clear,clear sky
2026-08-03 06:38:16,Leh,Ladakh,34.1526,77.5771,42,13,6,1.9,1,3.1,41.9,17.27,51,2.5,Clouds,overcast clouds
2026-08-03 06:38:16,Puducherry,Puducherry,11.9416,79.8083,44,44,30,3.4,4.6,3.9,17.7,26.85,64,5.76,Clouds,overcast clouds
2026-08-03 10:37:12,Delhi,Delhi,28.6139,77.209,95,95,,,,,,35.05,49,4.39,Clouds,broken clouds
2026-08-03 10:37:12,Mumbai,Maharashtra,19.076,72.8777,158,158,,,,,,29.08,76,8.5,Clouds,broken clouds
2026-08-03 10:37:12,Bangalore,Karnataka,12.9716,77.5946,53,53,27,2.9,11.2,4.1,5,25.79,71,1.34,Clouds,overcast clouds
2026-08-03 10:37:12,Kolkata,West Bengal,22.5726,88.3639,172,172,,,,,,33.81,58,3.3,Clouds,broken clouds
2026-08-03 10:37:12,Chennai,Tamil Nadu,13.0827,80.2707,46,46,,,,,,31.45,74,0.89,Clouds,overcast clouds
2026-08-03 10:37:12,Hyderabad,Telangana,17.385,78.4867,93,93,,,,,,28.43,64,6.55,Clouds,overcast clouds
2026-08-03 10:37:12,Pune,Maharashtra,18.5204,73.8567,232,232,138,51,198,,61,25.74,43,4.13,Clouds,overcast clouds
2026-08-03 10:37:12,Lucknow,Uttar Pradesh,26.8467,80.9462,128,128,91,10.8,3,3.4,28.4,34.35,54,2.5,Rain,light rain
2026-08-03 10:37:12,Patna,Bihar,25.5941,85.1376,21,107,,1,0.5,0.6,20.9,35.18,52,2.38,Clouds,broken clouds
2026-08-03 10:37:12,Ahmedabad,Gujarat,23.0225,72.5714,108,108,68,0.2,7.3,48.2,11.2,30.18,67,5,Clouds,overcast clouds
2026-08-03 10:37:12,Jaipur,Rajasthan,26.9124,75.7873,129,129,78,18.8,9.6,10.1,11.3,24.95,96,4.55,Rain,heavy intensity rain
2026-08-03 10:37:12,Chandigarh,Chandigarh,30.7333,76.7794,42,13,8,1.9,1.4,3.6,41.9,33.13,56,4.75,Clear,clear sky
2026-08-03 10:37:12,Bhopal,Madhya Pradesh,23.2599,77.4126,50,50,37,5,5.3,6.1,22,25.51,87,4.93,Clouds,overcast clouds
2026-08-03 10:37:12,Kanpur,Uttar Pradesh,26.4499,80.3319,150,150,86,6.3,9.9,0.4,5.4,33.52,58,3.04,Clouds,overcast clouds
2026-08-03 10:37:12,Guwahati,Assam,26.1445,91.7362,44,13,6,2.8,6,2.1,43.5,29.35,78,1.77,Clouds,overcast clouds
2026-08-03 10:37:12,Itanagar,Arunachal Pradesh,27.0844,93.6053,45,13,7,2.8,5.1,2.6,45.1,27.12,92,0.86,Rain,light rain
2026-08-03 10:37:12,Dispur,Assam,26.1433,91.7898,44,13,6,2.8,6,2.1,43.5,30.18,80,1.76,Clouds,overcast clouds
2026-08-03 10:37:12,Raipur,Chhattisgarh,21.2514,81.6296,113,113,90,3,3.4,0.5,16.8,31.35,61,4.69,Clouds,overcast clouds
2026-08-03 10:37:12,Gandhinagar,Gujarat,23.2156,72.6369,76,60,76,3.2,3.4,0.5,0.9,29.69,74,5.84,Rain,light rain
2026-08-03 10:37:12,Shimla,Himachal Pradesh,31.1048,77.1734,42,13,8,1.9,1.4,3.6,41.9,22.73,73,2.07,Clear,clear sky
2026-08-03 10:37:12,Thiruvananthapuram,Kerala,8.5241,76.9366,34,34,,,,,,25.07,89,3.89,Rain,light rain
2026-08-03 10:37:12,Imphal,Manipur,24.817,93.9368,46,46,16,5.5,4.2,10.7,9.8,24.98,86,0.36,Clouds,overcast clouds
2026-08-03 10:37:12,Shillong,Meghalaya,25.5788,91.8933,44,13,6,2.8,6,2.1,43.5,24.05,77,1.08,Rain,light rain
2026-08-03 10:37:12,Aizawl,Mizoram,23.7271,92.7176,17,13,17,0.6,0.5,5.8,2.3,26.17,69,0.82,Rain,light rain
2026-08-03 10:37:12,Kohima,Nagaland,25.6751,94.1086,46,46,16,5.5,4.2,10.7,9.8,21.48,91,0.11,Rain,light rain
2026-08-03 10:37:12,Gangtok,Sikkim,27.3389,88.6065,69,69,48,0.7,2.5,0.4,4.3,22.43,93,0.62,Rain,light rain
2026-08-03 10:37:12,Agartala,Tripura,23.8315,91.2868,114,114,68,3.5,6.3,2.9,5.8,30.22,76,3.73,Clouds,overcast clouds
2026-08-03 10:37:12,Dehradun,Uttarakhand,30.3165,78.0322,42,13,8,1.9,1.4,3.6,41.9,29.48,71,1.99,Rain,light rain
2026-08-03 10:37:12,Port Blair,Andaman and Nicobar Islands,11.6234,92.7265,36,36,,,8.7,0.6,,29.25,76,5.38,Clouds,broken clouds
2026-08-03 10:37:12,Daman,Dadra and Nagar Haveli and Daman and Diu,20.3974,72.8328,89,89,64,,5.6,6.7,2.9,27.98,84,6.99,Rain,light rain
2026-08-03 10:37:12,Srinagar,Jammu and Kashmir,34.0837,74.7973,154,154,127,3.7,4.6,3.6,38.2,25.06,69,0.64,Clear,clear sky
2026-08-03 10:37:12,Leh,Ladakh,34.1526,77.5771,42,13,8,1.9,1.4,3.6,41.9,20.49,39,1.39,Clouds,broken clouds
2026-08-03 10:37:12,Puducherry,Puducherry,11.9416,79.8083,44,44,30,3.4,4.6,3.9,17.7,33.51,51,4.89,Clouds,overcast clouds
2026-08-03 14:19:14,Delhi,Delhi,28.6139,77.209,95,95,,,,,,35.76,46,4.63,Clouds,overcast clouds
2026-08-03 14:19:14,Mumbai,Maharashtra,19.076,72.8777,158,158,,,,,,28.95,77,7.39,Clouds,scattered clouds
2026-08-03 14:19:14,Bangalore,Karnataka,12.9716,77.5946,53,53,27,2.9,11.2,4.1,5,26.38,71,0.45,Clouds,overcast clouds
2026-08-03 14:19:14,Kolkata,West Bengal,22.5726,88.3639,172,172,,,,,,32.79,100,3.94,Clouds,overcast clouds
2026-08-03 14:19:14,Chennai,Tamil Nadu,13.0827,80.2707,46,46,,,,,,35.89,58,0.89,Clouds,overcast clouds
2026-08-03 14:19:14,Hyderabad,Telangana,17.385,78.4867,93,93,,,,,,31.8,50,6.48,Clouds,overcast clouds
2026-08-03 14:19:14,Pune,Maharashtra,18.5204,73.8567,232,232,138,51,198,,61,25.74,44,5.53,Clouds,overcast clouds
2026-08-03 14:19:14,Lucknow,Uttar Pradesh,26.8467,80.9462,128,128,91,10.8,3,3.4,28.4,36.17,49,3.52,Clouds,overcast clouds
2026-08-03 14:19:14,Patna,Bihar,25.5941,85.1376,21,107,,1,0.5,0.6,20.9,37.68,43,1.38,Rain,moderate rain
2026-08-03 14:19:14,Ahmedabad,Gujarat,23.0225,72.5714,108,108,68,0.2,7.3,48.2,11.2,33.59,53,6.11,Clouds,broken clouds
2026-08-03 14:19:14,Jaipur,Rajasthan,26.9124,75.7873,129,129,78,18.8,9.6,10.1,11.3,27.47,75,2.77,Clouds,overcast clouds
2026-08-03 14:19:14,Chandigarh,Chandigarh,30.7333,76.7794,44,13,10,1.9,1.4,3.1,43.9,34.12,52,4.73,Rain,light rain
2026-08-03 14:19:14,Bhopal,Madhya Pradesh,23.2599,77.4126,50,50,37,5,5.3,6.1,22,29.27,72,4.98,Rain,light rain
2026-08-03 14:19:14,Kanpur,Uttar Pradesh,26.4499,80.3319,150,150,86,6.3,9.9,0.4,5.4,34.92,51,1.35,Clouds,overcast clouds
2026-08-03 14:19:14,Guwahati,Assam,26.1445,91.7362,56,13,6,2.8,2.8,2.6,55.8,31.41,71,0.97,Rain,light rain
2026-08-03 14:19:14,Itanagar,Arunachal Pradesh,27.0844,93.6053,62,13,8,1.9,4.2,2.6,61.7,28.5,91,0.54,Clouds,overcast clouds
2026-08-03 14:19:14,Dispur,Assam,26.1433,91.7898,56,13,6,2.8,2.8,2.6,55.8,32.53,72,0.75,Clouds,overcast clouds
2026-08-03 14:19:14,Raipur,Chhattisgarh,21.2514,81.6296,113,113,90,3,3.4,0.5,16.8,34.09,47,4.17,Clouds,overcast clouds
2026-08-03 14:19:14,Gandhinagar,Gujarat,23.2156,72.6369,76,60,76,3.2,3.4,0.5,0.9,32.5,59,6.49,Rain,light rain
2026-08-03 14:19:14,Shimla,Himachal Pradesh,31.1048,77.1734,41,13,10,1.9,1.4,3.1,41.1,22.85,77,2.49,Clouds,broken clouds
2026-08-03 14:19:14,Thiruvananthapuram,Kerala,8.5241,76.9366,20,20,,,,,,25.74,84,4.02,Rain,light rain
2026-08-03 14:19:14,Imphal,Manipur,24.817,93.9368,38,38,11,5.5,2.3,5.6,16.7,27.84,78,0.69,Rain,light rain
2026-08-03 14:19:14,Shillong,Meghalaya,25.5788,91.8933,55,13,6,2.8,3.2,3.1,54.5,22.17,94,1.33,Rain,heavy intensity rain
2026-08-03 14:19:14,Aizawl,Mizoram,23.7271,92.7176,17,13,17,0.6,0.5,5.8,2.3,24.07,93,0.8,Rain,moderate rain
2026-08-03 14:19:14,Kohima,Nagaland,25.6751,94.1086,38,38,11,5.5,2.3,5.6,16.7,23.13,92,0.68,Clouds,overcast clouds
2026-08-03 14:19:14,Gangtok,Sikkim,27.3389,88.6065,69,69,48,0.7,2.5,0.4,4.3,25.47,84,1.67,Rain,light rain
2026-08-03 14:19:14,Agartala,Tripura,23.8315,91.2868,114,114,68,3.5,6.3,2.9,5.8,31.14,76,3.98,Rain,moderate rain
2026-08-03 14:19:14,Dehradun,Uttarakhand,30.3165,78.0322,41,13,10,1.9,1.4,3.1,41.1,29.99,73,2.03,Rain,light rain
2026-08-03 14:19:14,Port Blair,Andaman and Nicobar Islands,11.6234,92.7265,35,35,,,2.4,0.6,,28.99,77,4.26,Rain,light rain
2026-08-03 14:19:14,Daman,Dadra and Nagar Haveli and Daman and Diu,20.3974,72.8328,89,89,64,,5.6,6.7,2.9,28.66,81,6.87,Rain,light rain
2026-08-03 14:19:14,Srinagar,Jammu and Kashmir,34.0837,74.7973,153,153,143,2.8,1.4,3.6,46.3,29.66,50,1.21,Rain,light rain
2026-08-03 14:19:14,Leh,Ladakh,34.1526,77.5771,41,13,10,1.9,1.4,3.1,41.1,22.99,34,2.42,Clouds,broken clouds
2026-08-03 14:19:14,Puducherry,Puducherry,11.9416,79.8083,44,44,30,3.4,4.6,3.9,17.7,37.4,47,1.68,Clouds,overcast clouds
2026-08-03 18:02:31,Delhi,Delhi,28.6139,77.209,95,95,,,,,,34.43,51,3.67,Clouds,overcast clouds
2026-08-03 18:02:31,Mumbai,Maharashtra,19.076,72.8777,158,158,,,,,,28.64,78,7.83,Rain,light rain
2026-08-03 18:02:31,Bangalore,Karnataka,12.9716,77.5946,53,53,27,2.9,11.2,4.1,5,25.88,73,5.4,Rain,light rain
2026-08-03 18:02:31,Kolkata,West Bengal,22.5726,88.3639,172,172,,,,,,31.59,69,4.54,Rain,heavy intensity rain
2026-08-03 18:02:31,Chennai,Tamil Nadu,13.0827,80.2707,46,46,,,,,,30.91,79,1.79,Clouds,overcast clouds
2026-08-03 18:02:31,Hyderabad,Telangana,17.385,78.4867,93,93,,,,,,29.84,58,5.36,Clouds,overcast clouds
2026-08-03 18:02:31,Pune,Maharashtra,18.5204,73.8567,232,232,138,51,198,,61,25.74,39,4.55,Clouds,overcast clouds
2026-08-03 18:02:31,Lucknow,Uttar Pradesh,26.8467,80.9462,128,128,91,10.8,3,3.4,28.4,32.89,61,1.41,Clouds,overcast clouds
2026-08-03 18:02:31,Patna,Bihar,25.5941,85.1376,21,107,,1,0.5,0.6,20.9,31.45,67,2.28,Rain,light rain
2026-08-03 18:02:31,Ahmedabad,Gujarat,23.0225,72.5714,108,108,68,0.2,7.3,48.2,11.2,32.59,58,4.91,Clouds,overcast clouds
2026-08-03 18:02:31,Jaipur,Rajasthan,26.9124,75.7873,129,129,78,18.8,9.6,10.1,11.3,29.31,73,2.58,Clouds,overcast clouds
2026-08-03 18:02:31,Chandigarh,Chandigarh,30.7333,76.7794,55,13,10,1.9,1.4,3.6,54.5,32.16,63,3.54,Clear,clear sky
2026-08-03 18:02:31,Bhopal,Madhya Pradesh,23.2599,77.4126,50,50,37,5,5.3,6.1,22,27.09,83,3.49,Rain,light rain
2026-08-03 18:02:31,Kanpur,Uttar Pradesh,26.4499,80.3319,150,150,86,6.3,9.9,0.4,5.4,33.78,54,3.35,Clouds,overcast clouds
2026-08-03 18:02:31,Guwahati,Assam,26.1445,91.7362,47,25,8,2.8,4.6,2.6,46.8,26.71,90,1.22,Rain,light rain
2026-08-03 18:02:31,Itanagar,Arunachal Pradesh,27.0844,93.6053,46,13,11,1.9,4.2,2.6,45.5,25.44,99,1.2,Rain,light rain
2026-08-03 18:02:31,Dispur,Assam,26.1433,91.7898,47,25,8,2.8,4.6,2.6,46.8,27.69,91,1.11,Rain,light rain
2026-08-03 18:02:31,Raipur,Chhattisgarh,21.2514,81.6296,113,113,90,3,3.4,0.5,16.8,30.26,69,4.96,Clouds,overcast clouds
2026-08-03 18:02:31,Gandhinagar,Gujarat,23.2156,72.6369,76,60,76,3.2,3.4,0.5,0.9,31.26,66,4.61,Clouds,overcast clouds
2026-08-03 18:02:31,Shimla,Himachal Pradesh,31.1048,77.1734,55,13,10,1.9,1.4,3.6,54.5,20.37,82,1.72,Rain,light rain
2026-08-03 18:02:31,Thiruvananthapuram,Kerala,8.5241,76.9366,36,36,,,,,,24.59,87,4.69,Rain,light rain
2026-08-03 18:02:31,Imphal,Manipur,24.817,93.9368,42,42,11,4.6,1.9,5.1,16.7,23.49,93,0.62,Rain,light rain
2026-08-03 18:02:31,Shillong,Meghalaya,25.5788,91.8933,47,25,8,2.8,4.6,2.6,46.8,20.09,97,1.73,Clouds,overcast clouds
2026-08-03 18:02:31,Aizawl,Mizoram,23.7271,92.7176,17,13,17,0.6,0.5,5.8,2.3,21.02,99,1.02,Rain,light rain
2026-08-03 18:02:31,Kohima,Nagaland,25.6751,94.1086,42,42,11,4.6,1.9,5.1,16.7,20.02,98,1.23,Rain,light rain
2026-08-03 18:02:31,Gangtok,Sikkim,27.3389,88.6065,69,69,48,0.7,2.5,0.4,4.3,22.64,99,0.65,Clouds,overcast clouds
2026-08-03 18:02:31,Agartala,Tripura,23.8315,91.2868,114,114,68,3.5,6.3,2.9,5.8,27.13,92,3.62,Clouds,overcast clouds
2026-08-03 18:02:31,Dehradun,Uttarakhand,30.3165,78.0322,55,13,10,1.9,1.4,3.6,54.5,26.59,89,1.22,Rain,heavy intensity rain
2026-08-03 18:02:31,Port Blair,Andaman and Nicobar Islands,11.6234,92.7265,40,40,,,1.8,1.1,,27.79,83,4.77,Rain,light rain
2026-08-03 18:02:31,Daman,Dadra and Nagar Haveli and Daman and Diu,20.3974,72.8328,89,89,64,,5.6,6.7,2.9,27.56,86,8.05,Clouds,few clouds
2026-08-03 18:02:31,Srinagar,Jammu and Kashmir,34.0837,74.7973,159,159,132,3.7,1.9,4.6,51.3,25.59,68,1.74,Rain,light rain
2026-08-03 18:02:31,Leh,Ladakh,34.1526,77.5771,55,13,10,1.9,1.4,3.6,54.5,22.99,35,4.41,Clouds,broken clouds
2026-08-03 18:02:31,Puducherry,Puducherry,11.9416,79.8083,44,44,30,3.4,4.6,3.9,17.7,31.29,70,5.34,Clouds,overcast clouds
2026-08-03 21:18:17,Delhi,Delhi,28.6139,77.209,95,95,,,,,,33.29,54,2.69,Clouds,overcast clouds
2026-08-03 21:18:17,Mumbai,Maharashtra,19.076,72.8777,158,158,,,,,,27.95,78,7.86,Rain,light rain
2026-08-03 21:18:17,Bangalore,Karnataka,12.9716,77.5946,53,53,27,2.9,11.2,4.1,5,24.77,71,6,Rain,moderate rain
2026-08-03 21:18:17,Kolkata,West Bengal,22.5726,88.3639,172,172,,,,,,29.72,81,4.17,Clouds,overcast clouds
2026-08-03 21:18:17,Chennai,Tamil Nadu,13.0827,80.2707,46,46,,,,,,28.33,82,1.34,Clouds,overcast clouds
2026-08-03 21:18:17,Hyderabad,Telangana,17.385,78.4867,93,93,,,,,,27.03,72,3.58,Rain,light rain
2026-08-03 21:18:17,Pune,Maharashtra,18.5204,73.8567,232,232,138,51,198,,61,23.94,77,3.15,Clouds,overcast clouds
2026-08-03 21:18:17,Lucknow,Uttar Pradesh,26.8467,80.9462,128,128,91,10.8,3,3.4,28.4,31.64,68,2.76,Rain,moderate rain
2026-08-03 21:18:17,Patna,Bihar,25.5941,85.1376,21,107,,1,0.5,0.6,20.9,29.37,78,4.94,Rain,light rain
2026-08-03 21:18:17,Ahmedabad,Gujarat,23.0225,72.5714,108,108,68,0.2,7.3,48.2,11.2,30.53,65,4.4,Rain,light rain
2026-08-03 21:18:17,Jaipur,Rajasthan,26.9124,75.7873,129,129,78,18.8,9.6,10.1,11.3,28.08,79,3.16,Rain,moderate rain
2026-08-03 21:18:17,Chandigarh,Chandigarh,30.7333,76.7794,57,13,11,1.9,1.4,3.1,56.5,29.66,70,2.26,Rain,light rain
2026-08-03 21:18:17,Bhopal,Madhya Pradesh,23.2599,77.4126,50,50,37,5,5.3,6.1,22,25.58,90,3.41,Clouds,broken clouds
2026-08-03 21:18:17,Kanpur,Uttar Pradesh,26.4499,80.3319,150,150,86,6.3,9.9,0.4,5.4,32.56,61,2.68,Clouds,overcast clouds
2026-08-03 21:18:17,Guwahati,Assam,26.1445,91.7362,30,25,12,3.7,9.6,2.1,30.1,25.99,93,0.85,Rain,light rain
2026-08-03 21:18:17,Itanagar,Arunachal Pradesh,27.0844,93.6053,34,13,7,2.8,5.1,2.6,33.8,24.93,98,1.26,Clouds,overcast clouds
2026-08-03 21:18:17,Dispur,Assam,26.1433,91.7898,30,25,12,3.7,9.6,2.1,30.1,27,94,0.82,Rain,light rain
2026-08-03 21:18:17,Raipur,Chhattisgarh,21.2514,81.6296,113,113,90,3,3.4,0.5,16.8,29.31,75,3.01,Clouds,overcast clouds
2026-08-03 21:18:17,Gandhinagar,Gujarat,23.2156,72.6369,76,60,76,3.2,3.4,0.5,0.9,28.88,75,3.72,Clouds,overcast clouds
2026-08-03 21:18:17,Shimla,Himachal Pradesh,31.1048,77.1734,57,13,11,1.9,1.4,3.1,56.5,18.22,92,1.21,Clear,clear sky
2026-08-03 21:18:17,Thiruvananthapuram,Kerala,8.5241,76.9366,30,30,,,,,,24.22,90,2.83,Rain,light rain
2026-08-03 21:18:17,Imphal,Manipur,24.817,93.9368,34,34,11,6.4,4.6,6.1,11.4,22.42,97,0.6,Rain,light rain
2026-08-03 21:18:17,Shillong,Meghalaya,25.5788,91.8933,30,25,12,3.7,9.6,2.1,30.1,19.6,98,1.61,Rain,light rain
2026-08-03 21:18:17,Aizawl,Mizoram,23.7271,92.7176,17,13,17,0.6,0.5,5.8,2.3,20.45,99,1.02,Rain,heavy intensity rain
2026-08-03 21:18:17,Kohima,Nagaland,25.6751,94.1086,34,34,11,6.4,4.6,6.1,11.4,19.56,98,1.35,Rain,light rain
2026-08-03 21:18:17,Gangtok,Sikkim,27.3389,88.6065,69,69,48,0.7,2.5,0.4,4.3,21.63,98,0.3,Rain,light rain
2026-08-03 21:18:17,Agartala,Tripura,23.8315,91.2868,114,114,68,3.5,6.3,2.9,5.8,26.33,95,3.45,Clouds,overcast clouds
2026-08-03 21:18:17,Dehradun,Uttarakhand,30.3165,78.0322,57,13,11,1.9,1.4,3.1,56.5,25.28,91,1.37,Rain,light rain
2026-08-03 21:18:17,Port Blair,Andaman and Nicobar Islands,11.6234,92.7265,40,40,,,1.8,1.1,,27.86,83,4.24,Clouds,overcast clouds
2026-08-03 21:18:17,Daman,Dadra and Nagar Haveli and Daman and Diu,20.3974,72.8328,89,89,64,,5.6,6.7,2.9,27.14,88,7.27,Clouds,scattered clouds
2026-08-03 21:18:17,Srinagar,Jammu and Kashmir,34.0837,74.7973,164,164,136,5.5,20.2,4.1,25.2,21.7,76,0.46,Rain,moderate rain
2026-08-03 21:18:17,Leh,Ladakh,34.1526,77.5771,57,13,11,1.9,1.4,3.1,56.5,18.45,57,3.03,Rain,light rain
2026-08-03 21:18:17,Puducherry,Puducherry,11.9416,79.8083,44,44,30,3.4,4.6,3.9,17.7,27.96,74,6.29,Rain,light rain
2026-08-03 23:28:00,Delhi,Delhi,28.6139,77.209,95,95,,,,,,32.65,55,2.83,Clouds,overcast clouds
2026-08-03 23:28:00,Mumbai,Maharashtra,19.076,72.8777,158,158,,,,,,28,78,7.64,Rain,light rain
2026-08-03 23:28:00,Bangalore,Karnataka,12.9716,77.5946,53,53,27,2.9,11.2,4.1,5,22.55,83,5.31,Rain,moderate rain
2026-08-03 23:28:00,Kolkata,West Bengal,22.5726,88.3639,172,172,,,,,,29.24,83,3.68,Clouds,overcast clouds
2026-08-03 23:28:00,Chennai,Tamil Nadu,13.0827,80.2707,46,46,,,,,,28.76,84,0.89,Clouds,overcast clouds
2026-08-03 23:28:00,Hyderabad,Telangana,17.385,78.4867,93,93,,,,,,26.06,75,3.82,Clouds,overcast clouds
2026-08-03 23:28:00,Pune,Maharashtra,18.5204,73.8567,232,232,138,51,198,,61,23.94,77,2.53,Clouds,overcast clouds
2026-08-03 23:28:00,Lucknow,Uttar Pradesh,26.8467,80.9462,128,128,91,10.8,3,3.4,28.4,31.05,72,1.63,Rain,moderate rain
2026-08-03 23:28:00,Patna,Bihar,25.5941,85.1376,21,107,,1,0.5,0.6,20.9,27.09,85,1.9,Clouds,broken clouds
2026-08-03 23:28:00,Ahmedabad,Gujarat,23.0225,72.5714,108,108,68,0.2,7.3,48.2,11.2,29.35,68,4.99,Clouds,overcast clouds
2026-08-03 23:28:00,Jaipur,Rajasthan,26.9124,75.7873,129,129,78,18.8,9.6,10.1,11.3,27.73,81,4.32,Rain,light rain
2026-08-03 23:28:00,Chandigarh,Chandigarh,30.7333,76.7794,28,13,10,1.9,29.8,3.6,27.7,28.99,72,2.39,Clear,clear sky
2026-08-03 23:28:00,Bhopal,Madhya Pradesh,23.2599,77.4126,50,50,37,5,5.3,6.1,22,25.25,90,3.84,Clouds,broken clouds
2026-08-03 23:28:00,Kanpur,Uttar Pradesh,26.4499,80.3319,150,150,86,6.3,9.9,0.4,5.4,31.03,69,0.95,Clouds,overcast clouds
2026-08-03 23:28:00,Guwahati,Assam,26.1445,91.7362,25,25,10,3.7,11.9,3.1,24,25.63,94,0.94,Rain,light rain
2026-08-03 23:28:00,Itanagar,Arunachal Pradesh,27.0844,93.6053,33,13,6,1.9,3.7,2.1,32.9,24.54,98,1.21,Rain,light rain
2026-08-03 23:28:00,Dispur,Assam,26.1433,91.7898,25,25,10,3.7,11.9,3.1,24,26.59,95,0.9,Rain,light rain
2026-08-03 23:28:00,Raipur,Chhattisgarh,21.2514,81.6296,113,113,90,3,3.4,0.5,16.8,28.28,77,3.52,Clouds,overcast clouds
2026-08-03 23:28:00,Gandhinagar,Gujarat,23.2156,72.6369,76,60,76,3.2,3.4,0.5,0.9,28.52,72,4.61,Clouds,overcast clouds
2026-08-03 23:28:00,Shimla,Himachal Pradesh,31.1048,77.1734,28,13,10,1.9,29.8,3.6,27.7,17.96,91,1.56,Clear,clear sky
2026-08-03 23:28:00,Thiruvananthapuram,Kerala,8.5241,76.9366,28,28,,,,,,23.94,89,3.98,Rain,light rain
2026-08-03 23:28:00,Imphal,Manipur,24.817,93.9368,57,57,13,5.5,1.9,5.1,13.5,22.23,97,0.48,Rain,light rain
2026-08-03 23:28:00,Shillong,Meghalaya,25.5788,91.8933,25,25,10,3.7,11.9,3.1,24,19.71,98,1.44,Rain,light rain
2026-08-03 23:28:00,Aizawl,Mizoram,23.7271,92.7176,17,13,17,0.6,0.5,5.8,2.3,20.25,99,0.97,Rain,moderate rain
2026-08-03 23:28:00,Kohima,Nagaland,25.6751,94.1086,57,57,13,5.5,1.9,5.1,13.5,18.88,98,1.08,Rain,light rain
2026-08-03 23:28:00,Gangtok,Sikkim,27.3389,88.6065,69,69,48,0.7,2.5,0.4,4.3,21.72,97,0.45,Rain,light rain
2026-08-03 23:28:00,Agartala,Tripura,23.8315,91.2868,114,114,68,3.5,6.3,2.9,5.8,26.22,96,2.7,Clouds,overcast clouds
2026-08-03 23:28:00,Dehradun,Uttarakhand,30.3165,78.0322,28,13,10,1.9,29.8,3.6,27.7,25.14,91,1.39,Rain,light rain
2026-08-03 23:28:00,Port Blair,Andaman and Nicobar Islands,11.6234,92.7265,40,40,,,1.8,1.1,,27.75,83,4.03,Rain,light rain
2026-08-03 23:28:00,Daman,Dadra and Nagar Haveli and Daman and Diu,20.3974,72.8328,89,89,64,,5.6,6.7,2.9,27.07,87,5.46,Rain,light rain
2026-08-03 23:28:00,Srinagar,Jammu and Kashmir,34.0837,74.7973,166,166,130,6.4,17,3.6,22.8,21.7,79,0.86,Rain,light rain
2026-08-03 23:28:00,Leh,Ladakh,34.1526,77.5771,28,13,10,1.9,29.8,3.6,27.7,17.78,58,2.72,Rain,light rain
2026-08-03 23:28:00,Puducherry,Puducherry,11.9416,79.8083,44,44,30,3.4,4.6,3.9,17.7,27.96,72,3.65,Rain,moderate rain
2026-08-04 01:20:02,Delhi,Delhi,28.6139,77.209,95,95,,,,,,31.4,59,2.42,Rain,light rain
2026-08-04 01:20:02,Mumbai,Maharashtra,19.076,72.8777,158,158,,,,,,27.92,79,6.29,Rain,light rain
2026-08-04 01:20:02,Bangalore,Karnataka,12.9716,77.5946,53,53,27,2.9,11.2,4.1,5,22.55,79,4.77,Rain,light rain
2026-08-04 01:20:02,Kolkata,West Bengal,22.5726,88.3639,172,172,,,,,,28.62,84,3.21,Rain,light rain
2026-08-04 01:20:02,Chennai,Tamil Nadu,13.0827,80.2707,46,46,,,,,,29.12,79,1.79,Clouds,overcast clouds
2026-08-04 01:20:02,Hyderabad,Telangana,17.385,78.4867,93,93,,,,,,25.72,76,5,Rain,light rain
2026-08-04 01:20:02,Pune,Maharashtra,18.5204,73.8567,232,232,138,51,198,,61,23.94,81,2.53,Clouds,overcast clouds
2026-08-04 01:20:02,Lucknow,Uttar Pradesh,26.8467,80.9462,128,128,91,10.8,3,3.4,28.4,29.91,76,0.43,Rain,moderate rain
2026-08-04 01:20:02,Patna,Bihar,25.5941,85.1376,21,107,,1,0.5,0.6,20.9,30.04,71,1.88,Clouds,overcast clouds
2026-08-04 01:20:02,Ahmedabad,Gujarat,23.0225,72.5714,108,108,68,0.2,7.3,48.2,11.2,28.18,76,4.9,Clouds,overcast clouds
2026-08-04 01:20:02,Jaipur,Rajasthan,26.9124,75.7873,129,129,78,18.8,9.6,10.1,11.3,26.89,84,4.52,Rain,light rain
2026-08-04 01:20:02,Chandigarh,Chandigarh,30.7333,76.7794,15,13,6,1.9,40.7,4.1,14.7,28.16,75,3.04,Clouds,few clouds
2026-08-04 01:20:02,Bhopal,Madhya Pradesh,23.2599,77.4126,50,50,37,5,5.3,6.1,22,24.98,91,4.25,Clouds,overcast clouds
2026-08-04 01:20:02,Kanpur,Uttar Pradesh,26.4499,80.3319,150,150,86,6.3,9.9,0.4,5.4,30.85,70,1.86,Rain,light rain
2026-08-04 01:20:02,Guwahati,Assam,26.1445,91.7362,30,13,8,2.8,6.4,2.6,30.1,25.14,96,0.86,Rain,heavy intensity rain
2026-08-04 01:20:02,Itanagar,Arunachal Pradesh,27.0844,93.6053,31,13,8,1.9,5.5,3.1,31.3,24.6,98,1.1,Rain,light rain
2026-08-04 01:20:02,Dispur,Assam,26.1433,91.7898,30,13,8,2.8,6.4,2.6,30.1,26.17,97,0.86,Rain,light rain
2026-08-04 01:20:02,Raipur,Chhattisgarh,21.2514,81.6296,113,113,90,3,3.4,0.5,16.8,27.48,80,3.35,Clouds,overcast clouds
2026-08-04 01:20:02,Gandhinagar,Gujarat,23.2156,72.6369,76,60,76,3.2,3.4,0.5,0.9,27.34,78,5,Clouds,overcast clouds
2026-08-04 01:20:02,Shimla,Himachal Pradesh,31.1048,77.1734,15,13,6,1.9,40.7,4.1,14.7,16.23,91,1.57,Clear,clear sky
2026-08-04 01:20:02,Thiruvananthapuram,Kerala,8.5241,76.9366,43,43,,,,,,24.23,92,4.48,Rain,light rain
2026-08-04 01:20:02,Imphal,Manipur,24.817,93.9368,16,13,13,5.5,1.9,5.1,15.5,21.93,98,0.65,Clouds,overcast clouds
2026-08-04 01:20:02,Shillong,Meghalaya,25.5788,91.8933,30,13,8,2.8,6.4,2.6,30.1,19.6,99,1.52,Rain,moderate rain
2026-08-04 01:20:02,Aizawl,Mizoram,23.7271,92.7176,17,13,17,0.6,0.5,5.8,2.3,19.97,100,0.96,Rain,heavy intensity rain
2026-08-04 01:20:02,Kohima,Nagaland,25.6751,94.1086,16,13,13,5.5,1.9,5.1,15.5,18.84,98,0.56,Rain,light rain
2026-08-04 01:20:02,Gangtok,Sikkim,27.3389,88.6065,69,69,48,0.7,2.5,0.4,4.3,21.43,96,0.35,Rain,light rain
2026-08-04 01:20:02,Agartala,Tripura,23.8315,91.2868,114,114,68,3.5,6.3,2.9,5.8,26.07,96,3.2,Clouds,overcast clouds
2026-08-04 01:20:02,Dehradun,Uttarakhand,30.3165,78.0322,15,13,6,1.9,40.7,4.1,14.7,24.6,91,1.38,Rain,moderate rain
2026-08-04 01:20:02,Port Blair,Andaman and Nicobar Islands,11.6234,92.7265,43,43,,,,,,27.39,85,3.81,Rain,light rain
2026-08-04 01:20:02,Daman,Dadra and Nagar Haveli and Daman and Diu,20.3974,72.8328,89,89,64,,5.6,6.7,2.9,27.08,87,5.36,Rain,light rain
2026-08-04 01:20:02,Srinagar,Jammu and Kashmir,34.0837,74.7973,166,166,137,7.3,17,4.1,11.4,21.7,83,0.33,Rain,light rain
2026-08-04 01:20:02,Leh,Ladakh,34.1526,77.5771,15,13,6,1.9,40.7,4.1,14.7,17.5,59,2.4,Rain,light rain
2026-08-04 01:20:02,Puducherry,Puducherry,11.9416,79.8083,44,44,30,3.4,4.6,3.9,17.7,26.85,78,4.13,Rain,light rain
2026-08-04 02:42:31,Delhi,Delhi,28.6139,77.209,95,95,,,,,,31.19,60,2.03,Rain,light rain
2026-08-04 02:42:31,Mumbai,Maharashtra,19.076,72.8777,158,158,,,,,,27.85,80,6.61,Rain,light rain
2026-08-04 02:42:31,Bangalore,Karnataka,12.9716,77.5946,53,53,27,2.9,11.2,4.1,5,22.55,80,4.76,Clouds,overcast clouds
2026-08-04 02:42:31,Kolkata,West Bengal,22.5726,88.3639,172,172,,,,,,28.35,88,3.35,Rain,light rain
2026-08-04 02:42:31,Chennai,Tamil Nadu,13.0827,80.2707,46,46,,,,,,28.6,80,0.89,Rain,light rain
2026-08-04 02:42:31,Hyderabad,Telangana,17.385,78.4867,93,93,,,,,,25.19,80,5.45,Clouds,overcast clouds
2026-08-04 02:42:31,Pune,Maharashtra,18.5204,73.8567,232,232,138,51,198,,61,23.38,83,2.36,Clouds,overcast clouds
2026-08-04 02:42:31,Lucknow,Uttar Pradesh,26.8467,80.9462,128,128,91,10.8,3,3.4,28.4,30.06,75,0.46,Rain,light rain
2026-08-04 02:42:31,Patna,Bihar,25.5941,85.1376,21,107,,1,0.5,0.6,20.9,29.9,73,1.82,Clouds,overcast clouds
2026-08-04 02:42:31,Ahmedabad,Gujarat,23.0225,72.5714,108,108,68,0.2,7.3,48.2,11.2,27.96,77,4.66,Clouds,overcast clouds
2026-08-04 02:42:31,Jaipur,Rajasthan,26.9124,75.7873,129,129,78,18.8,9.6,10.1,11.3,26.55,85,4.46,Clouds,overcast clouds
2026-08-04 02:42:31,Chandigarh,Chandigarh,30.7333,76.7794,13,13,7,1.9,38.4,4.1,13,27.64,78,3.16,Clouds,scattered clouds
2026-08-04 02:42:31,Bhopal,Madhya Pradesh,23.2599,77.4126,50,50,37,5,5.3,6.1,22,24.76,92,4.46,Clouds,overcast clouds
2026-08-04 02:42:31,Kanpur,Uttar Pradesh,26.4499,80.3319,150,150,86,6.3,9.9,0.4,5.4,30.47,72,2.12,Rain,heavy intensity rain
2026-08-04 02:42:31,Guwahati,Assam,26.1445,91.7362,29,13,8,2.8,6.4,2.6,28.9,25,96,1.02,Rain,moderate rain
2026-08-04 02:42:31,Itanagar,Arunachal Pradesh,27.0844,93.6053,33,13,8,1.9,3.2,3.1,32.9,24.63,97,1.23,Rain,moderate rain
2026-08-04 02:42:31,Dispur,Assam,26.1433,91.7898,29,13,8,2.8,6.4,2.6,28.9,26.07,96,1.1,Rain,moderate rain
2026-08-04 02:42:31,Raipur,Chhattisgarh,21.2514,81.6296,113,113,90,3,3.4,0.5,16.8,27.23,82,3.08,Clouds,overcast clouds
2026-08-04 02:42:31,Gandhinagar,Gujarat,23.2156,72.6369,76,60,76,3.2,3.4,0.5,0.9,27.06,81,4.56,Clouds,overcast clouds
2026-08-04 02:42:31,Shimla,Himachal Pradesh,31.1048,77.1734,13,13,7,1.9,38.4,4.1,13,17.17,92,1.49,Clear,clear sky
2026-08-04 02:42:31,Thiruvananthapuram,Kerala,8.5241,76.9366,33,33,,,,,,24.27,90,4.77,Rain,light rain
2026-08-04 02:42:31,Imphal,Manipur,24.817,93.9368,17,13,7,4.6,1.4,5.1,17.1,21.87,98,0.69,Rain,light rain
2026-08-04 02:42:31,Shillong,Meghalaya,25.5788,91.8933,29,13,8,2.8,6.4,2.6,28.9,19.67,98,1.14,Rain,light rain
2026-08-04 02:42:31,Aizawl,Mizoram,23.7271,92.7176,17,13,17,0.6,0.5,5.8,2.3,19.94,100,0.84,Rain,light rain
2026-08-04 02:42:31,Kohima,Nagaland,25.6751,94.1086,17,13,7,4.6,1.4,5.1,17.1,18.79,98,1.22,Rain,light rain
2026-08-04 02:42:31,Gangtok,Sikkim,27.3389,88.6065,69,69,48,0.7,2.5,0.4,4.3,21.54,94,0.32,Rain,light rain
2026-08-04 02:42:31,Agartala,Tripura,23.8315,91.2868,114,114,68,3.5,6.3,2.9,5.8,25.75,96,3.52,Clouds,overcast clouds
2026-08-04 02:42:31,Dehradun,Uttarakhand,30.3165,78.0322,13,13,7,1.9,38.4,4.1,13,24.31,91,1.26,Rain,light rain
2026-08-04 02:42:31,Port Blair,Andaman and Nicobar Islands,11.6234,92.7265,33,33,,,,,,27.19,86,3.85,Rain,moderate rain
2026-08-04 02:42:31,Daman,Dadra and Nagar Haveli and Daman and Diu,20.3974,72.8328,89,89,64,,5.6,6.7,2.9,27.02,87,5.2,Rain,light rain
2026-08-04 02:42:31,Srinagar,Jammu and Kashmir,34.0837,74.7973,159,159,119,5.5,17,3.6,16.7,21.14,84,0.54,Rain,moderate rain
2026-08-04 02:42:31,Leh,Ladakh,34.1526,77.5771,13,13,7,1.9,38.4,4.1,13,17.24,60,2.07,Rain,light rain
2026-08-04 02:42:31,Puducherry,Puducherry,11.9416,79.8083,44,44,30,3.4,4.6,3.9,17.7,26.85,81,5.13,Rain,light rain
2026-08-04 04:04:07,Delhi,Delhi,28.6139,77.209,95,95,,,,,,30.88,62,2.04,Rain,heavy intensity rain
2026-08-04 04:04:07,Mumbai,Maharashtra,19.076,72.8777,158,158,,,,,,27.92,80,6.71,Rain,light rain
2026-08-04 04:04:07,Bangalore,Karnataka,12.9716,77.5946,53,53,27,2.9,11.2,4.1,5,21.99,81,4.69,Clouds,overcast clouds
2026-08-04 04:04:07,Kolkata,West Bengal,22.5726,88.3639,172,172,,,,,,28.36,88,3.57,Clouds,overcast clouds
2026-08-04 04:04:07,Chennai,Tamil Nadu,13.0827,80.2707,46,46,,,,,,28.05,83,0.89,Clouds,overcast clouds
2026-08-04 04:04:07,Hyderabad,Telangana,17.385,78.4867,93,93,,,,,,24.94,81,5.48,Clouds,overcast clouds
2026-08-04 04:04:07,Pune,Maharashtra,18.5204,73.8567,232,232,138,51,198,,61,23.38,86,2.91,Clouds,overcast clouds
2026-08-04 04:04:07,Lucknow,Uttar Pradesh,26.8467,80.9462,128,128,91,10.8,3,3.4,28.4,29.11,79,0.95,Rain,moderate rain
2026-08-04 04:04:07,Patna,Bihar,25.5941,85.1376,21,107,,1,0.5,0.6,20.9,29.62,75,1.48,Clouds,overcast clouds
2026-08-04 04:04:07,Ahmedabad,Gujarat,23.0225,72.5714,108,108,68,0.2,7.3,48.2,11.2,27.36,76,4.1,Clouds,overcast clouds
2026-08-04 04:04:07,Jaipur,Rajasthan,26.9124,75.7873,129,129,78,18.8,9.6,10.1,11.3,26.54,84,4.19,Clouds,overcast clouds
2026-08-04 04:04:07,Chandigarh,Chandigarh,30.7333,76.7794,24,13,6,1.9,27,4.1,23.6,27.19,80,2.82,Clouds,scattered clouds
2026-08-04 04:04:07,Bhopal,Madhya Pradesh,23.2599,77.4126,50,50,37,5,5.3,6.1,22,24.5,92,4.3,Clouds,overcast clouds
2026-08-04 04:04:07,Kanpur,Uttar Pradesh,26.4499,80.3319,150,150,86,6.3,9.9,0.4,5.4,29.5,74,2.46,Rain,light rain
2026-08-04 04:04:07,Guwahati,Assam,26.1445,91.7362,30,30,8,2.8,4.2,2.1,27.7,24.5,98,0.32,Rain,heavy intensity rain
2026-08-04 04:04:07,Itanagar,Arunachal Pradesh,27.0844,93.6053,31,13,7,1.9,3.2,2.6,30.9,24.53,97,0.96,Rain,moderate rain
2026-08-04 04:04:07,Dispur,Assam,26.1433,91.7898,30,30,8,2.8,4.2,2.1,27.7,25.6,98,0.23,Rain,moderate rain
2026-08-04 04:04:07,Raipur,Chhattisgarh,21.2514,81.6296,113,113,90,3,3.4,0.5,16.8,26.81,84,3.62,Clouds,overcast clouds
2026-08-04 04:04:07,Gandhinagar,Gujarat,23.2156,72.6369,76,60,76,3.2,3.4,0.5,0.9,26.5,80,3.97,Clouds,overcast clouds
2026-08-04 04:04:07,Shimla,Himachal Pradesh,31.1048,77.1734,24,13,6,1.9,27,4.1,23.6,16.89,91,1.31,Clear,clear sky
2026-08-04 04:04:07,Thiruvananthapuram,Kerala,8.5241,76.9366,25,25,,,,,,24.18,90,4.72,Rain,light rain
2026-08-04 04:04:07,Imphal,Manipur,24.817,93.9368,17,13,7,4.6,1,5.1,17.1,21.79,98,0.77,Clouds,overcast clouds
2026-08-04 04:04:07,Shillong,Meghalaya,25.5788,91.8933,30,30,8,2.8,4.2,2.1,27.7,19.64,98,1.42,Rain,light rain
2026-08-04 04:04:07,Aizawl,Mizoram,23.7271,92.7176,17,13,17,0.6,0.5,5.8,2.3,22.06,100,0.83,Clouds,overcast clouds
2026-08-04 04:04:07,Kohima,Nagaland,25.6751,94.1086,17,13,7,4.6,1,5.1,17.1,18.57,97,0.97,Clouds,overcast clouds
2026-08-04 04:04:07,Gangtok,Sikkim,27.3389,88.6065,69,69,48,0.7,2.5,0.4,4.3,21.14,97,0.58,Rain,light rain
2026-08-04 04:04:07,Agartala,Tripura,23.8315,91.2868,114,114,68,3.5,6.3,2.9,5.8,25.61,95,4.01,Clouds,overcast clouds
2026-08-04 04:04:07,Dehradun,Uttarakhand,30.3165,78.0322,24,13,6,1.9,27,4.1,23.6,24.14,91,0.77,Clouds,overcast clouds
2026-08-04 04:04:07,Port Blair,Andaman and Nicobar Islands,11.6234,92.7265,25,25,,,,,,27.22,84,3.52,Rain,light rain
2026-08-04 04:04:07,Daman,Dadra and Nagar Haveli and Daman and Diu,20.3974,72.8328,89,89,64,,5.6,6.7,2.9,27.15,87,5.25,Clouds,broken clouds
2026-08-04 04:04:07,Srinagar,Jammu and Kashmir,34.0837,74.7973,142,142,102,3.7,6.4,3.6,31.3,21.14,84,0.27,Rain,moderate rain
2026-08-04 04:04:07,Leh,Ladakh,34.1526,77.5771,24,13,6,1.9,27,4.1,23.6,16.77,63,1.64,Clouds,broken clouds
2026-08-04 04:04:07,Puducherry,Puducherry,11.9416,79.8083,44,44,30,3.4,4.6,3.9,17.7,26.85,78,5.49,Clouds,overcast clouds
2026-08-04 05:42:58,Delhi,Delhi,28.6139,77.209,95,95,,,,,,30.2,65,1.72,Rain,moderate rain
2026-08-04 05:42:58,Mumbai,Maharashtra,19.076,72.8777,158,158,,,,,,27.84,80,6.59,Rain,moderate rain
2026-08-04 05:42:58,Bangalore,Karnataka,12.9716,77.5946,53,53,27,2.9,11.2,4.1,5,21.44,84,4.61,Clouds,overcast clouds
2026-08-04 05:42:58,Kolkata,West Bengal,22.5726,88.3639,172,172,,,,,,28.25,86,2.44,Clouds,overcast clouds
2026-08-04 05:42:58,Chennai,Tamil Nadu,13.0827,80.2707,46,46,,,,,,28.13,79,0.45,Clouds,overcast clouds
2026-08-04 05:42:58,Hyderabad,Telangana,17.385,78.4867,93,93,,,,,,24.52,83,5.75,Clouds,overcast clouds
2026-08-04 05:42:58,Pune,Maharashtra,18.5204,73.8567,232,232,138,51,198,,61,23.38,87,2.55,Clouds,overcast clouds
2026-08-04 05:42:58,Lucknow,Uttar Pradesh,26.8467,80.9462,128,128,91,10.8,3,3.4,28.4,28.49,82,1.02,Rain,heavy intensity rain
2026-08-04 05:42:58,Patna,Bihar,25.5941,85.1376,21,107,,1,0.5,0.6,20.9,29.01,78,1.85,Rain,light rain
2026-08-04 05:42:58,Ahmedabad,Gujarat,23.0225,72.5714,108,108,68,0.2,7.3,48.2,11.2,27.13,76,3.14,Clouds,overcast clouds
2026-08-04 05:42:58,Jaipur,Rajasthan,26.9124,75.7873,129,129,78,18.8,9.6,10.1,11.3,26.47,84,4.3,Rain,moderate rain
2026-08-04 05:42:58,Chandigarh,Chandigarh,30.7333,76.7794,43,13,6,1.9,3.7,3.1,42.7,27.06,80,2.37,Rain,moderate rain
2026-08-04 05:42:58,Bhopal,Madhya Pradesh,23.2599,77.4126,50,50,37,5,5.3,6.1,22,24.06,94,3.79,Clouds,overcast clouds
2026-08-04 05:42:58,Kanpur,Uttar Pradesh,26.4499,80.3319,150,150,86,6.3,9.9,0.4,5.4,29.7,72,2.33,Rain,light rain
2026-08-04 05:42:58,Guwahati,Assam,26.1445,91.7362,26,13,6,2.8,4.6,2.6,26.4,24.44,98,0.75,Rain,light rain
2026-08-04 05:42:58,Itanagar,Arunachal Pradesh,27.0844,93.6053,29,13,6,1,2.8,2.6,29.3,24.81,97,0.74,Rain,moderate rain
2026-08-04 05:42:58,Dispur,Assam,26.1433,91.7898,26,13,6,2.8,4.6,2.6,26.4,25.58,98,0.71,Rain,light rain
2026-08-04 05:42:58,Raipur,Chhattisgarh,21.2514,81.6296,113,113,90,3,3.4,0.5,16.8,26.53,85,3.27,Clouds,overcast clouds
2026-08-04 05:42:58,Gandhinagar,Gujarat,23.2156,72.6369,76,60,76,3.2,3.4,0.5,0.9,26.26,81,3.03,Clouds,overcast clouds
2026-08-04 05:42:58,Shimla,Himachal Pradesh,31.1048,77.1734,43,13,6,1.9,3.7,3.1,42.7,16.91,91,1.18,Clear,clear sky
2026-08-04 05:42:58,Thiruvananthapuram,Kerala,8.5241,76.9366,32,32,,,,,,23.83,91,4.16,Rain,light rain
2026-08-04 05:42:58,Imphal,Manipur,24.817,93.9368,15,13,6,4.6,1.4,5.1,15.1,21.86,98,0.65,Clouds,overcast clouds
2026-08-04 05:42:58,Shillong,Meghalaya,25.5788,91.8933,26,13,6,2.8,4.6,2.6,26.4,19.61,99,1.16,Rain,moderate rain
2026-08-04 05:42:58,Aizawl,Mizoram,23.7271,92.7176,17,13,17,0.6,0.5,5.8,2.3,19.98,100,0.63,Clouds,overcast clouds
2026-08-04 05:42:58,Kohima,Nagaland,25.6751,94.1086,15,13,6,4.6,1.4,5.1,15.1,19.26,96,0.59,Clouds,overcast clouds
2026-08-04 05:42:58,Gangtok,Sikkim,27.3389,88.6065,69,69,48,0.7,2.5,0.4,4.3,21.26,97,0.95,Rain,light rain
2026-08-04 05:42:58,Agartala,Tripura,23.8315,91.2868,114,114,68,3.5,6.3,2.9,5.8,25.76,95,2.61,Clouds,overcast clouds
2026-08-04 05:42:58,Dehradun,Uttarakhand,30.3165,78.0322,43,13,6,1.9,3.7,3.1,42.7,23.89,92,1.36,Clouds,broken clouds
2026-08-04 05:42:58,Port Blair,Andaman and Nicobar Islands,11.6234,92.7265,31,31,,,2.9,0.6,,27.38,83,3.71,Rain,light rain
2026-08-04 05:42:58,Daman,Dadra and Nagar Haveli and Daman and Diu,20.3974,72.8328,89,89,64,,5.6,6.7,2.9,27.12,87,5.11,Rain,light rain
2026-08-04 05:42:58,Srinagar,Jammu and Kashmir,34.0837,74.7973,122,122,92,2.8,2.8,4.1,36.2,20.59,88,0.22,Rain,light rain
2026-08-04 05:42:58,Leh,Ladakh,34.1526,77.5771,43,13,6,1.9,3.7,3.1,42.7,16.45,65,2.02,Clouds,broken clouds
2026-08-04 05:42:58,Puducherry,Puducherry,11.9416,79.8083,44,44,30,3.4,4.6,3.9,17.7,26.29,78,5.16,Clouds,overcast clouds
2026-08-04 09:20:03,Delhi,Delhi,28.6139,77.209,95,95,,,,,,32.38,56,2.08,Clouds,overcast clouds
2026-08-04 09:20:03,Mumbai,Maharashtra,19.076,72.8777,158,158,,,,,,28.74,75,5.41,Rain,light rain
2026-08-04 09:20:03,Bangalore,Karnataka,12.9716,77.5946,53,53,27,2.9,11.2,4.1,5,23.1,78,6.72,Clouds,overcast clouds
2026-08-04 09:20:03,Kolkata,West Bengal,22.5726,88.3639,172,172,,,,,,33.42,66,3.02,Clouds,overcast clouds
2026-08-04 09:20:03,Chennai,Tamil Nadu,13.0827,80.2707,46,46,,,,,,31.92,67,2.24,Clouds,overcast clouds
2026-08-04 09:20:03,Hyderabad,Telangana,17.385,78.4867,93,93,,,,,,27.6,67,7.11,Clouds,overcast clouds
2026-08-04 09:20:03,Pune,Maharashtra,18.5204,73.8567,232,232,138,51,198,,61,26.16,67,3.65,Clouds,overcast clouds
2026-08-04 09:20:03,Lucknow,Uttar Pradesh,26.8467,80.9462,128,128,91,10.8,3,3.4,28.4,27.47,88,3.07,Rain,light rain
2026-08-04 09:20:03,Patna,Bihar,25.5941,85.1376,21,107,,1,0.5,0.6,20.9,32.97,59,3.21,Rain,light rain
2026-08-04 09:20:03,Ahmedabad,Gujarat,23.0225,72.5714,108,108,68,0.2,7.3,48.2,11.2,30.66,57,4.01,Clouds,overcast clouds
2026-08-04 09:20:03,Jaipur,Rajasthan,26.9124,75.7873,129,129,78,18.8,9.6,10.1,11.3,29.5,68,6.69,Clouds,overcast clouds
2026-08-04 09:20:03,Chandigarh,Chandigarh,30.7333,76.7794,43,13,13,1.9,5.5,2.6,42.7,31.45,64,2.93,Rain,light rain
2026-08-04 09:20:03,Bhopal,Madhya Pradesh,23.2599,77.4126,50,50,37,5,5.3,6.1,22,27.04,81,5.64,Rain,light rain
2026-08-04 09:20:03,Kanpur,Uttar Pradesh,26.4499,80.3319,150,150,86,6.3,9.9,0.4,5.4,31.46,62,2.38,Clouds,overcast clouds
2026-08-04 09:20:03,Guwahati,Assam,26.1445,91.7362,25,13,12,2.8,5.5,2.1,25.2,25.97,93,0.7,Rain,light rain
2026-08-04 09:20:03,Itanagar,Arunachal Pradesh,27.0844,93.6053,25,13,7,1.9,5.5,3.1,25.2,25.09,99,0.09,Rain,moderate rain
2026-08-04 09:20:03,Dispur,Assam,26.1433,91.7898,25,13,12,2.8,5.5,2.1,25.2,27.12,93,0.58,Rain,light rain
2026-08-04 09:20:03,Raipur,Chhattisgarh,21.2514,81.6296,113,113,90,3,3.4,0.5,16.8,30.08,69,3.84,Clouds,overcast clouds
2026-08-04 09:20:03,Gandhinagar,Gujarat,23.2156,72.6369,76,60,76,3.2,3.4,0.5,0.9,30.01,62,3.86,Clouds,overcast clouds
2026-08-04 09:20:03,Shimla,Himachal Pradesh,31.1048,77.1734,43,13,13,1.9,5.5,2.6,42.7,21.9,75,1.32,Clouds,broken clouds
2026-08-04 09:20:03,Thiruvananthapuram,Kerala,8.5241,76.9366,31,31,,,,,,26.11,83,4.31,Clouds,overcast clouds
2026-08-04 09:20:03,Imphal,Manipur,24.817,93.9368,14,13,6,5.5,2.8,5.1,13.5,23.62,94,0.67,Clouds,overcast clouds
2026-08-04 09:20:03,Shillong,Meghalaya,25.5788,91.8933,25,13,12,2.8,5.5,2.1,25.2,20.39,100,1.23,Rain,light rain
2026-08-04 09:20:03,Aizawl,Mizoram,23.7271,92.7176,17,13,17,0.6,0.5,5.8,2.3,20.12,100,1.22,Rain,moderate rain
2026-08-04 09:20:03,Kohima,Nagaland,25.6751,94.1086,14,13,6,5.5,2.8,5.1,13.5,21.55,91,1.05,Rain,light rain
2026-08-04 09:20:03,Gangtok,Sikkim,27.3389,88.6065,69,69,48,0.7,2.5,0.4,4.3,25.15,82,1.75,Rain,light rain
2026-08-04 09:20:03,Agartala,Tripura,23.8315,91.2868,114,114,68,3.5,6.3,2.9,5.8,29.81,81,4.84,Clouds,overcast clouds
2026-08-04 09:20:03,Dehradun,Uttarakhand,30.3165,78.0322,43,13,13,1.9,5.5,2.6,42.7,27.6,84,1.12,Rain,moderate rain
2026-08-04 09:20:03,Port Blair,Andaman and Nicobar Islands,11.6234,92.7265,33,33,,,4.7,0.6,,28.92,78,4.98,Clouds,overcast clouds
2026-08-04 09:20:03,Daman,Dadra and Nagar Haveli and Daman and Diu,20.3974,72.8328,89,89,64,,5.6,6.7,2.9,27.98,84,5.63,Rain,light rain
2026-08-04 09:20:03,Srinagar,Jammu and Kashmir,34.0837,74.7973,159,159,151,4.6,11,4.1,30.1,25.59,67,0.8,Rain,light rain
2026-08-04 09:20:03,Leh,Ladakh,34.1526,77.5771,43,13,13,1.9,5.5,2.6,42.7,18.87,53,2.47,Rain,light rain
2026-08-04 09:20:03,Puducherry,Puducherry,11.9416,79.8083,44,44,30,3.4,4.6,3.9,17.7,30.74,61,5.81,Clouds,overcast clouds
2026-08-04 12:04:41,Delhi,Delhi,28.6139,77.209,95,95,,,,,,34.55,48,2.55,Clouds,overcast clouds
2026-08-04 12:04:41,Mumbai,Maharashtra,19.076,72.8777,158,158,,,,,,28.96,75,6.06,Rain,light rain
2026-08-04 12:04:41,Bangalore,Karnataka,12.9716,77.5946,53,53,27,2.9,11.2,4.1,5,24.55,86,6.37,Clouds,overcast clouds
2026-08-04 12:04:41,Kolkata,West Bengal,22.5726,88.3639,172,172,,,,,,34.84,61,3.71,Clouds,overcast clouds
2026-08-04 12:04:41,Chennai,Tamil Nadu,13.0827,80.2707,46,46,,,,,,34.77,58,1.34,Clouds,overcast clouds
2026-08-04 12:04:41,Hyderabad,Telangana,17.385,78.4867,93,93,,,,,,30.08,57,6.63,Clouds,overcast clouds
2026-08-04 12:04:41,Pune,Maharashtra,18.5204,73.8567,232,232,138,51,198,,61,28.94,61,5.42,Clouds,overcast clouds
2026-08-04 12:04:41,Lucknow,Uttar Pradesh,26.8467,80.9462,128,128,91,10.8,3,3.4,28.4,27.3,83,3.65,Clouds,overcast clouds
2026-08-04 12:04:41,Patna,Bihar,25.5941,85.1376,21,107,,1,0.5,0.6,20.9,35.59,49,2.52,Clouds,overcast clouds
2026-08-04 12:04:41,Ahmedabad,Gujarat,23.0225,72.5714,108,108,68,0.2,7.3,48.2,11.2,32.33,51,4.44,Clouds,overcast clouds
2026-08-04 12:04:41,Jaipur,Rajasthan,26.9124,75.7873,129,129,78,18.8,9.6,10.1,11.3,31.63,60,5.97,Clouds,overcast clouds
2026-08-04 12:04:41,Chandigarh,Chandigarh,30.7333,76.7794,49,13,8,1.9,2.3,2.6,49.2,34.69,51,3.81,Clouds,broken clouds
2026-08-04 12:04:41,Bhopal,Madhya Pradesh,23.2599,77.4126,50,50,37,5,5.3,6.1,22,28.96,73,4.89,Clouds,overcast clouds
2026-08-04 12:04:41,Kanpur,Uttar Pradesh,26.4499,80.3319,150,150,86,6.3,9.9,0.4,5.4,32.14,60,3.28,Clouds,overcast clouds
2026-08-04 12:04:41,Guwahati,Assam,26.1445,91.7362,35,25,9,2.8,4.2,2.6,35.4,27.44,85,0.35,Rain,light rain
2026-08-04 12:04:41,Itanagar,Arunachal Pradesh,27.0844,93.6053,39,13,8,1.9,4.2,3.1,39,27.29,94,1.34,Clouds,overcast clouds
2026-08-04 12:04:41,Dispur,Assam,26.1433,91.7898,35,25,9,2.8,4.2,2.6,35.4,28.86,85,0.79,Rain,light rain
2026-08-04 12:04:41,Raipur,Chhattisgarh,21.2514,81.6296,113,113,90,3,3.4,0.5,16.8,33.6,54,3.35,Clouds,overcast clouds
2026-08-04 12:04:41,Gandhinagar,Gujarat,23.2156,72.6369,76,60,76,3.2,3.4,0.5,0.9,33.14,50,4.42,Clouds,overcast clouds
2026-08-04 12:04:41,Shimla,Himachal Pradesh,31.1048,77.1734,49,13,8,1.9,2.3,2.6,49.2,23.72,69,2.62,Rain,light rain
2026-08-04 12:04:41,Thiruvananthapuram,Kerala,8.5241,76.9366,33,33,,,,,,28.96,67,5.55,Clouds,overcast clouds
2026-08-04 12:04:41,Imphal,Manipur,24.817,93.9368,30,30,7,5.5,3.2,5.6,15.5,26.21,86,2.05,Rain,light rain
2026-08-04 12:04:41,Shillong,Meghalaya,25.5788,91.8933,35,25,9,2.8,4.2,2.6,35.4,20.43,95,1.6,Rain,heavy intensity rain
2026-08-04 12:04:41,Aizawl,Mizoram,23.7271,92.7176,17,13,17,0.6,0.5,5.8,2.3,23.04,87,1.41,Rain,light rain
2026-08-04 12:04:41,Kohima,Nagaland,25.6751,94.1086,30,30,7,5.5,3.2,5.6,15.5,21.22,98,1.26,Rain,light rain
2026-08-04 12:04:41,Gangtok,Sikkim,27.3389,88.6065,69,69,48,0.7,2.5,0.4,4.3,25.86,83,2.2,Rain,light rain
2026-08-04 12:04:41,Agartala,Tripura,23.8315,91.2868,114,114,68,3.5,6.3,2.9,5.8,29.6,82,4.77,Clouds,overcast clouds
2026-08-04 12:04:41,Dehradun,Uttarakhand,30.3165,78.0322,49,13,8,1.9,2.3,2.6,49.2,27.51,87,2.01,Clouds,overcast clouds
2026-08-04 12:04:41,Port Blair,Andaman and Nicobar Islands,11.6234,92.7265,35,35,,,2.9,1.1,,29.45,75,5.59,Clouds,few clouds
2026-08-04 12:04:41,Daman,Dadra and Nagar Haveli and Daman and Diu,20.3974,72.8328,89,89,64,,5.6,6.7,2.9,28.92,79,6.36,Rain,light rain
2026-08-04 12:04:41,Srinagar,Jammu and Kashmir,34.0837,74.7973,154,154,148,4.6,7.4,4.6,36.2,28.92,61,0.45,Clouds,few clouds
2026-08-04 12:04:41,Leh,Ladakh,34.1526,77.5771,49,13,8,1.9,2.3,2.6,49.2,22.45,37,3.23,Clouds,scattered clouds
2026-08-04 12:04:41,Puducherry,Puducherry,11.9416,79.8083,44,44,30,3.4,4.6,3.9,17.7,34.07,50,3.41,Clouds,overcast clouds
2026-08-04 15:13:04,Delhi,Delhi,28.6139,77.209,95,95,,,,,,32.84,61,4.28,Rain,moderate rain
2026-08-04 15:13:04,Mumbai,Maharashtra,19.076,72.8777,158,158,,,,,,29.39,75,6.86,Rain,light rain
2026-08-04 15:13:04,Bangalore,Karnataka,12.9716,77.5946,53,53,27,2.9,11.2,4.1,5,27.57,66,0.89,Clouds,overcast clouds
2026-08-04 15:13:04,Kolkata,West Bengal,22.5726,88.3639,172,172,,,,,,33.32,67,4.8,Rain,moderate rain
2026-08-04 15:13:04,Chennai,Tamil Nadu,13.0827,80.2707,46,46,,,,,,33.91,63,1.34,Clouds,overcast clouds
2026-08-04 15:13:04,Hyderabad,Telangana,17.385,78.4867,93,93,,,,,,30.01,59,6.1,Rain,light rain
2026-08-04 15:13:04,Pune,Maharashtra,18.5204,73.8567,232,232,138,51,198,,61,28.67,50,6.08,Rain,light rain
2026-08-04 15:13:04,Lucknow,Uttar Pradesh,26.8467,80.9462,128,128,91,10.8,3,3.4,28.4,27.88,79,2.4,Clouds,overcast clouds
2026-08-04 15:13:04,Patna,Bihar,25.5941,85.1376,21,107,,1,0.5,0.6,20.9,35.67,47,1.97,Clouds,overcast clouds
2026-08-04 15:13:04,Ahmedabad,Gujarat,23.0225,72.5714,108,108,68,0.2,7.3,48.2,11.2,33.46,48,4.44,Clouds,overcast clouds
2026-08-04 15:13:04,Jaipur,Rajasthan,26.9124,75.7873,129,129,78,18.8,9.6,10.1,11.3,32.53,57,6.29,Clouds,overcast clouds
2026-08-04 15:13:04,Chandigarh,Chandigarh,30.7333,76.7794,56,13,6,1.9,1,2.1,55.8,32.54,59,3.71,Rain,light rain
2026-08-04 15:13:04,Bhopal,Madhya Pradesh,23.2599,77.4126,50,50,37,5,5.3,6.1,22,29.14,71,5.12,Rain,light rain
2026-08-04 15:13:04,Kanpur,Uttar Pradesh,26.4499,80.3319,150,150,86,6.3,9.9,0.4,5.4,30.05,70,2.45,Rain,moderate rain
2026-08-04 15:13:04,Guwahati,Assam,26.1445,91.7362,45,13,10,2.8,3.7,2.6,45.1,28.45,84,0.82,Rain,light rain
2026-08-04 15:13:04,Itanagar,Arunachal Pradesh,27.0844,93.6053,50,13,7,1.9,3.7,3.1,49.6,28.18,88,0.73,Clouds,overcast clouds
2026-08-04 15:13:04,Dispur,Assam,26.1433,91.7898,45,13,10,2.8,3.7,2.6,45.1,29.3,87,0.6,Rain,light rain
2026-08-04 15:13:04,Raipur,Chhattisgarh,21.2514,81.6296,113,113,90,3,3.4,0.5,16.8,33.73,52,3.36,Rain,light rain
2026-08-04 15:13:04,Gandhinagar,Gujarat,23.2156,72.6369,76,60,76,3.2,3.4,0.5,0.9,33.79,48,5.73,Clouds,overcast clouds
2026-08-04 15:13:04,Shimla,Himachal Pradesh,31.1048,77.1734,56,13,6,1.9,1,2.1,55.8,21.42,83,2.22,Rain,light rain
2026-08-04 15:13:04,Thiruvananthapuram,Kerala,8.5241,76.9366,33,33,,,,,,28.1,72,6.74,Rain,light rain
2026-08-04 15:13:04,Imphal,Manipur,24.817,93.9368,27,25,7,5.5,2.8,5.1,26.9,25.71,86,0.85,Rain,light rain
2026-08-04 15:13:04,Shillong,Meghalaya,25.5788,91.8933,45,13,10,2.8,3.7,2.6,45.1,21.95,90,1.58,Rain,light rain
2026-08-04 15:13:04,Aizawl,Mizoram,23.7271,92.7176,17,13,17,0.6,0.5,5.8,2.3,22.82,96,1.23,Rain,moderate rain
2026-08-04 15:13:04,Kohima,Nagaland,25.6751,94.1086,27,25,7,5.5,2.8,5.1,26.9,21.1,98,0.34,Rain,light rain
2026-08-04 15:13:04,Gangtok,Sikkim,27.3389,88.6065,69,69,48,0.7,2.5,0.4,4.3,24.93,91,1.97,Rain,light rain
2026-08-04 15:13:04,Agartala,Tripura,23.8315,91.2868,114,114,68,3.5,6.3,2.9,5.8,28.2,89,4.53,Rain,light rain
2026-08-04 15:13:04,Dehradun,Uttarakhand,30.3165,78.0322,56,13,6,1.9,1,2.1,55.8,26.2,93,1.57,Rain,moderate rain
2026-08-04 15:13:04,Port Blair,Andaman and Nicobar Islands,11.6234,92.7265,35,35,,,2.4,0.6,,28.94,77,6.07,Clouds,broken clouds
2026-08-04 15:13:04,Daman,Dadra and Nagar Haveli and Daman and Diu,20.3974,72.8328,89,89,64,,5.6,6.7,2.9,28.78,79,6.48,Clouds,overcast clouds
2026-08-04 15:13:04,Srinagar,Jammu and Kashmir,34.0837,74.7973,122,122,113,3.7,1.4,4.1,48.8,30,46,0.82,Rain,light rain
2026-08-04 15:13:04,Leh,Ladakh,34.1526,77.5771,56,13,6,1.9,1,2.1,55.8,24.22,28,3.69,Clouds,broken clouds
2026-08-04 15:13:04,Puducherry,Puducherry,11.9416,79.8083,44,44,30,3.4,4.6,3.9,17.7,35.74,48,1.06,Rain,light rain
2026-08-04 17:36:30,Delhi,Delhi,28.6139,77.209,95,95,,,,,,30.98,69,3.58,Rain,light rain
2026-08-04 17:36:30,Mumbai,Maharashtra,19.076,72.8777,158,158,,,,,,28.65,76,7.17,Rain,light rain
2026-08-04 17:36:30,Bangalore,Karnataka,12.9716,77.5946,53,53,27,2.9,11.2,4.1,5,27.75,68,5.81,Rain,light rain
2026-08-04 17:36:30,Kolkata,West Bengal,22.5726,88.3639,172,172,,,,,,31.56,71,4.89,Clouds,overcast clouds
2026-08-04 17:36:30,Chennai,Tamil Nadu,13.0827,80.2707,46,46,,,,,,29.05,75,0.45,Clouds,overcast clouds
2026-08-04 17:36:30,Hyderabad,Telangana,17.385,78.4867,93,93,,,,,,28.8,65,5.19,Clouds,overcast clouds
2026-08-04 17:36:30,Pune,Maharashtra,18.5204,73.8567,232,232,138,51,198,,61,25.61,71,5.09,Clouds,overcast clouds
2026-08-04 17:36:30,Lucknow,Uttar Pradesh,26.8467,80.9462,128,128,91,10.8,3,3.4,28.4,28.51,76,1.15,Clouds,overcast clouds
2026-08-04 17:36:30,Patna,Bihar,25.5941,85.1376,21,107,,1,0.5,0.6,20.9,35.04,50,1.44,Rain,light rain
2026-08-04 17:36:30,Ahmedabad,Gujarat,23.0225,72.5714,108,108,68,0.2,7.3,48.2,11.2,32.37,54,3.98,Clouds,overcast clouds
2026-08-04 17:36:30,Jaipur,Rajasthan,26.9124,75.7873,129,129,78,18.8,9.6,10.1,11.3,31.74,59,5.88,Rain,light rain
2026-08-04 17:36:30,Chandigarh,Chandigarh,30.7333,76.7794,48,13,8,1.9,1,3.1,48,32,64,2.05,Clouds,broken clouds
2026-08-04 17:36:30,Bhopal,Madhya Pradesh,23.2599,77.4126,50,50,37,5,5.3,6.1,22,27.86,78,3.75,Rain,light rain
2026-08-04 17:36:30,Kanpur,Uttar Pradesh,26.4499,80.3319,150,150,86,6.3,9.9,0.4,5.4,29.52,74,2.5,Clouds,overcast clouds
2026-08-04 17:36:30,Guwahati,Assam,26.1445,91.7362,42,13,7,2.8,5.1,3.1,42.3,27.48,91,0.25,Clouds,overcast clouds
2026-08-04 17:36:30,Itanagar,Arunachal Pradesh,27.0844,93.6053,48,13,8,1.9,4.6,3.1,48,26.56,97,0.43,Rain,moderate rain
2026-08-04 17:36:30,Dispur,Assam,26.1433,91.7898,42,13,7,2.8,5.1,3.1,42.3,28.43,92,0.33,Clouds,overcast clouds
2026-08-04 17:36:30,Raipur,Chhattisgarh,21.2514,81.6296,113,113,90,3,3.4,0.5,16.8,31.19,66,4.56,Clouds,overcast clouds
2026-08-04 17:36:30,Gandhinagar,Gujarat,23.2156,72.6369,76,60,76,3.2,3.4,0.5,0.9,31.52,59,5.37,Clouds,overcast clouds
2026-08-04 17:36:30,Shimla,Himachal Pradesh,31.1048,77.1734,48,13,8,1.9,1,3.1,48,21.19,84,1.83,Rain,light rain
2026-08-04 17:36:30,Thiruvananthapuram,Kerala,8.5241,76.9366,30,30,,,,,,26.21,81,6.08,Clouds,broken clouds
2026-08-04 17:36:30,Imphal,Manipur,24.817,93.9368,46,46,7,6.4,5.5,4.1,20.8,23.96,93,0.57,Rain,moderate rain
2026-08-04 17:36:30,Shillong,Meghalaya,25.5788,91.8933,42,13,7,2.8,5.1,3.1,42.3,20.7,96,1.02,Rain,light rain
2026-08-04 17:36:30,Aizawl,Mizoram,23.7271,92.7176,17,13,17,0.6,0.5,5.8,2.3,21.33,99,1.09,Rain,light rain
2026-08-04 17:36:30,Kohima,Nagaland,25.6751,94.1086,46,46,7,6.4,5.5,4.1,20.8,20.53,98,0.43,Rain,light rain
2026-08-04 17:36:30,Gangtok,Sikkim,27.3389,88.6065,69,69,48,0.7,2.5,0.4,4.3,23.5,96,0.83,Rain,light rain
2026-08-04 17:36:30,Agartala,Tripura,23.8315,91.2868,114,114,68,3.5,6.3,2.9,5.8,27,92,3.6,Rain,light rain
2026-08-04 17:36:30,Dehradun,Uttarakhand,30.3165,78.0322,48,13,8,1.9,1,3.1,48,24.77,97,1.13,Rain,moderate rain
2026-08-04 17:36:30,Port Blair,Andaman and Nicobar Islands,11.6234,92.7265,35,35,,,4.1,0.6,,28.06,82,6.32,Rain,light rain
2026-08-04 17:36:30,Daman,Dadra and Nagar Haveli and Daman and Diu,20.3974,72.8328,89,89,64,,5.6,6.7,2.9,28.02,84,7.01,Rain,light rain
2026-08-04 17:36:30,Srinagar,Jammu and Kashmir,34.0837,74.7973,139,139,110,2.8,1.4,3.6,48,28.36,60,0.45,Clouds,scattered clouds
2026-08-04 17:36:30,Leh,Ladakh,34.1526,77.5771,48,13,8,1.9,1,3.1,48,24.03,29,3.27,Clouds,broken clouds
2026-08-04 17:36:30,Puducherry,Puducherry,11.9416,79.8083,44,44,30,3.4,4.6,3.9,17.7,35.18,58,2.91,Clouds,overcast clouds
2026-08-04 20:34:32,Delhi,Delhi,28.6139,77.209,95,95,,,,,,29.26,75,5.09,Rain,light rain
2026-08-04 20:34:32,Mumbai,Maharashtra,19.076,72.8777,158,158,,,,,,28.27,78,6.43,Rain,light rain
2026-08-04 20:34:32,Bangalore,Karnataka,12.9716,77.5946,53,53,27,2.9,11.2,4.1,5,21.45,90,5.99,Rain,light rain
2026-08-04 20:34:32,Kolkata,West Bengal,22.5726,88.3639,172,172,,,,,,29.45,81,4.27,Clouds,overcast clouds
2026-08-04 20:34:32,Chennai,Tamil Nadu,13.0827,80.2707,46,46,,,,,,30.47,79,0.89,Clouds,overcast clouds
2026-08-04 20:34:32,Hyderabad,Telangana,17.385,78.4867,93,93,,,,,,26.48,76,3.1,Clouds,broken clouds
2026-08-04 20:34:32,Pune,Maharashtra,18.5204,73.8567,232,232,138,51,198,,61,24.49,70,3.83,Clouds,overcast clouds
2026-08-04 20:34:32,Lucknow,Uttar Pradesh,26.8467,80.9462,128,128,91,10.8,3,3.4,28.4,27.6,86,1.32,Clouds,overcast clouds
2026-08-04 20:34:32,Patna,Bihar,25.5941,85.1376,21,107,,1,0.5,0.6,20.9,32.99,60,3.25,Rain,moderate rain
2026-08-04 20:34:32,Ahmedabad,Gujarat,23.0225,72.5714,108,108,68,0.2,7.3,48.2,11.2,31.67,58,3.72,Clouds,overcast clouds
2026-08-04 20:34:32,Jaipur,Rajasthan,26.9124,75.7873,129,129,78,18.8,9.6,10.1,11.3,29.38,70,3.33,Rain,light rain
2026-08-04 20:34:32,Chandigarh,Chandigarh,30.7333,76.7794,44,13,13,1.9,5.5,2.1,43.5,26.79,86,6.38,Rain,light rain
2026-08-04 20:34:32,Bhopal,Madhya Pradesh,23.2599,77.4126,50,50,37,5,5.3,6.1,22,25.77,87,2.98,Clouds,overcast clouds
2026-08-04 20:34:32,Kanpur,Uttar Pradesh,26.4499,80.3319,150,150,86,6.3,9.9,0.4,5.4,28.3,81,1.53,Clouds,overcast clouds
2026-08-04 20:34:32,Guwahati,Assam,26.1445,91.7362,34,25,8,2.8,3.7,2.6,34.2,25.25,95,0.32,Rain,moderate rain
2026-08-04 20:34:32,Itanagar,Arunachal Pradesh,27.0844,93.6053,32,30,14,2.8,7.4,3.1,31.7,24.76,98,1.21,Rain,light rain
2026-08-04 20:34:32,Dispur,Assam,26.1433,91.7898,34,25,8,2.8,3.7,2.6,34.2,26.22,96,0.41,Rain,moderate rain
2026-08-04 20:34:32,Raipur,Chhattisgarh,21.2514,81.6296,113,113,90,3,3.4,0.5,16.8,30.01,71,4.41,Rain,light rain
2026-08-04 20:34:32,Gandhinagar,Gujarat,23.2156,72.6369,76,60,76,3.2,3.4,0.5,0.9,30.85,61,2.78,Clouds,overcast clouds
2026-08-04 20:34:32,Shimla,Himachal Pradesh,31.1048,77.1734,44,13,13,1.9,5.5,2.1,43.5,17.01,91,0.81,Rain,moderate rain
2026-08-04 20:34:32,Thiruvananthapuram,Kerala,8.5241,76.9366,41,41,,,,,,24.96,87,4.84,Clouds,overcast clouds
2026-08-04 20:34:32,Imphal,Manipur,24.817,93.9368,55,55,7,6.4,6.9,5.6,15.9,22.33,97,0.29,Clouds,overcast clouds
2026-08-04 20:34:32,Shillong,Meghalaya,25.5788,91.8933,34,25,8,2.8,3.7,2.6,34.2,18.6,98,1.84,Rain,light rain
2026-08-04 20:34:32,Aizawl,Mizoram,23.7271,92.7176,17,13,17,0.6,0.5,5.8,2.3,20.24,99,1.03,Rain,light rain
2026-08-04 20:34:32,Kohima,Nagaland,25.6751,94.1086,55,55,7,6.4,6.9,5.6,15.9,19.08,98,0.9,Rain,light rain
2026-08-04 20:34:32,Gangtok,Sikkim,27.3389,88.6065,69,69,48,0.7,2.5,0.4,4.3,21.85,98,0.69,Clouds,overcast clouds
2026-08-04 20:34:32,Agartala,Tripura,23.8315,91.2868,114,114,68,3.5,6.3,2.9,5.8,25.95,96,3.09,Clouds,overcast clouds
2026-08-04 20:34:32,Dehradun,Uttarakhand,30.3165,78.0322,44,13,13,1.9,5.5,2.1,43.5,23.66,97,0.46,Clouds,overcast clouds
2026-08-04 20:34:32,Port Blair,Andaman and Nicobar Islands,11.6234,92.7265,35,35,,,4.1,0.6,,27.79,82,6.59,Rain,moderate rain
2026-08-04 20:34:32,Daman,Dadra and Nagar Haveli and Daman and Diu,20.3974,72.8328,89,89,64,,5.6,6.7,2.9,27.42,86,6.83,Clouds,overcast clouds
2026-08-04 20:34:32,Srinagar,Jammu and Kashmir,34.0837,74.7973,91,91,78,2.8,1.9,3.6,48.4,23.92,74,0.46,Rain,light rain
2026-08-04 20:34:32,Leh,Ladakh,34.1526,77.5771,44,13,13,1.9,5.5,2.1,43.5,22.49,32,3.19,Clouds,scattered clouds
2026-08-04 20:34:32,Puducherry,Puducherry,11.9416,79.8083,44,44,30,3.4,4.6,3.9,17.7,31.29,71,3.68,Clouds,overcast clouds
2026-08-04 22:44:05,Delhi,Delhi,28.6139,77.209,95,95,,,,,,28.68,78,4.06,Clouds,overcast clouds
2026-08-04 22:44:05,Mumbai,Maharashtra,19.076,72.8777,158,158,,,,,,28.11,76,6.45,Rain,light rain
2026-08-04 22:44:05,Bangalore,Karnataka,12.9716,77.5946,53,53,27,2.9,11.2,4.1,5,20.31,92,4.92,Clouds,overcast clouds
2026-08-04 22:44:05,Kolkata,West Bengal,22.5726,88.3639,172,172,,,,,,28.98,85,4.32,Clouds,overcast clouds
2026-08-04 22:44:05,Chennai,Tamil Nadu,13.0827,80.2707,46,46,,,,,,27.78,88,1.34,Rain,very heavy rain
2026-08-04 22:44:05,Hyderabad,Telangana,17.385,78.4867,93,93,,,,,,26,77,3.03,Clouds,broken clouds
2026-08-04 22:44:05,Pune,Maharashtra,18.5204,73.8567,232,232,138,51,198,,61,23.94,76,2.98,Clouds,overcast clouds
2026-08-04 22:44:05,Lucknow,Uttar Pradesh,26.8467,80.9462,128,128,91,10.8,3,3.4,28.4,27.35,86,0.35,Clouds,overcast clouds
2026-08-04 22:44:05,Patna,Bihar,25.5941,85.1376,21,107,,1,0.5,0.6,20.9,31.51,67,3.43,Rain,light rain
2026-08-04 22:44:05,Ahmedabad,Gujarat,23.0225,72.5714,108,108,68,0.2,7.3,48.2,11.2,30.45,64,3.82,Clouds,overcast clouds
2026-08-04 22:44:05,Jaipur,Rajasthan,26.9124,75.7873,129,129,78,18.8,9.6,10.1,11.3,29.05,71,3.9,Clouds,overcast clouds
2026-08-04 22:44:05,Chandigarh,Chandigarh,30.7333,76.7794,42,30,17,1.9,3.2,2.1,42.3,25.61,89,5.77,Clouds,overcast clouds
2026-08-04 22:44:05,Bhopal,Madhya Pradesh,23.2599,77.4126,50,50,37,5,5.3,6.1,22,25.4,88,3.2,Clouds,overcast clouds
2026-08-04 22:44:05,Kanpur,Uttar Pradesh,26.4499,80.3319,150,150,86,6.3,9.9,0.4,5.4,28.12,82,1.03,Clouds,overcast clouds
2026-08-04 22:44:05,Guwahati,Assam,26.1445,91.7362,30,30,11,3.7,9.2,2.6,24.8,25.2,95,0.87,Rain,light rain
2026-08-04 22:44:05,Itanagar,Arunachal Pradesh,27.0844,93.6053,28,25,12,2.8,8.3,3.1,27.7,24.47,98,1.2,Rain,light rain
2026-08-04 22:44:05,Dispur,Assam,26.1433,91.7898,30,30,11,3.7,9.2,2.6,24.8,26.23,95,0.86,Rain,light rain
2026-08-04 22:44:05,Raipur,Chhattisgarh,21.2514,81.6296,113,113,90,3,3.4,0.5,16.8,28.75,78,4,Clouds,overcast clouds
2026-08-04 22:44:05,Gandhinagar,Gujarat,23.2156,72.6369,76,60,76,3.2,3.4,0.5,0.9,30.03,66,4.24,Clouds,overcast clouds
2026-08-04 22:44:05,Shimla,Himachal Pradesh,31.1048,77.1734,42,30,17,1.9,3.2,2.1,42.3,18.07,91,0.21,Rain,light rain
2026-08-04 22:44:05,Thiruvananthapuram,Kerala,8.5241,76.9366,52,52,,,,,,24.79,87,4.66,Clouds,overcast clouds
2026-08-04 22:44:05,Imphal,Manipur,24.817,93.9368,59,59,7,6.4,8.3,5.1,11.4,22.02,98,0.4,Rain,light rain
2026-08-04 22:44:05,Shillong,Meghalaya,25.5788,91.8933,30,30,11,3.7,9.2,2.6,24.8,18.84,98,1.71,Rain,light rain
2026-08-04 22:44:05,Aizawl,Mizoram,23.7271,92.7176,59,59,7,6.4,8.3,5.1,11.4,19.94,99,0.84,Rain,light rain
2026-08-04 22:44:05,Kohima,Nagaland,25.6751,94.1086,59,59,7,6.4,8.3,5.1,11.4,18.98,98,0.56,Rain,light rain
2026-08-04 22:44:05,Gangtok,Sikkim,27.3389,88.6065,69,69,48,0.7,2.5,0.4,4.3,21.53,99,0.4,Rain,moderate rain
2026-08-04 22:44:05,Agartala,Tripura,23.8315,91.2868,114,114,68,3.5,6.3,2.9,5.8,25.76,96,3.03,Clouds,overcast clouds
2026-08-04 22:44:05,Dehradun,Uttarakhand,30.3165,78.0322,42,30,17,1.9,3.2,2.1,42.3,23.47,97,0.47,Clouds,overcast clouds
2026-08-04 22:44:05,Port Blair,Andaman and Nicobar Islands,11.6234,92.7265,35,35,,,4.1,0.6,,27.76,82,6.85,Rain,light rain
2026-08-04 22:44:05,Daman,Dadra and Nagar Haveli and Daman and Diu,20.3974,72.8328,89,89,64,,5.6,6.7,2.9,27.23,86,6.11,Clouds,overcast clouds
2026-08-04 22:44:05,Srinagar,Jammu and Kashmir,34.0837,74.7973,87,87,57,3.7,5.5,3.6,41.9,22.25,81,0.97,Rain,moderate rain
2026-08-04 22:44:05,Leh,Ladakh,34.1526,77.5771,42,30,17,1.9,3.2,2.1,42.3,21.7,34,2.75,Clouds,scattered clouds
2026-08-04 22:44:05,Puducherry,Puducherry,11.9416,79.8083,44,44,30,3.4,4.6,3.9,17.7,29.07,77,7.63,Rain,light rain
2026-08-05 00:39:29,Delhi,Delhi,28.6139,77.209,95,95,,,,,,28.8,76,1.85,Rain,light rain
2026-08-05 00:39:29,Mumbai,Maharashtra,19.076,72.8777,158,158,,,,,,28.04,79,6.58,Rain,light rain
2026-08-05 00:39:29,Bangalore,Karnataka,12.9716,77.5946,53,53,27,2.9,11.2,4.1,5,20.31,92,4.75,Clouds,overcast clouds
2026-08-05 00:39:29,Kolkata,West Bengal,22.5726,88.3639,172,172,,,,,,28.7,86,3.65,Rain,light rain
2026-08-05 00:39:29,Chennai,Tamil Nadu,13.0827,80.2707,46,46,,,,,,26.11,97,0.89,Clouds,overcast clouds
2026-08-05 00:39:29,Hyderabad,Telangana,17.385,78.4867,93,93,,,,,,25.47,80,4.28,Rain,light rain
2026-08-05 00:39:29,Pune,Maharashtra,18.5204,73.8567,232,232,138,51,198,,61,23.38,76,3.19,Rain,light rain
2026-08-05 00:39:29,Lucknow,Uttar Pradesh,26.8467,80.9462,128,128,91,10.8,3,3.4,28.4,27.14,87,1.41,Rain,light rain
2026-08-05 00:39:29,Patna,Bihar,25.5941,85.1376,21,107,,1,0.5,0.6,20.9,30.94,68,2.69,Rain,light rain
2026-08-05 00:39:29,Ahmedabad,Gujarat,23.0225,72.5714,108,108,68,0.2,7.3,48.2,11.2,29.64,70,4.41,Clouds,overcast clouds
2026-08-05 00:39:29,Jaipur,Rajasthan,26.9124,75.7873,129,129,78,18.8,9.6,10.1,11.3,26.77,76,3.45,Rain,light rain
2026-08-05 00:39:29,Chandigarh,Chandigarh,30.7333,76.7794,45,13,7,1.9,1.4,2.1,44.7,25.53,92,4.18,Rain,light rain
2026-08-05 00:39:29,Bhopal,Madhya Pradesh,23.2599,77.4126,50,50,37,5,5.3,6.1,22,24.7,88,3.5,Clouds,overcast clouds
2026-08-05 00:39:29,Kanpur,Uttar Pradesh,26.4499,80.3319,150,150,86,6.3,9.9,0.4,5.4,26.98,88,2,Rain,light rain
2026-08-05 00:39:29,Guwahati,Assam,26.1445,91.7362,21,13,10,2.8,7.8,2.6,21.2,24.75,95,1.18,Rain,heavy intensity rain
2026-08-05 00:39:29,Itanagar,Arunachal Pradesh,27.0844,93.6053,26,13,10,2.8,7.8,3.1,25.6,24.1,97,1.48,Rain,light rain
2026-08-05 00:39:29,Dispur,Assam,26.1433,91.7898,21,13,10,2.8,7.8,2.6,21.2,25.73,95,1.09,Rain,heavy intensity rain
2026-08-05 00:39:29,Raipur,Chhattisgarh,21.2514,81.6296,113,113,90,3,3.4,0.5,16.8,27.82,80,3.97,Rain,moderate rain
2026-08-05 00:39:29,Gandhinagar,Gujarat,23.2156,72.6369,76,60,76,3.2,3.4,0.5,0.9,28.81,74,4.49,Clouds,overcast clouds
2026-08-05 00:39:29,Shimla,Himachal Pradesh,31.1048,77.1734,45,13,7,1.9,1.4,2.1,44.7,17.27,92,0.32,Clouds,overcast clouds
2026-08-05 00:39:29,Thiruvananthapuram,Kerala,8.5241,76.9366,52,52,,,,,,24.57,89,4.05,Clouds,overcast clouds
2026-08-05 00:39:29,Imphal,Manipur,24.817,93.9368,42,42,7,5.5,3.7,5.1,17.1,21.91,99,0.55,Rain,light rain
2026-08-05 00:39:29,Shillong,Meghalaya,25.5788,91.8933,21,13,10,2.8,7.8,2.6,21.2,19.31,98,0.96,Rain,moderate rain
2026-08-05 00:39:29,Aizawl,Mizoram,23.7271,92.7176,42,42,7,5.5,3.7,5.1,17.1,19.66,100,0.91,Rain,light rain
2026-08-05 00:39:29,Kohima,Nagaland,25.6751,94.1086,42,42,7,5.5,3.7,5.1,17.1,19.06,98,0.65,Rain,light rain
2026-08-05 00:39:29,Gangtok,Sikkim,27.3389,88.6065,69,69,48,0.7,2.5,0.4,4.3,21.21,98,0.2,Rain,light rain
2026-08-05 00:39:29,Agartala,Tripura,23.8315,91.2868,114,114,68,3.5,6.3,2.9,5.8,25.22,97,2.76,Clouds,overcast clouds
2026-08-05 00:39:29,Dehradun,Uttarakhand,30.3165,78.0322,45,13,7,1.9,1.4,2.1,44.7,23.34,99,0.47,Rain,light rain
2026-08-05 00:39:29,Port Blair,Andaman and Nicobar Islands,11.6234,92.7265,22,22,,,2.4,0.6,,27.8,81,7.25,Clouds,overcast clouds
2026-08-05 00:39:29,Daman,Dadra and Nagar Haveli and Daman and Diu,20.3974,72.8328,89,89,64,,5.6,6.7,2.9,27.07,87,5.4,Rain,light rain
2026-08-05 00:39:29,Srinagar,Jammu and Kashmir,34.0837,74.7973,55,55,33,2.8,1.4,4.1,47.2,21.14,79,0.51,Rain,light rain
2026-08-05 00:39:29,Leh,Ladakh,34.1526,77.5771,45,13,7,1.9,1.4,2.1,44.7,19.92,45,2.62,Clear,clear sky
2026-08-05 00:39:29,Puducherry,Puducherry,11.9416,79.8083,44,44,30,3.4,4.6,3.9,17.7,25.18,88,6.55,Rain,light rain
2026-08-05 02:21:59,Delhi,Delhi,28.6139,77.209,95,95,,,,,,28.83,75,1.85,Rain,light rain
2026-08-05 02:21:59,Mumbai,Maharashtra,19.076,72.8777,158,158,,,,,,27.72,78,7.49,Rain,light rain
2026-08-05 02:21:59,Bangalore,Karnataka,12.9716,77.5946,53,53,27,2.9,11.2,4.1,5,20.31,92,0.45,Clouds,overcast clouds
2026-08-05 02:21:59,Kolkata,West Bengal,22.5726,88.3639,172,172,,,,,,28.25,86,3.21,Clouds,overcast clouds
2026-08-05 02:21:59,Chennai,Tamil Nadu,13.0827,80.2707,46,46,,,,,,25.89,96,0.45,Rain,heavy intensity rain
2026-08-05 02:21:59,Hyderabad,Telangana,17.385,78.4867,93,93,,,,,,25.08,81,5.48,Clouds,overcast clouds
2026-08-05 02:21:59,Pune,Maharashtra,18.5204,73.8567,232,232,138,51,198,,61,23.38,74,3.02,Clouds,overcast clouds
2026-08-05 02:21:59,Lucknow,Uttar Pradesh,26.8467,80.9462,128,128,91,10.8,3,3.4,28.4,26.84,88,1.49,Clouds,overcast clouds
2026-08-05 02:21:59,Patna,Bihar,25.5941,85.1376,21,107,,1,0.5,0.6,20.9,30.76,68,2.48,Rain,moderate rain
2026-08-05 02:21:59,Ahmedabad,Gujarat,23.0225,72.5714,108,108,68,0.2,7.3,48.2,11.2,28.46,75,4.34,Clouds,overcast clouds
2026-08-05 02:21:59,Jaipur,Rajasthan,26.9124,75.7873,129,129,78,18.8,9.6,10.1,11.3,27.4,73,3.1,Clouds,overcast clouds
2026-08-05 02:21:59,Chandigarh,Chandigarh,30.7333,76.7794,44,13,6,1.9,1,2.1,43.9,25.19,93,4.21,Clouds,broken clouds
2026-08-05 02:21:59,Bhopal,Madhya Pradesh,23.2599,77.4126,50,50,37,5,5.3,6.1,22,24.23,87,3.46,Clouds,overcast clouds
2026-08-05 02:21:59,Kanpur,Uttar Pradesh,26.4499,80.3319,150,150,86,6.3,9.9,0.4,5.4,26.82,88,1.61,Rain,light rain
2026-08-05 02:21:59,Guwahati,Assam,26.1445,91.7362,21,13,9,2.8,6.4,2.6,21.2,24.6,95,0.57,Rain,light rain
2026-08-05 02:21:59,Itanagar,Arunachal Pradesh,27.0844,93.6053,33,13,11,1.9,4.2,3.1,32.9,24.02,97,1.57,Rain,light rain
2026-08-05 02:21:59,Dispur,Assam,26.1433,91.7898,21,13,9,2.8,6.4,2.6,21.2,25.67,96,0.46,Rain,light rain
2026-08-05 02:21:59,Raipur,Chhattisgarh,21.2514,81.6296,113,113,90,3,3.4,0.5,16.8,27.24,83,3.67,Rain,light rain
2026-08-05 02:21:59,Gandhinagar,Gujarat,23.2156,72.6369,76,60,76,3.2,3.4,0.5,0.9,28.06,77,4.17,Clouds,overcast clouds
2026-08-05 02:21:59,Shimla,Himachal Pradesh,31.1048,77.1734,44,13,6,1.9,1,2.1,43.9,16.88,93,1.24,Rain,light rain
2026-08-05 02:21:59,Thiruvananthapuram,Kerala,8.5241,76.9366,35,35,,,,,,24.43,87,4.79,Rain,light rain
2026-08-05 02:21:59,Imphal,Manipur,24.817,93.9368,25,25,11,6.4,5.1,5.1,12.2,21.89,99,0.19,Rain,moderate rain
2026-08-05 02:21:59,Shillong,Meghalaya,25.5788,91.8933,21,13,9,2.8,6.4,2.6,21.2,19.34,99,1.71,Rain,moderate rain
2026-08-05 02:21:59,Aizawl,Mizoram,23.7271,92.7176,25,25,11,6.4,5.1,5.1,12.2,19.76,99,0.87,Rain,light rain
2026-08-05 02:21:59,Kohima,Nagaland,25.6751,94.1086,25,25,11,6.4,5.1,5.1,12.2,18.99,98,0.53,Rain,light rain
2026-08-05 02:21:59,Gangtok,Sikkim,27.3389,88.6065,69,69,48,0.7,2.5,0.4,4.3,20.91,97,0.2,Clouds,overcast clouds
2026-08-05 02:21:59,Agartala,Tripura,23.8315,91.2868,114,114,68,3.5,6.3,2.9,5.8,24.98,98,2.61,Rain,light rain
2026-08-05 02:21:59,Dehradun,Uttarakhand,30.3165,78.0322,44,13,6,1.9,1,2.1,43.9,23.54,97,1.07,Clouds,overcast clouds
2026-08-05 02:21:59,Port Blair,Andaman and Nicobar Islands,11.6234,92.7265,22,22,,,2.4,0.6,,27.8,81,6.6,Clouds,overcast clouds
2026-08-05 02:21:59,Daman,Dadra and Nagar Haveli and Daman and Diu,20.3974,72.8328,89,89,64,,5.6,6.7,2.9,26.93,87,5.73,Rain,light rain
2026-08-05 02:21:59,Srinagar,Jammu and Kashmir,34.0837,74.7973,46,46,31,2.8,1.4,3.6,45.1,20.59,81,0.24,Clear,clear sky
2026-08-05 02:21:59,Leh,Ladakh,34.1526,77.5771,44,13,6,1.9,1,2.1,43.9,18.93,52,2.44,Clouds,few clouds
2026-08-05 02:21:59,Puducherry,Puducherry,11.9416,79.8083,44,44,30,3.4,4.6,3.9,17.7,25.18,87,6.21,Rain,light rain
2026-08-05 03:48:23,Delhi,Delhi,28.6139,77.209,95,95,,,,,,28.57,77,2.38,Rain,light rain
2026-08-05 03:48:23,Mumbai,Maharashtra,19.076,72.8777,158,158,,,,,,27.68,79,7.78,Rain,light rain
2026-08-05 03:48:23,Bangalore,Karnataka,12.9716,77.5946,53,53,27,2.9,11.2,4.1,5,20.31,92,4.71,Clouds,overcast clouds
2026-08-05 03:48:23,Kolkata,West Bengal,22.5726,88.3639,172,172,,,,,,28.29,87,3.46,Clouds,overcast clouds
2026-08-05 03:48:23,Chennai,Tamil Nadu,13.0827,80.2707,46,46,,,,,,25.54,96,1.79,Rain,light rain
2026-08-05 03:48:23,Hyderabad,Telangana,17.385,78.4867,93,93,,,,,,24.6,83,5.48,Clouds,overcast clouds
2026-08-05 03:48:23,Pune,Maharashtra,18.5204,73.8567,232,232,138,51,198,,61,23.38,76,3.39,Clouds,overcast clouds
2026-08-05 03:48:23,Lucknow,Uttar Pradesh,26.8467,80.9462,128,128,91,10.8,3,3.4,28.4,26.69,88,1.57,Clouds,overcast clouds
2026-08-05 03:48:23,Patna,Bihar,25.5941,85.1376,21,107,,1,0.5,0.6,20.9,30.43,70,2.43,Rain,light rain
2026-08-05 03:48:23,Ahmedabad,Gujarat,23.0225,72.5714,108,108,68,0.2,7.3,48.2,11.2,27.97,76,4.47,Clouds,overcast clouds
2026-08-05 03:48:23,Jaipur,Rajasthan,26.9124,75.7873,129,129,78,18.8,9.6,10.1,11.3,27.32,74,2.92,Clouds,overcast clouds
2026-08-05 03:48:23,Chandigarh,Chandigarh,30.7333,76.7794,45,13,6,1.9,1,2.6,44.7,25.2,92,3.54,Rain,light rain
2026-08-05 03:48:23,Bhopal,Madhya Pradesh,23.2599,77.4126,50,50,37,5,5.3,6.1,22,24.17,88,3.52,Clouds,overcast clouds
2026-08-05 03:48:23,Kanpur,Uttar Pradesh,26.4499,80.3319,150,150,86,6.3,9.9,0.4,5.4,26.72,88,2.09,Clouds,overcast clouds
2026-08-05 03:48:23,Guwahati,Assam,26.1445,91.7362,25,25,8,2.8,6.4,3.1,24.8,24.55,95,0.2,Clouds,overcast clouds
2026-08-05 03:48:23,Itanagar,Arunachal Pradesh,27.0844,93.6053,44,25,7,1.9,2.8,2.6,43.5,24.01,97,1.45,Rain,light rain
2026-08-05 03:48:23,Dispur,Assam,26.1433,91.7898,25,25,8,2.8,6.4,3.1,24.8,25.62,96,0.19,Clouds,overcast clouds
2026-08-05 03:48:23,Raipur,Chhattisgarh,21.2514,81.6296,113,113,90,3,3.4,0.5,16.8,26.92,85,3.89,Rain,light rain
2026-08-05 03:48:23,Gandhinagar,Gujarat,23.2156,72.6369,76,60,76,3.2,3.4,0.5,0.9,27.66,79,4.41,Clouds,overcast clouds
2026-08-05 03:48:23,Shimla,Himachal Pradesh,31.1048,77.1734,45,13,6,1.9,1,2.6,44.7,16.77,92,1.4,Clouds,overcast clouds
2026-08-05 03:48:23,Thiruvananthapuram,Kerala,8.5241,76.9366,25,25,,,,,,23.99,92,5.02,Rain,light rain
2026-08-05 03:48:23,Imphal,Manipur,24.817,93.9368,14,13,9,5.5,3.7,5.6,13.9,21.91,99,0.44,Rain,light rain
2026-08-05 03:48:23,Shillong,Meghalaya,25.5788,91.8933,25,25,8,2.8,6.4,3.1,24.8,19.2,99,1.47,Rain,moderate rain
2026-08-05 03:48:23,Aizawl,Mizoram,23.7271,92.7176,17,13,17,0.6,0.5,5.8,2.3,19.68,99,1.02,Rain,light rain
2026-08-05 03:48:23,Kohima,Nagaland,25.6751,94.1086,14,13,9,5.5,3.7,5.6,13.9,18.88,99,0.28,Clouds,overcast clouds
2026-08-05 03:48:23,Gangtok,Sikkim,27.3389,88.6065,69,69,48,0.7,2.5,0.4,4.3,20.33,98,0.34,Clouds,overcast clouds
2026-08-05 03:48:23,Agartala,Tripura,23.8315,91.2868,114,114,68,3.5,6.3,2.9,5.8,24.88,98,2.9,Rain,light rain
2026-08-05 03:48:23,Dehradun,Uttarakhand,30.3165,78.0322,45,13,6,1.9,1,2.6,44.7,23.5,96,1.1,Clouds,overcast clouds
2026-08-05 03:48:23,Port Blair,Andaman and Nicobar Islands,11.6234,92.7265,22,22,,,2.4,0.6,,27.79,82,6.29,Clouds,overcast clouds
2026-08-05 03:48:23,Daman,Dadra and Nagar Haveli and Daman and Diu,20.3974,72.8328,89,89,64,,5.6,6.7,2.9,26.89,87,6.29,Rain,light rain
2026-08-05 03:48:23,Srinagar,Jammu and Kashmir,34.0837,74.7973,53,53,39,2.8,0.5,4.1,46.3,20.03,85,0.29,Clear,clear sky
2026-08-05 03:48:23,Leh,Ladakh,34.1526,77.5771,45,13,6,1.9,1,2.6,44.7,18.39,54,2.38,Rain,light rain
2026-08-05 03:48:23,Puducherry,Puducherry,11.9416,79.8083,44,44,30,3.4,4.6,3.9,17.7,25.18,87,6.92,Rain,light rain
2026-08-05 05:04:39,Delhi,Delhi,28.6139,77.209,95,95,,,,,,27.71,80,2.72,Rain,moderate rain
2026-08-05 05:04:39,Mumbai,Maharashtra,19.076,72.8777,158,158,,,,,,27.78,78,7.75,Rain,light rain
2026-08-05 05:04:39,Bangalore,Karnataka,12.9716,77.5946,53,53,27,2.9,11.2,4.1,5,20.31,92,0.45,Clouds,overcast clouds
2026-08-05 05:04:39,Kolkata,West Bengal,22.5726,88.3639,172,172,,,,,,28.27,87,3.08,Clouds,overcast clouds
2026-08-05 05:04:39,Chennai,Tamil Nadu,13.0827,80.2707,46,46,,,,,,25.84,96,1.79,Clouds,overcast clouds
2026-08-05 05:04:39,Hyderabad,Telangana,17.385,78.4867,93,93,,,,,,24.15,85,5.78,Clouds,overcast clouds
2026-08-05 05:04:39,Pune,Maharashtra,18.5204,73.8567,232,232,138,51,198,,61,22.83,79,3.02,Clouds,overcast clouds
2026-08-05 05:04:39,Lucknow,Uttar Pradesh,26.8467,80.9462,128,128,91,10.8,3,3.4,28.4,26.52,89,1.93,Rain,moderate rain
2026-08-05 05:04:39,Patna,Bihar,25.5941,85.1376,21,107,,1,0.5,0.6,20.9,29.7,74,2.69,Clouds,overcast clouds
2026-08-05 05:04:39,Ahmedabad,Gujarat,23.0225,72.5714,108,108,68,0.2,7.3,48.2,11.2,27.28,78,4.18,Clouds,overcast clouds
2026-08-05 05:04:39,Jaipur,Rajasthan,26.9124,75.7873,129,129,78,18.8,9.6,10.1,11.3,26.86,76,3.24,Clouds,overcast clouds
2026-08-05 05:04:39,Chandigarh,Chandigarh,30.7333,76.7794,48,13,6,1.9,0.5,2.6,47.6,24.81,92,2.56,Clouds,scattered clouds
2026-08-05 05:04:39,Bhopal,Madhya Pradesh,23.2599,77.4126,50,50,37,5,5.3,6.1,22,23.9,88,3.91,Clouds,overcast clouds
2026-08-05 05:04:39,Kanpur,Uttar Pradesh,26.4499,80.3319,150,150,86,6.3,9.9,0.4,5.4,27.01,87,2.24,Rain,light rain
2026-08-05 05:04:39,Guwahati,Assam,26.1445,91.7362,46,25,7,2.8,1.9,2.6,45.9,24.14,98,0.29,Rain,light rain
2026-08-05 05:04:39,Itanagar,Arunachal Pradesh,27.0844,93.6053,44,25,7,1.9,2.8,2.6,43.5,24.1,96,1.08,Rain,light rain
2026-08-05 05:04:39,Dispur,Assam,26.1433,91.7898,46,25,7,2.8,1.9,2.6,45.9,25.25,98,0.43,Rain,light rain
2026-08-05 05:04:39,Raipur,Chhattisgarh,21.2514,81.6296,113,113,90,3,3.4,0.5,16.8,26.27,88,4.04,Clouds,overcast clouds
2026-08-05 05:04:39,Gandhinagar,Gujarat,23.2156,72.6369,76,60,76,3.2,3.4,0.5,0.9,26.99,81,4.19,Clouds,overcast clouds
2026-08-05 05:04:39,Shimla,Himachal Pradesh,31.1048,77.1734,48,13,6,1.9,0.5,2.6,47.6,16.47,92,1.1,Clouds,broken clouds
2026-08-05 05:04:39,Thiruvananthapuram,Kerala,8.5241,76.9366,51,51,,,,,,23.31,94,3.89,Rain,light rain
2026-08-05 05:04:39,Imphal,Manipur,24.817,93.9368,30,30,9,5.5,3.2,5.1,11.4,22.05,99,0.78,Rain,heavy intensity rain
2026-08-05 05:04:39,Shillong,Meghalaya,25.5788,91.8933,46,25,7,2.8,1.9,2.6,45.9,19.01,99,0.55,Clouds,overcast clouds
2026-08-05 05:04:39,Aizawl,Mizoram,23.7271,92.7176,17,13,17,0.6,0.5,5.8,2.3,19.78,99,1.18,Rain,light rain
2026-08-05 05:04:39,Kohima,Nagaland,25.6751,94.1086,30,30,9,5.5,3.2,5.1,11.4,18.82,100,0.22,Rain,light rain
2026-08-05 05:04:39,Gangtok,Sikkim,27.3389,88.6065,69,69,48,0.7,2.5,0.4,4.3,20.77,96,0.26,Clouds,overcast clouds
2026-08-05 05:04:39,Agartala,Tripura,23.8315,91.2868,114,114,68,3.5,6.3,2.9,5.8,24.97,97,3.53,Clouds,overcast clouds
2026-08-05 05:04:39,Dehradun,Uttarakhand,30.3165,78.0322,48,13,6,1.9,0.5,2.6,47.6,23.45,94,0.5,Clouds,overcast clouds
2026-08-05 05:04:39,Port Blair,Andaman and Nicobar Islands,11.6234,92.7265,25,25,,,0.6,1.1,,27.65,84,6.18,Rain,light rain
2026-08-05 05:04:39,Daman,Dadra and Nagar Haveli and Daman and Diu,20.3974,72.8328,89,89,64,,5.6,6.7,2.9,26.97,85,6.57,Rain,light rain
2026-08-05 05:04:39,Srinagar,Jammu and Kashmir,34.0837,74.7973,53,53,39,2.8,0.5,4.1,46.3,20.03,83,0.58,Clouds,few clouds
2026-08-05 05:04:39,Leh,Ladakh,34.1526,77.5771,48,13,6,1.9,0.5,2.6,47.6,17.27,61,2.18,Rain,light rain
2026-08-05 05:04:39,Puducherry,Puducherry,11.9416,79.8083,44,44,30,3.4,4.6,3.9,17.7,25.18,87,7.32,Rain,light rain
2026-08-05 08:48:51,Delhi,Delhi,28.6139,77.209,95,95,,,,,,30.21,69,0.92,Rain,moderate rain
2026-08-05 08:48:51,Mumbai,Maharashtra,19.076,72.8777,158,158,,,,,,28.39,78,7.3,Rain,moderate rain
2026-08-05 08:48:51,Bangalore,Karnataka,12.9716,77.5946,53,53,27,2.9,11.2,4.1,5,21.42,87,0.89,Clouds,overcast clouds
2026-08-05 08:48:51,Kolkata,West Bengal,22.5726,88.3639,172,172,,,,,,31.09,78,4.64,Rain,light rain
2026-08-05 08:48:51,Chennai,Tamil Nadu,13.0827,80.2707,46,46,,,,,,28.88,81,2.24,Clouds,overcast clouds
2026-08-05 08:48:51,Hyderabad,Telangana,17.385,78.4867,93,93,,,,,,26.22,75,7.26,Clouds,overcast clouds
2026-08-05 08:48:51,Pune,Maharashtra,18.5204,73.8567,232,232,138,51,198,,61,23.94,79,4.01,Clouds,overcast clouds
2026-08-05 08:48:51,Lucknow,Uttar Pradesh,26.8467,80.9462,128,128,91,10.8,3,3.4,28.4,27.64,84,3.72,Clouds,overcast clouds
2026-08-05 08:48:51,Patna,Bihar,25.5941,85.1376,21,107,,1,0.5,0.6,20.9,31.99,61,3,Rain,light rain
2026-08-05 08:48:51,Ahmedabad,Gujarat,23.0225,72.5714,108,108,68,0.2,7.3,48.2,11.2,28.55,71,4.06,Clouds,overcast clouds
2026-08-05 08:48:51,Jaipur,Rajasthan,26.9124,75.7873,129,129,78,18.8,9.6,10.1,11.3,28.77,67,5.29,Rain,light rain
2026-08-05 08:48:51,Chandigarh,Chandigarh,30.7333,76.7794,40,13,11,1.9,5.5,2.1,40.3,28.42,76,3.01,Rain,light rain
2026-08-05 08:48:51,Bhopal,Madhya Pradesh,23.2599,77.4126,50,50,37,5,5.3,6.1,22,25.48,83,4.92,Clouds,overcast clouds
2026-08-05 08:48:51,Kanpur,Uttar Pradesh,26.4499,80.3319,150,150,86,6.3,9.9,0.4,5.4,26.92,89,2.84,Clouds,overcast clouds
2026-08-05 08:48:51,Guwahati,Assam,26.1445,91.7362,44,42,18,2.8,4.2,2.6,44.3,24.62,97,0.62,Rain,light rain
2026-08-05 08:48:51,Itanagar,Arunachal Pradesh,27.0844,93.6053,45,38,19,1.9,6,2.6,44.7,25.03,96,0.76,Rain,moderate rain
2026-08-05 08:48:51,Dispur,Assam,26.1433,91.7898,44,42,18,2.8,4.2,2.6,44.3,25.73,98,0.66,Rain,light rain
2026-08-05 08:48:51,Raipur,Chhattisgarh,21.2514,81.6296,113,113,90,3,3.4,0.5,16.8,27.46,81,4.44,Clouds,overcast clouds
2026-08-05 08:48:51,Gandhinagar,Gujarat,23.2156,72.6369,76,60,76,3.2,3.4,0.5,0.9,27.92,75,4.17,Clouds,overcast clouds
2026-08-05 08:48:51,Shimla,Himachal Pradesh,31.1048,77.1734,40,13,11,1.9,5.5,2.1,40.3,20.38,81,1.03,Clouds,broken clouds
2026-08-05 08:48:51,Thiruvananthapuram,Kerala,8.5241,76.9366,44,44,,,,,,25.56,83,4.77,Clouds,overcast clouds
2026-08-05 08:48:51,Imphal,Manipur,24.817,93.9368,55,55,9,6.4,5.5,5.6,10.2,21.94,99,0.22,Rain,heavy intensity rain
2026-08-05 08:48:51,Shillong,Meghalaya,25.5788,91.8933,44,42,18,2.8,4.2,2.6,44.3,19.12,98,0.63,Rain,light rain
2026-08-05 08:48:51,Aizawl,Mizoram,23.7271,92.7176,17,13,17,0.6,0.5,5.8,2.3,20.73,98,0.97,Rain,light rain
2026-08-05 08:48:51,Kohima,Nagaland,25.6751,94.1086,55,55,9,6.4,5.5,5.6,10.2,18.93,100,0.36,Rain,light rain
2026-08-05 08:48:51,Gangtok,Sikkim,27.3389,88.6065,69,69,48,0.7,2.5,0.4,4.3,22.88,96,2.09,Rain,moderate rain
2026-08-05 08:48:51,Agartala,Tripura,23.8315,91.2868,114,114,68,3.5,6.3,2.9,5.8,27.03,91,3.34,Rain,light rain
2026-08-05 08:48:51,Dehradun,Uttarakhand,30.3165,78.0322,40,13,11,1.9,5.5,2.1,40.3,25.88,87,1.06,Rain,light rain
2026-08-05 08:48:51,Port Blair,Andaman and Nicobar Islands,11.6234,92.7265,38,38,,,2.9,1.1,,28.73,79,6.19,Rain,light rain
2026-08-05 08:48:51,Daman,Dadra and Nagar Haveli and Daman and Diu,20.3974,72.8328,89,89,64,,5.6,6.7,2.9,27.31,86,6.22,Rain,light rain
2026-08-05 08:48:51,Srinagar,Jammu and Kashmir,34.0837,74.7973,53,53,46,3.7,4.2,4.1,36.2,24.47,70,1.03,Clouds,scattered clouds
2026-08-05 08:48:51,Leh,Ladakh,34.1526,77.5771,40,13,11,1.9,5.5,2.1,40.3,18.47,55,2.48,Rain,light rain
2026-08-05 08:48:51,Puducherry,Puducherry,11.9416,79.8083,44,44,30,3.4,4.6,3.9,17.7,27.96,77,5.02,Clouds,overcast clouds
2026-08-05 11:38:18,Delhi,Delhi,28.6139,77.209,95,95,,,,,,33.45,55,2.67,Rain,moderate rain
2026-08-05 11:38:18,Mumbai,Maharashtra,19.076,72.8777,158,158,,,,,,29.02,74,7.49,Rain,moderate rain
2026-08-05 11:38:18,Bangalore,Karnataka,12.9716,77.5946,53,53,27,2.9,11.2,4.1,5,26.73,69,1.79,Clouds,overcast clouds
2026-08-05 11:38:18,Kolkata,West Bengal,22.5726,88.3639,172,172,,,,,,34.34,57,3.88,Clouds,overcast clouds
2026-08-05 11:38:18,Chennai,Tamil Nadu,13.0827,80.2707,46,46,,,,,,32.5,66,1.34,Clouds,overcast clouds
2026-08-05 11:38:18,Hyderabad,Telangana,17.385,78.4867,93,93,,,,,,29.81,59,7.8,Clouds,overcast clouds
2026-08-05 11:38:18,Pune,Maharashtra,18.5204,73.8567,232,232,138,51,198,,61,25.57,78,5.46,Clouds,overcast clouds
2026-08-05 11:38:18,Lucknow,Uttar Pradesh,26.8467,80.9462,128,128,91,10.8,3,3.4,28.4,30.81,69,4.41,Rain,light rain
2026-08-05 11:38:18,Patna,Bihar,25.5941,85.1376,21,107,,1,0.5,0.6,20.9,34.48,52,3.91,Rain,moderate rain
2026-08-05 11:38:18,Ahmedabad,Gujarat,23.0225,72.5714,108,108,68,0.2,7.3,48.2,11.2,32.55,52,4.4,Clouds,overcast clouds
2026-08-05 11:38:18,Jaipur,Rajasthan,26.9124,75.7873,129,129,78,18.8,9.6,10.1,11.3,31.8,56,4.95,Clouds,overcast clouds
2026-08-05 11:38:18,Chandigarh,Chandigarh,30.7333,76.7794,40,13,9,1.9,10.1,2.1,39.8,31.64,64,3.03,Rain,moderate rain
2026-08-05 11:38:18,Bhopal,Madhya Pradesh,23.2599,77.4126,50,50,37,5,5.3,6.1,22,28.26,72,4.53,Clouds,overcast clouds
2026-08-05 11:38:18,Kanpur,Uttar Pradesh,26.4499,80.3319,150,150,86,6.3,9.9,0.4,5.4,29.61,75,4.03,Rain,moderate rain
2026-08-05 11:38:18,Guwahati,Assam,26.1445,91.7362,52,25,13,1.9,3.2,2.6,51.9,24.58,97,0.36,Clouds,overcast clouds
2026-08-05 11:38:18,Itanagar,Arunachal Pradesh,27.0844,93.6053,57,25,7,1.9,3.7,2.6,57.1,27.07,92,1.4,Clouds,overcast clouds
2026-08-05 11:38:18,Dispur,Assam,26.1433,91.7898,52,25,13,1.9,3.2,2.6,51.9,25.61,98,0.04,Clouds,overcast clouds
2026-08-05 11:38:18,Raipur,Chhattisgarh,21.2514,81.6296,113,113,90,3,3.4,0.5,16.8,30,68,4.56,Clouds,overcast clouds
2026-08-05 11:38:18,Gandhinagar,Gujarat,23.2156,72.6369,76,60,76,3.2,3.4,0.5,0.9,32.07,55,4.26,Clouds,overcast clouds
2026-08-05 11:38:18,Shimla,Himachal Pradesh,31.1048,77.1734,40,13,9,1.9,10.1,2.1,39.8,22.9,73,2.64,Rain,moderate rain
2026-08-05 11:38:18,Thiruvananthapuram,Kerala,8.5241,76.9366,48,48,,,,,,28.81,67,5.6,Clouds,overcast clouds
2026-08-05 11:38:18,Imphal,Manipur,24.817,93.9368,13,13,13,6.4,4.6,5.6,13,22.54,97,0.89,Rain,light rain
2026-08-05 11:38:18,Shillong,Meghalaya,25.5788,91.8933,52,25,13,1.9,3.2,2.6,51.9,19.78,98,0.49,Clouds,overcast clouds
2026-08-05 11:38:18,Aizawl,Mizoram,23.7271,92.7176,17,13,17,0.6,0.5,5.8,2.3,20.54,99,0.72,Rain,light rain
2026-08-05 11:38:18,Kohima,Nagaland,25.6751,94.1086,13,13,13,6.4,4.6,5.6,13,18.95,99,0.67,Rain,light rain
2026-08-05 11:38:18,Gangtok,Sikkim,27.3389,88.6065,69,69,48,0.7,2.5,0.4,4.3,21.98,99,1.01,Clouds,overcast clouds
2026-08-05 11:38:18,Agartala,Tripura,23.8315,91.2868,114,114,68,3.5,6.3,2.9,5.8,30.24,78,2.12,Clouds,overcast clouds
2026-08-05 11:38:18,Dehradun,Uttarakhand,30.3165,78.0322,40,13,9,1.9,10.1,2.1,39.8,27.58,85,2.1,Rain,moderate rain
2026-08-05 11:38:18,Port Blair,Andaman and Nicobar Islands,11.6234,92.7265,35,35,,,2.4,0.6,,29.36,76,6.38,Rain,light rain
2026-08-05 11:38:18,Daman,Dadra and Nagar Haveli and Daman and Diu,20.3974,72.8328,89,89,64,,5.6,6.7,2.9,28.36,81,6.45,Rain,light rain
2026-08-05 11:38:18,Srinagar,Jammu and Kashmir,34.0837,74.7973,53,34,53,3.7,2.3,1.6,50.6,28.76,59,0.76,Clouds,broken clouds
2026-08-05 11:38:18,Leh,Ladakh,34.1526,77.5771,40,13,9,1.9,10.1,2.1,39.8,21.21,43,3.08,Clouds,broken clouds
2026-08-05 11:38:18,Puducherry,Puducherry,11.9416,79.8083,44,44,30,3.4,4.6,3.9,17.7,32.96,56,6.35,Clouds,overcast clouds
2026-08-05 14:50:13,Delhi,Delhi,28.6139,77.209,95,95,,,,,,29.65,73,2.97,Clouds,overcast clouds
2026-08-05 14:50:13,Mumbai,Maharashtra,19.076,72.8777,158,158,,,,,,28.88,75,7.44,Rain,light rain
2026-08-05 14:50:13,Bangalore,Karnataka,12.9716,77.5946,53,53,27,2.9,11.2,4.1,5,26.97,71,0.45,Clouds,overcast clouds
2026-08-05 14:50:13,Kolkata,West Bengal,22.5726,88.3639,172,172,,,,,,30.84,72,3.5,Clouds,overcast clouds
2026-08-05 14:50:13,Chennai,Tamil Nadu,13.0827,80.2707,46,46,,,,,,35.43,59,1.79,Clouds,overcast clouds
2026-08-05 14:50:13,Hyderabad,Telangana,17.385,78.4867,93,93,,,,,,30.64,55,6.93,Clouds,overcast clouds
2026-08-05 14:50:13,Pune,Maharashtra,18.5204,73.8567,232,232,138,51,198,,61,26.74,55,7.3,Clouds,overcast clouds
2026-08-05 14:50:13,Lucknow,Uttar Pradesh,26.8467,80.9462,128,128,91,10.8,3,3.4,28.4,30.58,70,4.62,Rain,light rain
2026-08-05 14:50:13,Patna,Bihar,25.5941,85.1376,21,107,,1,0.5,0.6,20.9,35.1,49,1.41,Rain,light rain
2026-08-05 14:50:13,Ahmedabad,Gujarat,23.0225,72.5714,108,108,68,0.2,7.3,48.2,11.2,32.64,51,5.14,Clouds,overcast clouds
2026-08-05 14:50:13,Jaipur,Rajasthan,26.9124,75.7873,129,129,78,18.8,9.6,10.1,11.3,33.48,50,2.84,Rain,light rain
2026-08-05 14:50:13,Chandigarh,Chandigarh,30.7333,76.7794,45,13,7,1.9,1.4,2.1,44.7,33.87,54,2.66,Rain,light rain
2026-08-05 14:50:13,Bhopal,Madhya Pradesh,23.2599,77.4126,50,50,37,5,5.3,6.1,22,30.2,64,6.06,Rain,light rain
2026-08-05 14:50:13,Kanpur,Uttar Pradesh,26.4499,80.3319,150,150,86,6.3,9.9,0.4,5.4,29.6,75,3.56,Rain,light rain
2026-08-05 14:50:13,Guwahati,Assam,26.1445,91.7362,57,13,13,1.9,4.2,3.1,57.1,25.21,95,0.89,Rain,light rain
2026-08-05 14:50:13,Itanagar,Arunachal Pradesh,27.0844,93.6053,65,13,10,1.9,3.7,3.1,64.9,30.64,71,2.67,Clouds,overcast clouds
2026-08-05 14:50:13,Dispur,Assam,26.1433,91.7898,57,13,13,1.9,4.2,3.1,57.1,26.31,95,0.96,Rain,light rain
2026-08-05 14:50:13,Raipur,Chhattisgarh,21.2514,81.6296,113,113,90,3,3.4,0.5,16.8,31.66,61,4.53,Rain,light rain
2026-08-05 14:50:13,Gandhinagar,Gujarat,23.2156,72.6369,76,60,76,3.2,3.4,0.5,0.9,32.44,52,4.54,Clouds,overcast clouds
2026-08-05 14:50:13,Shimla,Himachal Pradesh,31.1048,77.1734,45,13,7,1.9,1.4,2.1,44.7,22.56,78,2.95,Rain,moderate rain
2026-08-05 14:50:13,Thiruvananthapuram,Kerala,8.5241,76.9366,60,60,,,,,,28.74,70,6.56,Clouds,overcast clouds
2026-08-05 14:50:13,Imphal,Manipur,24.817,93.9368,46,46,11,5.5,4.2,7.6,22.4,22.51,98,0.43,Rain,moderate rain
2026-08-05 14:50:13,Shillong,Meghalaya,25.5788,91.8933,57,13,13,1.9,4.2,3.1,57.1,19.26,98,0.49,Rain,moderate rain
2026-08-05 14:50:13,Aizawl,Mizoram,23.7271,92.7176,17,13,17,0.6,0.5,5.8,2.3,20.07,99,1,Rain,moderate rain
2026-08-05 14:50:13,Kohima,Nagaland,25.6751,94.1086,46,46,11,5.5,4.2,7.6,22.4,20.62,96,0.19,Rain,light rain
2026-08-05 14:50:13,Gangtok,Sikkim,27.3389,88.6065,69,69,48,0.7,2.5,0.4,4.3,22.48,94,1.17,Rain,light rain
2026-08-05 14:50:13,Agartala,Tripura,23.8315,91.2868,114,114,68,3.5,6.3,2.9,5.8,27.86,90,2.19,Rain,heavy intensity rain
2026-08-05 14:50:13,Dehradun,Uttarakhand,30.3165,78.0322,45,13,7,1.9,1.4,2.1,44.7,29.18,72,2.23,Rain,light rain
2026-08-05 14:50:13,Port Blair,Andaman and Nicobar Islands,11.6234,92.7265,23,23,,,2.9,0.6,,29.54,75,6.93,Rain,light rain
2026-08-05 14:50:13,Daman,Dadra and Nagar Haveli and Daman and Diu,20.3974,72.8328,89,89,64,,5.6,6.7,2.9,28.7,79,7.07,Clouds,overcast clouds
2026-08-05 14:50:13,Srinagar,Jammu and Kashmir,34.0837,74.7973,56,34,39,2.8,1,1.6,55.8,30.03,53,0.45,Clear,clear sky
2026-08-05 14:50:13,Leh,Ladakh,34.1526,77.5771,45,13,7,1.9,1.4,2.1,44.7,23.64,30,2.93,Clouds,scattered clouds
2026-08-05 14:50:13,Puducherry,Puducherry,11.9416,79.8083,44,44,30,3.4,4.6,3.9,17.7,35.74,49,5.42,Clouds,overcast clouds
2026-08-05 17:08:02,Delhi,Delhi,28.6139,77.209,95,95,,,,,,30.32,69,2.03,Rain,light rain
2026-08-05 17:08:02,Mumbai,Maharashtra,19.076,72.8777,158,158,,,,,,28.29,78,7.7,Rain,light rain
2026-08-05 17:08:02,Bangalore,Karnataka,12.9716,77.5946,53,53,27,2.9,11.2,4.1,5,27.19,67,6.22,Clouds,overcast clouds
2026-08-05 17:08:02,Kolkata,West Bengal,22.5726,88.3639,172,172,,,,,,28.4,80,2.87,Rain,heavy intensity rain
2026-08-05 17:08:02,Chennai,Tamil Nadu,13.0827,80.2707,46,46,,,,,,33.44,71,0.89,Clouds,overcast clouds
2026-08-05 17:08:02,Hyderabad,Telangana,17.385,78.4867,93,93,,,,,,29.22,61,6.1,Clouds,overcast clouds
2026-08-05 17:08:02,Pune,Maharashtra,18.5204,73.8567,232,232,138,51,198,,61,24.06,63,6.26,Clouds,overcast clouds
2026-08-05 17:08:02,Lucknow,Uttar Pradesh,26.8467,80.9462,128,128,91,10.8,3,3.4,28.4,31.23,67,4.13,Clouds,overcast clouds
2026-08-05 17:08:02,Patna,Bihar,25.5941,85.1376,21,107,,1,0.5,0.6,20.9,30.02,73,6.33,Rain,light rain
2026-08-05 17:08:02,Ahmedabad,Gujarat,23.0225,72.5714,108,108,68,0.2,7.3,48.2,11.2,32.95,51,5.05,Clouds,overcast clouds
2026-08-05 17:08:02,Jaipur,Rajasthan,26.9124,75.7873,129,129,78,18.8,9.6,10.1,11.3,30.87,62,2.41,Rain,moderate rain
2026-08-05 17:08:02,Chandigarh,Chandigarh,30.7333,76.7794,39,13,8,1.9,1.9,2.1,38.6,32.74,59,2.18,Rain,light rain
2026-08-05 17:08:02,Bhopal,Madhya Pradesh,23.2599,77.4126,50,50,37,5,5.3,6.1,22,28.43,74,5.63,Rain,light rain
2026-08-05 17:08:02,Kanpur,Uttar Pradesh,26.4499,80.3319,150,150,86,6.3,9.9,0.4,5.4,29.81,76,3.68,Rain,light rain
2026-08-05 17:08:02,Guwahati,Assam,26.1445,91.7362,66,13,10,1.9,4.6,2.6,65.6,25.18,96,0.55,Clouds,overcast clouds
2026-08-05 17:08:02,Itanagar,Arunachal Pradesh,27.0844,93.6053,75,30,9,1.9,3.7,3.1,75.3,27.09,92,1.59,Rain,light rain
2026-08-05 17:08:02,Dispur,Assam,26.1433,91.7898,66,13,10,1.9,4.6,2.6,65.6,26.27,96,0.49,Clouds,overcast clouds
2026-08-05 17:08:02,Raipur,Chhattisgarh,21.2514,81.6296,113,113,90,3,3.4,0.5,16.8,29.21,73,4.79,Clouds,overcast clouds
2026-08-05 17:08:02,Gandhinagar,Gujarat,23.2156,72.6369,76,60,76,3.2,3.4,0.5,0.9,32.09,56,3.89,Clouds,overcast clouds
2026-08-05 17:08:02,Shimla,Himachal Pradesh,31.1048,77.1734,39,13,8,1.9,1.9,2.1,38.6,20.41,87,1.81,Rain,light rain
2026-08-05 17:08:02,Thiruvananthapuram,Kerala,8.5241,76.9366,60,60,,,,,,26.54,79,5.62,Clouds,overcast clouds
2026-08-05 17:08:02,Imphal,Manipur,24.817,93.9368,70,70,22,6.4,5.5,6.1,27.3,21.89,99,0.22,Clouds,overcast clouds
2026-08-05 17:08:02,Shillong,Meghalaya,25.5788,91.8933,66,13,10,1.9,4.6,2.6,65.6,18.9,98,1.48,Rain,light rain
2026-08-05 17:08:02,Aizawl,Mizoram,23.7271,92.7176,17,13,17,0.6,0.5,5.8,2.3,19.81,99,1.14,Rain,light rain
2026-08-05 17:08:02,Kohima,Nagaland,25.6751,94.1086,70,70,22,6.4,5.5,6.1,27.3,19.22,98,1.18,Clouds,overcast clouds
2026-08-05 17:08:02,Gangtok,Sikkim,27.3389,88.6065,69,69,48,0.7,2.5,0.4,4.3,22.21,96,1.27,Rain,light rain
2026-08-05 17:08:02,Agartala,Tripura,23.8315,91.2868,114,114,68,3.5,6.3,2.9,5.8,26.28,93,3.55,Rain,moderate rain
2026-08-05 17:08:02,Dehradun,Uttarakhand,30.3165,78.0322,39,13,8,1.9,1.9,2.1,38.6,26.64,86,0.76,Clouds,overcast clouds
2026-08-05 17:08:02,Port Blair,Andaman and Nicobar Islands,11.6234,92.7265,22,22,,,4.1,1.6,,28.16,81,6.78,Rain,light rain
2026-08-05 17:08:02,Daman,Dadra and Nagar Haveli and Daman and Diu,20.3974,72.8328,89,89,64,,5.6,6.7,2.9,28.07,83,7.48,Clouds,overcast clouds
2026-08-05 17:08:02,Srinagar,Jammu and Kashmir,34.0837,74.7973,58,42,50,3.7,2.3,1.6,58.4,28.92,54,1.11,Clear,clear sky
2026-08-05 17:08:02,Leh,Ladakh,34.1526,77.5771,39,13,8,1.9,1.9,2.1,38.6,23.71,30,4.59,Clouds,scattered clouds
2026-08-05 17:08:02,Puducherry,Puducherry,11.9416,79.8083,44,44,30,3.4,4.6,3.9,17.7,35.18,55,1.22,Clouds,overcast clouds
2026-08-05 19:55:30,Delhi,Delhi,28.6139,77.209,95,95,,,,,,30.44,69,3.01,Rain,light rain
2026-08-05 19:55:30,Mumbai,Maharashtra,19.076,72.8777,158,158,,,,,,28.38,76,7.9,Rain,light rain
2026-08-05 19:55:30,Bangalore,Karnataka,12.9716,77.5946,53,53,27,2.9,11.2,4.1,5,22.46,87,5.17,Clouds,overcast clouds
2026-08-05 19:55:30,Kolkata,West Bengal,22.5726,88.3639,172,172,,,,,,28.58,87,4.4,Rain,heavy intensity rain
2026-08-05 19:55:30,Chennai,Tamil Nadu,13.0827,80.2707,46,46,,,,,,31.06,79,0.45,Clouds,overcast clouds
2026-08-05 19:55:30,Hyderabad,Telangana,17.385,78.4867,93,93,,,,,,27.06,72,4.51,Clouds,overcast clouds
2026-08-05 19:55:30,Pune,Maharashtra,18.5204,73.8567,232,232,138,51,198,,61,23.97,73,4.58,Clouds,overcast clouds
2026-08-05 19:55:30,Lucknow,Uttar Pradesh,26.8467,80.9462,128,128,91,10.8,3,3.4,28.4,29.04,79,3.82,Clouds,overcast clouds
2026-08-05 19:55:30,Patna,Bihar,25.5941,85.1376,21,107,,1,0.5,0.6,20.9,28.35,83,5.97,Rain,moderate rain
2026-08-05 19:55:30,Ahmedabad,Gujarat,23.0225,72.5714,108,108,68,0.2,7.3,48.2,11.2,31.79,58,4.58,Clouds,overcast clouds
2026-08-05 19:55:30,Jaipur,Rajasthan,26.9124,75.7873,129,129,78,18.8,9.6,10.1,11.3,29.68,66,1.09,Clouds,broken clouds
2026-08-05 19:55:30,Chandigarh,Chandigarh,30.7333,76.7794,34,13,10,1.9,2.3,2.1,34.2,29.92,69,1.9,Clouds,few clouds
2026-08-05 19:55:30,Bhopal,Madhya Pradesh,23.2599,77.4126,50,50,37,5,5.3,6.1,22,26.02,85,3.93,Clouds,broken clouds
2026-08-05 19:55:30,Kanpur,Uttar Pradesh,26.4499,80.3319,150,150,86,6.3,9.9,0.4,5.4,27.63,87,2.82,Clouds,overcast clouds
2026-08-05 19:55:30,Guwahati,Assam,26.1445,91.7362,59,25,10,1.9,3.2,2.6,59.1,24.26,97,0.58,Clouds,overcast clouds
2026-08-05 19:55:30,Itanagar,Arunachal Pradesh,27.0844,93.6053,55,46,15,2.8,8.3,2.6,54.5,24.82,99,0.82,Clouds,overcast clouds
2026-08-05 19:55:30,Dispur,Assam,26.1433,91.7898,59,25,10,1.9,3.2,2.6,59.1,25.34,97,0.51,Clouds,overcast clouds
2026-08-05 19:55:30,Raipur,Chhattisgarh,21.2514,81.6296,113,113,90,3,3.4,0.5,16.8,28.24,79,4.44,Rain,heavy intensity rain
2026-08-05 19:55:30,Gandhinagar,Gujarat,23.2156,72.6369,76,60,76,3.2,3.4,0.5,0.9,30.79,62,3.92,Clouds,overcast clouds
2026-08-05 19:55:30,Shimla,Himachal Pradesh,31.1048,77.1734,34,13,10,1.9,2.3,2.1,34.2,17.3,92,1,Clouds,broken clouds
2026-08-05 19:55:30,Thiruvananthapuram,Kerala,8.5241,76.9366,60,60,,,,,,25.57,85,4.51,Clouds,overcast clouds
2026-08-05 19:55:30,Imphal,Manipur,24.817,93.9368,76,76,22,6.4,8.3,6.1,23.2,21.11,99,0.61,Rain,light rain
2026-08-05 19:55:30,Shillong,Meghalaya,25.5788,91.8933,59,25,10,1.9,3.2,2.6,59.1,18.86,99,1.29,Rain,light rain
2026-08-05 19:55:30,Aizawl,Mizoram,23.7271,92.7176,76,76,22,6.4,8.3,6.1,23.2,21.8,99,1.15,Rain,moderate rain
2026-08-05 19:55:30,Kohima,Nagaland,25.6751,94.1086,76,76,22,6.4,8.3,6.1,23.2,18.26,98,1.59,Clouds,overcast clouds
2026-08-05 19:55:30,Gangtok,Sikkim,27.3389,88.6065,69,69,48,0.7,2.5,0.4,4.3,21.06,96,0.3,Clouds,overcast clouds
2026-08-05 19:55:30,Agartala,Tripura,23.8315,91.2868,114,114,68,3.5,6.3,2.9,5.8,25.49,96,3.97,Clouds,overcast clouds
2026-08-05 19:55:30,Dehradun,Uttarakhand,30.3165,78.0322,34,13,10,1.9,2.3,2.1,34.2,25.51,88,0.19,Rain,light rain
2026-08-05 19:55:30,Port Blair,Andaman and Nicobar Islands,11.6234,92.7265,22,22,,,4.1,1.6,,28.38,77,6.59,Rain,light rain
2026-08-05 19:55:30,Daman,Dadra and Nagar Haveli and Daman and Diu,20.3974,72.8328,89,89,64,,5.6,6.7,2.9,27.48,86,6.95,Rain,light rain
2026-08-05 19:55:30,Srinagar,Jammu and Kashmir,34.0837,74.7973,85,85,69,4.6,5.5,1.6,62.3,23.92,73,0.84,Rain,light rain
2026-08-05 19:55:30,Leh,Ladakh,34.1526,77.5771,34,13,10,1.9,2.3,2.1,34.2,21.76,37,3.62,Clouds,broken clouds
2026-08-05 19:55:30,Puducherry,Puducherry,11.9416,79.8083,44,44,30,3.4,4.6,3.9,17.7,32.4,66,2.9,Clouds,overcast clouds
2026-08-05 21:46:32,Delhi,Delhi,28.6139,77.209,95,95,,,,,,30.38,70,1.47,Clouds,overcast clouds
2026-08-05 21:46:32,Mumbai,Maharashtra,19.076,72.8777,158,158,,,,,,28.22,78,7.82,Rain,light rain
2026-08-05 21:46:32,Bangalore,Karnataka,12.9716,77.5946,53,53,27,2.9,11.2,4.1,5,22.5,84,5.1,Clouds,overcast clouds
2026-08-05 21:46:32,Kolkata,West Bengal,22.5726,88.3639,172,172,,,,,,27.51,91,1.95,Rain,moderate rain
2026-08-05 21:46:32,Chennai,Tamil Nadu,13.0827,80.2707,46,46,,,,,,29.96,81,2.44,Clouds,overcast clouds
2026-08-05 21:46:32,Hyderabad,Telangana,17.385,78.4867,93,93,,,,,,26.52,74,3.89,Clouds,overcast clouds
2026-08-05 21:46:32,Pune,Maharashtra,18.5204,73.8567,232,232,138,51,198,,61,23.41,81,3.55,Clouds,overcast clouds
2026-08-05 21:46:32,Lucknow,Uttar Pradesh,26.8467,80.9462,128,128,91,10.8,3,3.4,28.4,28.06,84,3.9,Rain,light rain
2026-08-05 21:46:32,Patna,Bihar,25.5941,85.1376,21,107,,1,0.5,0.6,20.9,27.49,87,5.6,Rain,heavy intensity rain
2026-08-05 21:46:32,Ahmedabad,Gujarat,23.0225,72.5714,108,108,68,0.2,7.3,48.2,11.2,31.1,62,3.87,Clouds,overcast clouds
2026-08-05 21:46:32,Jaipur,Rajasthan,26.9124,75.7873,129,129,78,18.8,9.6,10.1,11.3,29.92,65,3.1,Clouds,broken clouds
2026-08-05 21:46:32,Chandigarh,Chandigarh,30.7333,76.7794,30,30,10,1.9,3.7,2.1,29.7,28.43,73,2.51,Clouds,scattered clouds
2026-08-05 21:46:32,Bhopal,Madhya Pradesh,23.2599,77.4126,50,50,37,5,5.3,6.1,22,25.34,87,3.42,Clouds,broken clouds
2026-08-05 21:46:32,Kanpur,Uttar Pradesh,26.4499,80.3319,150,150,86,6.3,9.9,0.4,5.4,27.51,88,2.46,Clouds,overcast clouds
2026-08-05 21:46:32,Guwahati,Assam,26.1445,91.7362,50,50,16,2.8,13.8,3.1,38.2,24.15,97,0.4,Clouds,overcast clouds
2026-08-05 21:46:32,Itanagar,Arunachal Pradesh,27.0844,93.6053,48,34,10,2.8,6.9,3.1,48,24.49,97,0.91,Rain,light rain
2026-08-05 21:46:32,Dispur,Assam,26.1433,91.7898,50,50,16,2.8,13.8,3.1,38.2,25.2,97,0.42,Rain,light rain
2026-08-05 21:46:32,Raipur,Chhattisgarh,21.2514,81.6296,113,113,90,3,3.4,0.5,16.8,27.14,84,4,Rain,moderate rain
2026-08-05 21:46:32,Gandhinagar,Gujarat,23.2156,72.6369,76,60,76,3.2,3.4,0.5,0.9,30.15,66,3.34,Clouds,overcast clouds
2026-08-05 21:46:32,Shimla,Himachal Pradesh,31.1048,77.1734,30,30,10,1.9,3.7,2.1,29.7,17.78,93,1.12,Rain,light rain
2026-08-05 21:46:32,Thiruvananthapuram,Kerala,8.5241,76.9366,28,28,15,1.6,0.1,6.8,3.9,25.24,87,4.23,Clouds,overcast clouds
2026-08-05 21:46:32,Imphal,Manipur,24.817,93.9368,72,72,22,7.3,6,5.1,9.8,21.04,99,0.58,Clouds,overcast clouds
2026-08-05 21:46:32,Shillong,Meghalaya,25.5788,91.8933,50,50,16,2.8,13.8,3.1,38.2,18.94,99,1.35,Rain,light rain
2026-08-05 21:46:32,Aizawl,Mizoram,23.7271,92.7176,72,72,22,7.3,6,5.1,9.8,19.58,100,0.92,Rain,light rain
2026-08-05 21:46:32,Kohima,Nagaland,25.6751,94.1086,72,72,22,7.3,6,5.1,9.8,18.32,97,1.32,Clouds,overcast clouds
2026-08-05 21:46:32,Gangtok,Sikkim,27.3389,88.6065,69,69,48,0.7,2.5,0.4,4.3,20.53,97,0.74,Clouds,overcast clouds
2026-08-05 21:46:32,Agartala,Tripura,23.8315,91.2868,114,114,68,3.5,6.3,2.9,5.8,25.24,97,3.94,Rain,light rain
2026-08-05 21:46:32,Dehradun,Uttarakhand,30.3165,78.0322,30,30,10,1.9,3.7,2.1,29.7,25.17,89,1.41,Clouds,broken clouds
2026-08-05 21:46:32,Port Blair,Andaman and Nicobar Islands,11.6234,92.7265,22,22,,,4.1,1.6,,28.36,79,6.22,Clouds,overcast clouds
2026-08-05 21:46:32,Daman,Dadra and Nagar Haveli and Daman and Diu,20.3974,72.8328,89,89,64,,5.6,6.7,2.9,27.27,86,6.98,Rain,light rain
2026-08-05 21:46:32,Srinagar,Jammu and Kashmir,34.0837,74.7973,91,91,88,3.7,1.9,1.6,50,21.42,72,0.91,Rain,moderate rain
2026-08-05 21:46:32,Leh,Ladakh,34.1526,77.5771,30,30,10,1.9,3.7,2.1,29.7,21.18,37,2.51,Clouds,broken clouds
2026-08-05 21:46:32,Puducherry,Puducherry,11.9416,79.8083,44,44,30,3.4,4.6,3.9,17.7,30.18,76,5.34,Clouds,overcast clouds
2026-08-05 23:37:15,Delhi,Delhi,28.6139,77.209,95,95,,,,,,30.04,69,0.97,Rain,light rain
2026-08-05 23:37:15,Mumbai,Maharashtra,19.076,72.8777,158,158,,,,,,27.9,79,6.98,Rain,light rain
2026-08-05 23:37:15,Bangalore,Karnataka,12.9716,77.5946,53,53,27,2.9,11.2,4.1,5,21.94,85,5.21,Clouds,overcast clouds
2026-08-05 23:37:15,Kolkata,West Bengal,22.5726,88.3639,172,172,,,,,,26.72,92,1.78,Clouds,overcast clouds
2026-08-05 23:37:15,Chennai,Tamil Nadu,13.0827,80.2707,46,46,,,,,,28.96,87,4.59,Clouds,overcast clouds
2026-08-05 23:37:15,Hyderabad,Telangana,17.385,78.4867,93,93,,,,,,26.04,76,3.95,Clouds,overcast clouds
2026-08-05 23:37:15,Pune,Maharashtra,18.5204,73.8567,232,232,138,51,198,,61,23.38,81,3.41,Clouds,overcast clouds
2026-08-05 23:37:15,Lucknow,Uttar Pradesh,26.8467,80.9462,128,128,91,10.8,3,3.4,28.4,27.8,87,1.72,Rain,light rain
2026-08-05 23:37:15,Patna,Bihar,25.5941,85.1376,21,107,,1,0.5,0.6,20.9,27.69,85,3.99,Rain,light rain
2026-08-05 23:37:15,Ahmedabad,Gujarat,23.0225,72.5714,108,108,68,0.2,7.3,48.2,11.2,29.92,67,4.16,Clouds,overcast clouds
2026-08-05 23:37:15,Jaipur,Rajasthan,26.9124,75.7873,129,129,78,18.8,9.6,10.1,11.3,29.16,65,2.71,Clouds,overcast clouds
2026-08-05 23:37:15,Chandigarh,Chandigarh,30.7333,76.7794,17,13,7,1.9,25.6,3.6,17.1,27.41,81,2.48,Clouds,few clouds
2026-08-05 23:37:15,Bhopal,Madhya Pradesh,23.2599,77.4126,50,50,37,5,5.3,6.1,22,24.8,89,3.63,Clouds,overcast clouds
2026-08-05 23:37:15,Kanpur,Uttar Pradesh,26.4499,80.3319,150,150,86,6.3,9.9,0.4,5.4,27.02,89,2.96,Rain,light rain
2026-08-05 23:37:15,Guwahati,Assam,26.1445,91.7362,46,46,18,2.8,11.9,2.6,37.8,24.36,97,0.93,Clouds,overcast clouds
2026-08-05 23:37:15,Itanagar,Arunachal Pradesh,27.0844,93.6053,42,25,11,2.8,6.4,3.1,42.3,24.33,96,1.59,Clouds,broken clouds
2026-08-05 23:37:15,Dispur,Assam,26.1433,91.7898,46,46,18,2.8,11.9,2.6,37.8,25.43,97,0.95,Clouds,overcast clouds
2026-08-05 23:37:15,Raipur,Chhattisgarh,21.2514,81.6296,113,113,90,3,3.4,0.5,16.8,27.02,83,4.28,Clouds,overcast clouds
2026-08-05 23:37:15,Gandhinagar,Gujarat,23.2156,72.6369,76,60,76,3.2,3.4,0.5,0.9,29.66,69,4.17,Clouds,overcast clouds
2026-08-05 23:37:15,Shimla,Himachal Pradesh,31.1048,77.1734,17,13,7,1.9,25.6,3.6,17.1,17.5,94,1.29,Rain,light rain
2026-08-05 23:37:15,Thiruvananthapuram,Kerala,8.5241,76.9366,28,28,15,1.6,0.1,6.8,3.9,25.14,89,3.83,Clouds,overcast clouds
2026-08-05 23:37:15,Imphal,Manipur,24.817,93.9368,72,72,20,7.3,5.1,5.1,7,21.38,98,0.61,Rain,light rain
2026-08-05 23:37:15,Shillong,Meghalaya,25.5788,91.8933,46,46,18,2.8,11.9,2.6,37.8,18.77,99,1.49,Rain,light rain
2026-08-05 23:37:15,Aizawl,Mizoram,23.7271,92.7176,17,13,17,0.6,0.5,5.8,2.3,20.04,100,0.26,Clouds,overcast clouds
2026-08-05 23:37:15,Kohima,Nagaland,25.6751,94.1086,72,72,20,7.3,5.1,5.1,7,18.52,98,1.34,Rain,light rain
2026-08-05 23:37:15,Gangtok,Sikkim,27.3389,88.6065,69,69,48,0.7,2.5,0.4,4.3,20.51,92,1,Clouds,overcast clouds
2026-08-05 23:37:15,Agartala,Tripura,23.8315,91.2868,114,114,68,3.5,6.3,2.9,5.8,25.15,98,3.82,Rain,moderate rain
2026-08-05 23:37:15,Dehradun,Uttarakhand,30.3165,78.0322,17,13,7,1.9,25.6,3.6,17.1,25.16,88,1.25,Rain,light rain
2026-08-05 23:37:15,Port Blair,Andaman and Nicobar Islands,11.6234,92.7265,22,22,,,4.1,1.6,,28.07,81,6.22,Clouds,overcast clouds
2026-08-05 23:37:15,Daman,Dadra and Nagar Haveli and Daman and Diu,20.3974,72.8328,89,89,64,,5.6,6.7,2.9,27.15,88,6.42,Rain,light rain
2026-08-05 23:37:15,Srinagar,Jammu and Kashmir,34.0837,74.7973,72,59,72,2.8,1.4,1.6,46.8,21.14,82,1.06,Rain,light rain
2026-08-05 23:37:15,Leh,Ladakh,34.1526,77.5771,17,13,7,1.9,25.6,3.6,17.1,20.42,39,2.21,Clouds,broken clouds
2026-08-05 23:37:15,Puducherry,Puducherry,11.9416,79.8083,44,44,30,3.4,4.6,3.9,17.7,30.74,71,5.74,Clouds,overcast clouds
2026-08-06 01:40:36,Delhi,Delhi,28.6139,77.209,95,95,,,,,,30.14,68,0.97,Rain,light rain
2026-08-06 01:40:36,Mumbai,Maharashtra,19.076,72.8777,158,158,,,,,,27.97,77,6.88,Rain,light rain
2026-08-06 01:40:36,Bangalore,Karnataka,12.9716,77.5946,53,53,27,2.9,11.2,4.1,5,21.39,86,5.5,Clouds,overcast clouds
2026-08-06 01:40:36,Kolkata,West Bengal,22.5726,88.3639,172,172,,,,,,26.77,93,1.81,Clouds,overcast clouds
2026-08-06 01:40:36,Chennai,Tamil Nadu,13.0827,80.2707,46,46,,,,,,26.79,94,5.97,Clouds,overcast clouds
2026-08-06 01:40:36,Hyderabad,Telangana,17.385,78.4867,93,93,,,,,,25.54,79,5.7,Clouds,overcast clouds
2026-08-06 01:40:36,Pune,Maharashtra,18.5204,73.8567,232,232,138,51,198,,61,23.38,79,2.99,Clouds,overcast clouds
2026-08-06 01:40:36,Lucknow,Uttar Pradesh,26.8467,80.9462,128,128,91,10.8,3,3.4,28.4,26.95,91,2.08,Rain,heavy intensity rain
2026-08-06 01:40:36,Patna,Bihar,25.5941,85.1376,21,107,,1,0.5,0.6,20.9,27.58,85,3.94,Rain,light rain
2026-08-06 01:40:36,Ahmedabad,Gujarat,23.0225,72.5714,108,108,68,0.2,7.3,48.2,11.2,28.63,72,4.77,Clouds,broken clouds
2026-08-06 01:40:36,Jaipur,Rajasthan,26.9124,75.7873,129,129,78,18.8,9.6,10.1,11.3,28.79,66,2.62,Clouds,overcast clouds
2026-08-06 01:40:36,Chandigarh,Chandigarh,30.7333,76.7794,25,25,7,1.9,23.4,3.1,19.5,26.9,84,2.45,Clouds,scattered clouds
2026-08-06 01:40:36,Bhopal,Madhya Pradesh,23.2599,77.4126,50,50,37,5,5.3,6.1,22,24.41,89,3.63,Clouds,overcast clouds
2026-08-06 01:40:36,Kanpur,Uttar Pradesh,26.4499,80.3319,150,150,86,6.3,9.9,0.4,5.4,26.95,89,3.13,Clouds,overcast clouds
2026-08-06 01:40:36,Guwahati,Assam,26.1445,91.7362,44,25,9,1.9,3.2,2.6,44.3,23.92,97,1.21,Rain,light rain
2026-08-06 01:40:36,Itanagar,Arunachal Pradesh,27.0844,93.6053,43,25,12,1.9,5.5,3.1,43.1,23.94,95,1.89,Clouds,scattered clouds
2026-08-06 01:40:36,Dispur,Assam,26.1433,91.7898,44,25,9,1.9,3.2,2.6,44.3,25,97,1.16,Rain,light rain
2026-08-06 01:40:36,Raipur,Chhattisgarh,21.2514,81.6296,113,113,90,3,3.4,0.5,16.8,26.77,85,3.45,Clouds,overcast clouds
2026-08-06 01:40:36,Gandhinagar,Gujarat,23.2156,72.6369,76,60,76,3.2,3.4,0.5,0.9,28.15,73,4.72,Clouds,overcast clouds
2026-08-06 01:40:36,Shimla,Himachal Pradesh,31.1048,77.1734,25,25,7,1.9,23.4,3.1,19.5,17.27,91,0.87,Clouds,scattered clouds
2026-08-06 01:40:36,Thiruvananthapuram,Kerala,8.5241,76.9366,28,28,15,1.6,0.1,6.8,3.9,24.63,91,3.51,Rain,light rain
2026-08-06 01:40:36,Imphal,Manipur,24.817,93.9368,53,53,13,6.4,6,5.1,5.3,21.16,98,0.76,Clouds,overcast clouds
2026-08-06 01:40:36,Shillong,Meghalaya,25.5788,91.8933,44,25,9,1.9,3.2,2.6,44.3,18.49,97,0.42,Clouds,overcast clouds
2026-08-06 01:40:36,Aizawl,Mizoram,23.7271,92.7176,17,13,17,0.6,0.5,5.8,2.3,19.91,100,0.19,Rain,light rain
2026-08-06 01:40:36,Kohima,Nagaland,25.6751,94.1086,53,53,13,6.4,6,5.1,5.3,18.45,98,1.15,Rain,light rain
2026-08-06 01:40:36,Gangtok,Sikkim,27.3389,88.6065,69,69,48,0.7,2.5,0.4,4.3,20.09,91,0.79,Clouds,overcast clouds
2026-08-06 01:40:36,Agartala,Tripura,23.8315,91.2868,114,114,68,3.5,6.3,2.9,5.8,24.56,99,3.35,Rain,heavy intensity rain
2026-08-06 01:40:36,Dehradun,Uttarakhand,30.3165,78.0322,25,25,7,1.9,23.4,3.1,19.5,24.7,89,1.21,Rain,moderate rain
2026-08-06 01:40:36,Port Blair,Andaman and Nicobar Islands,11.6234,92.7265,2,1.8,0.7,,,,,28.12,80,5.43,Clouds,overcast clouds
2026-08-06 01:40:36,Daman,Dadra and Nagar Haveli and Daman and Diu,20.3974,72.8328,89,89,64,,5.6,6.7,2.9,27.06,87,6.11,Rain,light rain
2026-08-06 01:40:36,Srinagar,Jammu and Kashmir,34.0837,74.7973,65,65,40,2.8,1,1.6,45.1,20.59,82,0.94,Rain,moderate rain
2026-08-06 01:40:36,Leh,Ladakh,34.1526,77.5771,25,25,7,1.9,23.4,3.1,19.5,19.71,43,2.27,Clouds,scattered clouds
2026-08-06 01:40:36,Puducherry,Puducherry,11.9416,79.8083,44,44,30,3.4,4.6,3.9,17.7,30.18,73,4.12,Rain,light rain
2026-08-06 03:20:05,Delhi,Delhi,28.6139,77.209,107,107,25,10.9,5,,5.1,30.15,69,1,Rain,light rain
2026-08-06 03:20:05,Mumbai,Maharashtra,19.076,72.8777,78,78,46,4.3,7.9,5.2,3.2,28.04,77,7.42,Rain,light rain
2026-08-06 03:20:05,Bangalore,Karnataka,12.9716,77.5946,89,89,73,10,7.1,7.4,2.8,20.83,88,5.08,Clouds,overcast clouds
2026-08-06 03:20:05,Kolkata,West Bengal,22.5726,88.3639,172,172,,,,,,26.91,92,2.35,Rain,light rain
2026-08-06 03:20:05,Chennai,Tamil Nadu,13.0827,80.2707,46,46,,,,,,27.04,94,1.79,Clouds,overcast clouds
2026-08-06 03:20:05,Hyderabad,Telangana,17.385,78.4867,93,93,,,,,,24.51,82,6.22,Clouds,overcast clouds
2026-08-06 03:20:05,Pune,Maharashtra,18.5204,73.8567,89,89,73,10,7.1,7.4,2.8,23.38,82,2.95,Clouds,overcast clouds
2026-08-06 03:20:05,Lucknow,Uttar Pradesh,26.8467,80.9462,128,128,91,10.8,3,3.4,28.4,26.76,91,2.54,Rain,light rain
2026-08-06 03:20:05,Patna,Bihar,25.5941,85.1376,21,107,,1,0.5,0.6,20.9,27.26,85,2.97,Rain,moderate rain
2026-08-06 03:20:05,Ahmedabad,Gujarat,23.0225,72.5714,78,78,46,4.3,7.9,5.2,3.2,27.85,77,4.47,Clouds,broken clouds
2026-08-06 03:20:05,Jaipur,Rajasthan,26.9124,75.7873,78,78,46,4.3,7.9,5.2,3.2,28.33,67,3.58,Clouds,overcast clouds
2026-08-06 03:20:05,Chandigarh,Chandigarh,30.7333,76.7794,50,50,35,3.7,9.5,3.2,7.7,25.39,90,2.61,Rain,moderate rain
2026-08-06 03:20:05,Bhopal,Madhya Pradesh,23.2599,77.4126,89,89,73,10,7.1,7.4,2.8,24.1,90,3.69,Clouds,overcast clouds
2026-08-06 03:20:05,Kanpur,Uttar Pradesh,26.4499,80.3319,150,150,86,6.3,9.9,0.4,5.4,26.56,90,2.39,Rain,light rain
2026-08-06 03:20:05,Guwahati,Assam,26.1445,91.7362,46,13,6,1,1.9,2.6,45.5,23.48,97,0.62,Rain,moderate rain
2026-08-06 03:20:05,Itanagar,Arunachal Pradesh,27.0844,93.6053,39,13,10,1.9,4.6,3.1,39.4,23.46,95,1.63,Clouds,scattered clouds
2026-08-06 03:20:05,Dispur,Assam,26.1433,91.7898,46,13,6,1,1.9,2.6,45.5,24.58,98,0.5,Rain,light rain
2026-08-06 03:20:05,Raipur,Chhattisgarh,21.2514,81.6296,113,113,90,3,3.4,0.5,16.8,26.11,87,4.09,Clouds,overcast clouds
2026-08-06 03:20:05,Panaji,Goa,15.4909,73.8278,89,89,73,10,7.1,7.4,2.8,26.41,84,6.07,Rain,light rain
2026-08-06 03:20:05,Gandhinagar,Gujarat,23.2156,72.6369,78,78,46,4.3,7.9,5.2,3.2,27.21,79,4.83,Clouds,overcast clouds
2026-08-06 03:20:05,Shimla,Himachal Pradesh,31.1048,77.1734,50,50,35,3.7,9.5,3.2,7.7,16.8,91,0.77,Clouds,scattered clouds
2026-08-06 03:20:05,Thiruvananthapuram,Kerala,8.5241,76.9366,28,28,15,1.6,0.1,6.8,3.9,24.74,89,3.58,Clouds,overcast clouds
2026-08-06 03:20:05,Imphal,Manipur,24.817,93.9368,59,59,18,6.4,4.6,5.1,6.5,20.93,98,0.49,Clouds,overcast clouds
2026-08-06 03:20:05,Shillong,Meghalaya,25.5788,91.8933,46,13,6,1,1.9,2.6,45.5,18.27,97,0.16,Clouds,overcast clouds
2026-08-06 03:20:05,Aizawl,Mizoram,23.7271,92.7176,17,13,17,0.6,0.5,5.8,2.3,22.01,100,1,Rain,moderate rain
2026-08-06 03:20:05,Kohima,Nagaland,25.6751,94.1086,59,59,18,6.4,4.6,5.1,6.5,17.83,98,1.3,Rain,light rain
2026-08-06 03:20:05,Gangtok,Sikkim,27.3389,88.6065,69,69,48,0.7,2.5,0.4,4.3,19.45,92,1.23,Clouds,broken clouds
2026-08-06 03:20:05,Agartala,Tripura,23.8315,91.2868,114,114,68,3.5,6.3,2.9,5.8,24.46,99,2.18,Rain,heavy intensity rain
2026-08-06 03:20:05,Dehradun,Uttarakhand,30.3165,78.0322,97,97,67,3.7,29.6,3.1,4.1,23.86,95,1.2,Rain,moderate rain
2026-08-06 03:20:05,Port Blair,Andaman and Nicobar Islands,11.6234,92.7265,1,1.1,0.6,,,,,27.95,82,5.59,Rain,light rain
2026-08-06 03:20:05,Daman,Dadra and Nagar Haveli and Daman and Diu,20.3974,72.8328,78,78,46,4.3,7.9,5.2,3.2,26.94,86,6.51,Rain,light rain
2026-08-06 03:20:05,Srinagar,Jammu and Kashmir,34.0837,74.7973,63,63,33,2.8,1,1.6,44.3,20.03,85,0.33,Clear,clear sky
2026-08-06 03:20:05,Leh,Ladakh,34.1526,77.5771,13,13,6,1.9,38.9,3.6,4.9,18.13,52,2.54,Clouds,scattered clouds
2026-08-06 03:20:05,Kavaratti,Lakshadweep,10.5669,72.642,89,89,73,10,7.1,7.4,2.8,27.58,81,9.29,Rain,light rain
2026-08-06 03:20:05,Puducherry,Puducherry,11.9416,79.8083,44,44,30,3.4,4.6,3.9,17.7,29.62,70,5.14,Rain,light rain
2026-08-06 04:38:36,Delhi,Delhi,28.6139,77.209,93,93,17,11.3,4.9,,5.5,29.27,73,2.15,Clouds,overcast clouds
2026-08-06 04:38:36,Mumbai,Maharashtra,19.076,72.8777,63,63,20,3,3.7,4.7,5.9,27.9,78,7.13,Rain,light rain
2026-08-06 04:38:36,Bangalore,Karnataka,12.9716,77.5946,52,59,52,8.6,7.1,1.6,7.6,20.83,88,4.91,Clouds,overcast clouds
2026-08-06 04:38:36,Kolkata,West Bengal,22.5726,88.3639,172,172,,,,,,27.04,92,2.31,Clouds,overcast clouds
2026-08-06 04:38:36,Chennai,Tamil Nadu,13.0827,80.2707,46,46,,,,,,27.07,93,1.79,Clouds,overcast clouds
2026-08-06 04:38:36,Hyderabad,Telangana,17.385,78.4867,93,93,,,,,,24.14,84,5.95,Clouds,overcast clouds
2026-08-06 04:38:36,Pune,Maharashtra,18.5204,73.8567,52,59,52,8.6,7.1,1.6,7.6,22.83,86,2.93,Clouds,overcast clouds
2026-08-06 04:38:36,Lucknow,Uttar Pradesh,26.8467,80.9462,128,128,91,10.8,3,3.4,28.4,26.58,91,2.17,Rain,moderate rain
2026-08-06 04:38:36,Patna,Bihar,25.5941,85.1376,21,107,,1,0.5,0.6,20.9,27.39,84,2.59,Rain,moderate rain
2026-08-06 04:38:36,Ahmedabad,Gujarat,23.0225,72.5714,63,63,20,3,3.7,4.7,5.9,27.6,77,4.17,Clouds,broken clouds
2026-08-06 04:38:36,Jaipur,Rajasthan,26.9124,75.7873,63,63,20,3,3.7,4.7,5.9,27.91,70,3.59,Clouds,overcast clouds
2026-08-06 04:38:36,Chandigarh,Chandigarh,30.7333,76.7794,25,25,21,5.5,9,3,5.7,25.62,88,2.38,Rain,light rain
2026-08-06 04:38:36,Bhopal,Madhya Pradesh,23.2599,77.4126,52,59,52,8.6,7.1,1.6,7.6,23.9,91,3.9,Clouds,overcast clouds
2026-08-06 04:38:36,Kanpur,Uttar Pradesh,26.4499,80.3319,150,150,86,6.3,9.9,0.4,5.4,26.75,88,2.34,Rain,moderate rain
2026-08-06 04:38:36,Guwahati,Assam,26.1445,91.7362,44,13,6,1,1.4,2.6,44.3,23.25,98,0.54,Rain,moderate rain
2026-08-06 04:38:36,Itanagar,Arunachal Pradesh,27.0844,93.6053,42,13,9,1.9,3.2,2.6,41.5,23.34,95,1.55,Clouds,few clouds
2026-08-06 04:38:36,Dispur,Assam,26.1433,91.7898,44,13,6,1,1.4,2.6,44.3,24.36,98,0.52,Rain,moderate rain
2026-08-06 04:38:36,Raipur,Chhattisgarh,21.2514,81.6296,113,113,90,3,3.4,0.5,16.8,25.96,88,3.97,Clouds,overcast clouds
2026-08-06 04:38:36,Panaji,Goa,15.4909,73.8278,52,59,52,8.6,7.1,1.6,7.6,26.44,84,5.5,Rain,light rain
2026-08-06 04:38:36,Gandhinagar,Gujarat,23.2156,72.6369,63,63,20,3,3.7,4.7,5.9,26.9,81,4.33,Clouds,overcast clouds
2026-08-06 04:38:36,Shimla,Himachal Pradesh,31.1048,77.1734,25,25,21,5.5,9,3,5.7,16.73,90,0.9,Clouds,scattered clouds
2026-08-06 04:38:36,Thiruvananthapuram,Kerala,8.5241,76.9366,52,59,52,8.6,7.1,1.6,7.6,24.69,91,3.4,Clouds,overcast clouds
2026-08-06 04:38:36,Imphal,Manipur,24.817,93.9368,61,61,16,5.5,2.8,5.1,14.7,20.88,98,0.21,Rain,light rain
2026-08-06 04:38:36,Shillong,Meghalaya,25.5788,91.8933,44,13,6,1,1.4,2.6,44.3,18.15,98,0.22,Clouds,overcast clouds
2026-08-06 04:38:36,Aizawl,Mizoram,23.7271,92.7176,17,13,17,0.6,0.5,5.8,2.3,19.7,100,1.17,Rain,moderate rain
2026-08-06 04:38:36,Kohima,Nagaland,25.6751,94.1086,61,61,16,5.5,2.8,5.1,14.7,17.55,98,1.6,Clouds,broken clouds
2026-08-06 04:38:36,Gangtok,Sikkim,27.3389,88.6065,69,69,48,0.7,2.5,0.4,4.3,19.38,91,1.71,Clouds,broken clouds
2026-08-06 04:38:36,Agartala,Tripura,23.8315,91.2868,114,114,68,3.5,6.3,2.9,5.8,24.55,100,2.04,Rain,heavy intensity rain
2026-08-06 04:38:36,Dehradun,Uttarakhand,30.3165,78.0322,69,21,69,3.7,20.8,3,3.3,23.76,95,1.13,Rain,light rain
2026-08-06 04:38:36,Port Blair,Andaman and Nicobar Islands,11.6234,92.7265,5,4.5,1.7,,,,,27.94,82,5.09,Rain,light rain
2026-08-06 04:38:36,Daman,Dadra and Nagar Haveli and Daman and Diu,20.3974,72.8328,63,63,20,3,3.7,4.7,5.9,26.95,85,6.62,Rain,light rain
2026-08-06 04:38:36,Srinagar,Jammu and Kashmir,34.0837,74.7973,55,55,29,2.8,0.5,1.6,43.5,20.03,85,0.32,Clear,clear sky
2026-08-06 04:38:36,Leh,Ladakh,34.1526,77.5771,13,13,8,1.9,26.6,2.1,7.4,17.49,56,2.15,Clouds,scattered clouds
2026-08-06 04:38:36,Kavaratti,Lakshadweep,10.5669,72.642,52,59,52,8.6,7.1,1.6,7.6,27.73,79,9.07,Rain,light rain
2026-08-06 04:38:36,Puducherry,Puducherry,11.9416,79.8083,44,44,30,3.4,4.6,3.9,17.7,27.96,73,5.15,Clouds,overcast clouds
2026-08-06 06:23:38,Delhi,Delhi,28.6139,77.209,85,85,50,12.2,5.9,,6.4,29.02,72,1.75,Rain,moderate rain
2026-08-06 06:23:38,Mumbai,Maharashtra,19.076,72.8777,53,53,11,3.4,4.2,5.1,5.1,27.82,80,7.62,Rain,light rain
2026-08-06 06:23:38,Bangalore,Karnataka,12.9716,77.5946,46,59,46,5.5,6.4,1.9,5.9,20.82,89,5.01,Clouds,overcast clouds
2026-08-06 06:23:38,Kolkata,West Bengal,22.5726,88.3639,172,172,,,,,,26.97,89,1.66,Clouds,overcast clouds
2026-08-06 06:23:38,Chennai,Tamil Nadu,13.0827,80.2707,46,46,,,,,,27.82,80,0.45,Clouds,overcast clouds
2026-08-06 06:23:38,Hyderabad,Telangana,17.385,78.4867,93,93,,,,,,23.72,86,5.76,Clouds,overcast clouds
2026-08-06 06:23:38,Pune,Maharashtra,18.5204,73.8567,46,59,46,5.5,6.4,1.9,5.9,22.83,91,2.71,Clouds,overcast clouds
2026-08-06 06:23:38,Lucknow,Uttar Pradesh,26.8467,80.9462,128,128,91,10.8,3,3.4,28.4,26.96,89,0.45,Rain,moderate rain
2026-08-06 06:23:38,Patna,Bihar,25.5941,85.1376,21,107,,1,0.5,0.6,20.9,27.61,83,2.69,Rain,light rain
2026-08-06 06:23:38,Ahmedabad,Gujarat,23.0225,72.5714,53,53,11,3.4,4.2,5.1,5.1,27.04,78,3.69,Clouds,overcast clouds
2026-08-06 06:23:38,Jaipur,Rajasthan,26.9124,75.7873,53,53,11,3.4,4.2,5.1,5.1,27.17,73,5.19,Rain,light rain
2026-08-06 06:23:38,Chandigarh,Chandigarh,30.7333,76.7794,53,53,39,4.8,8,3.2,6.4,26.07,86,2.13,Rain,light rain
2026-08-06 06:23:38,Bhopal,Madhya Pradesh,23.2599,77.4126,46,59,46,5.5,6.4,1.9,5.9,23.87,90,3.82,Clouds,overcast clouds
2026-08-06 06:23:38,Kanpur,Uttar Pradesh,26.4499,80.3319,150,150,86,6.3,9.9,0.4,5.4,26.83,88,2.69,Rain,moderate rain
2026-08-06 06:23:38,Guwahati,Assam,26.1445,91.7362,42,13,7,1,1.9,2.1,41.5,24.87,94,0.08,Clouds,scattered clouds
2026-08-06 06:23:38,Itanagar,Arunachal Pradesh,27.0844,93.6053,41,13,7,1.9,3.2,2.6,40.7,26.79,82,0.57,Clear,clear sky
2026-08-06 06:23:38,Dispur,Assam,26.1433,91.7898,42,13,7,1,1.9,2.1,41.5,26.04,94,0.11,Clouds,scattered clouds
2026-08-06 06:23:38,Raipur,Chhattisgarh,21.2514,81.6296,113,113,90,3,3.4,0.5,16.8,25.86,88,4.02,Rain,light rain
2026-08-06 06:23:38,Panaji,Goa,15.4909,73.8278,46,59,46,5.5,6.4,1.9,5.9,26.27,85,6.3,Rain,light rain
2026-08-06 06:23:38,Gandhinagar,Gujarat,23.2156,72.6369,53,53,11,3.4,4.2,5.1,5.1,26.44,82,4.06,Clouds,overcast clouds
2026-08-06 06:23:38,Shimla,Himachal Pradesh,31.1048,77.1734,53,53,39,4.8,8,3.2,6.4,17.46,89,1.05,Clouds,overcast clouds
2026-08-06 06:23:38,Thiruvananthapuram,Kerala,8.5241,76.9366,46,59,46,5.5,6.4,1.9,5.9,24.21,91,2.4,Rain,light rain
2026-08-06 06:23:38,Imphal,Manipur,24.817,93.9368,59,59,16,5.5,2.8,5.1,15.9,21.87,96,0.54,Rain,light rain
2026-08-06 06:23:38,Shillong,Meghalaya,25.5788,91.8933,42,13,7,1,1.9,2.1,41.5,20.11,95,0.88,Clouds,scattered clouds
2026-08-06 06:23:38,Aizawl,Mizoram,23.7271,92.7176,17,13,17,0.6,0.5,5.8,2.3,19.28,100,0.81,Clouds,overcast clouds
2026-08-06 06:23:38,Kohima,Nagaland,25.6751,94.1086,59,59,16,5.5,2.8,5.1,15.9,20.22,92,0.95,Clouds,scattered clouds
2026-08-06 06:23:38,Gangtok,Sikkim,27.3389,88.6065,69,69,48,0.7,2.5,0.4,4.3,22.1,84,0.5,Clouds,few clouds
2026-08-06 06:23:38,Agartala,Tripura,23.8315,91.2868,114,114,68,3.5,6.3,2.9,5.8,24.7,99,1.82,Rain,light rain
2026-08-06 06:23:38,Dehradun,Uttarakhand,30.3165,78.0322,68,68,58,3.7,21.7,2.7,3.6,24.03,95,0.66,Rain,moderate rain
2026-08-06 06:23:38,Port Blair,Andaman and Nicobar Islands,11.6234,92.7265,23,23,,,1.2,0.6,,27.98,81,6.74,Rain,moderate rain
2026-08-06 06:23:38,Daman,Dadra and Nagar Haveli and Daman and Diu,20.3974,72.8328,53,53,11,3.4,4.2,5.1,5.1,26.94,86,6.28,Rain,light rain
2026-08-06 06:23:38,Srinagar,Jammu and Kashmir,34.0837,74.7973,61,61,33,2.8,1.4,1.6,42.3,19.47,82,0.45,Clear,clear sky
2026-08-06 06:23:38,Leh,Ladakh,34.1526,77.5771,13,13,6,1.9,17.4,2.1,12.6,16.94,59,2.48,Rain,light rain
2026-08-06 06:23:38,Kavaratti,Lakshadweep,10.5669,72.642,46,59,46,5.5,6.4,1.9,5.9,27.56,79,9.2,Rain,light rain
2026-08-06 06:23:38,Puducherry,Puducherry,11.9416,79.8083,44,44,30,3.4,4.6,3.9,17.7,27.96,72,3.88,Clouds,overcast clouds
2026-08-06 09:49:20,Delhi,Delhi,28.6139,77.209,82,82,54,12.5,6.9,,7.8,29.42,72,1.88,Clouds,overcast clouds
2026-08-06 09:49:20,Mumbai,Maharashtra,19.076,72.8777,78,78,28,10.9,23.8,6.1,1,28.47,78,8.46,Rain,light rain
2026-08-06 09:49:20,Bangalore,Karnataka,12.9716,77.5946,28,59,28,5.8,9.4,5.1,2.1,23.57,80,0.45,Clouds,overcast clouds
2026-08-06 09:49:20,Kolkata,West Bengal,22.5726,88.3639,172,172,,,,,,27.46,82,1.82,Clouds,overcast clouds
2026-08-06 09:49:20,Chennai,Tamil Nadu,13.0827,80.2707,46,46,,,,,,30.92,71,0.89,Clouds,overcast clouds
2026-08-06 09:49:20,Hyderabad,Telangana,17.385,78.4867,93,93,,,,,,27.69,67,7.14,Clouds,overcast clouds
2026-08-06 09:49:20,Pune,Maharashtra,18.5204,73.8567,28,59,28,5.8,9.4,5.1,2.1,24.49,80,4.64,Rain,light rain
2026-08-06 09:49:20,Lucknow,Uttar Pradesh,26.8467,80.9462,128,128,91,10.8,3,3.4,28.4,28.08,83,1.77,Rain,moderate rain
2026-08-06 09:49:20,Patna,Bihar,25.5941,85.1376,21,107,,1,0.5,0.6,20.9,29.86,72,1.66,Clouds,overcast clouds
2026-08-06 09:49:20,Ahmedabad,Gujarat,23.0225,72.5714,78,78,28,10.9,23.8,6.1,1,29.87,62,5.21,Clouds,overcast clouds
2026-08-06 09:49:20,Jaipur,Rajasthan,26.9124,75.7873,78,78,28,10.9,23.8,6.1,1,29.6,63,5.91,Clouds,overcast clouds
2026-08-06 09:49:20,Chandigarh,Chandigarh,30.7333,76.7794,21,21,17,6.6,7.4,3.3,6.7,29.53,71,4.04,Rain,light rain
2026-08-06 09:49:20,Bhopal,Madhya Pradesh,23.2599,77.4126,28,59,28,5.8,9.4,5.1,2.1,26.58,78,5.07,Clouds,overcast clouds
2026-08-06 09:49:20,Kanpur,Uttar Pradesh,26.4499,80.3319,150,150,86,6.3,9.9,0.4,5.4,25.72,96,2.6,Rain,heavy intensity rain
2026-08-06 09:49:20,Guwahati,Assam,26.1445,91.7362,42,13,9,1.9,7.4,3.1,42.3,28.87,78,1.06,Rain,light rain
2026-08-06 09:49:20,Itanagar,Arunachal Pradesh,27.0844,93.6053,39,13,7,2.8,6.4,3.1,39,31.62,63,1.99,Clear,clear sky
2026-08-06 09:49:20,Dispur,Assam,26.1433,91.7898,42,13,9,1.9,7.4,3.1,42.3,30.07,77,1.21,Rain,light rain
2026-08-06 09:49:20,Raipur,Chhattisgarh,21.2514,81.6296,113,113,90,3,3.4,0.5,16.8,30.01,67,5.64,Rain,light rain
2026-08-06 09:49:20,Panaji,Goa,15.4909,73.8278,28,59,28,5.8,9.4,5.1,2.1,27.4,79,7.18,Rain,moderate rain
2026-08-06 09:49:20,Gandhinagar,Gujarat,23.2156,72.6369,78,78,28,10.9,23.8,6.1,1,29.41,66,5.51,Clouds,overcast clouds
2026-08-06 09:49:20,Shimla,Himachal Pradesh,31.1048,77.1734,21,21,17,6.6,7.4,3.3,6.7,20.85,71,1.24,Clouds,overcast clouds
2026-08-06 09:49:20,Thiruvananthapuram,Kerala,8.5241,76.9366,57,57,,,,,,27.48,81,3.69,Clouds,overcast clouds
2026-08-06 09:49:20,Imphal,Manipur,24.817,93.9368,25,25,22,7.3,6.9,5.1,9.8,21.91,96,1.15,Clouds,overcast clouds
2026-08-06 09:49:20,Shillong,Meghalaya,25.5788,91.8933,42,13,9,1.9,7.4,3.1,42.3,21.8,91,1.4,Rain,moderate rain
2026-08-06 09:49:20,Aizawl,Mizoram,23.7271,92.7176,17,13,17,0.6,0.5,5.8,2.3,19.46,100,0.75,Rain,light rain
2026-08-06 09:49:20,Kohima,Nagaland,25.6751,94.1086,25,25,22,7.3,6.9,5.1,9.8,23.75,78,0.76,Rain,light rain
2026-08-06 09:49:20,Gangtok,Sikkim,27.3389,88.6065,69,69,48,0.7,2.5,0.4,4.3,26.06,73,2.36,Clouds,few clouds
2026-08-06 09:49:20,Agartala,Tripura,23.8315,91.2868,114,114,68,3.5,6.3,2.9,5.8,25.71,94,1.57,Rain,light rain
2026-08-06 09:49:20,Dehradun,Uttarakhand,30.3165,78.0322,55,5,55,3.7,25.7,3,2.9,24.81,92,0.95,Rain,moderate rain
2026-08-06 09:49:20,Port Blair,Andaman and Nicobar Islands,11.6234,92.7265,43,43,,,2.4,0.6,,27.42,85,6.17,Clouds,overcast clouds
2026-08-06 09:49:20,Daman,Dadra and Nagar Haveli and Daman and Diu,20.3974,72.8328,78,78,28,10.9,23.8,6.1,1,27.75,83,7.05,Rain,light rain
2026-08-06 09:49:20,Srinagar,Jammu and Kashmir,34.0837,74.7973,61,61,55,5.5,10.1,1.6,31.3,25.03,68,0.27,Clear,clear sky
2026-08-06 09:49:20,Leh,Ladakh,34.1526,77.5771,17,13,17,2.8,16.5,2.1,15.1,18.76,50,3.13,Clouds,scattered clouds
2026-08-06 09:49:20,Kavaratti,Lakshadweep,10.5669,72.642,28,59,28,5.8,9.4,5.1,2.1,28.14,77,9.46,Clouds,overcast clouds
2026-08-06 09:49:20,Puducherry,Puducherry,11.9416,79.8083,44,44,30,3.4,4.6,3.9,17.7,30.74,65,6.83,Clouds,overcast clouds
2026-08-06 12:48:48,Delhi,Delhi,28.6139,77.209,93,93,16,12.7,6,,5.4,28.84,76,2.74,Rain,light rain
2026-08-06 12:48:48,Mumbai,Maharashtra,19.076,72.8777,46,46,16,7.9,14.6,5.3,5.3,28.86,75,8.33,Rain,light rain
2026-08-06 12:48:48,Bangalore,Karnataka,12.9716,77.5946,20,59,20,6.4,10.9,4.7,4,26.88,71,0.89,Clouds,overcast clouds
2026-08-06 12:48:48,Kolkata,West Bengal,22.5726,88.3639,172,172,,,,,,26.92,83,2.4,Rain,light rain
2026-08-06 12:48:48,Chennai,Tamil Nadu,13.0827,80.2707,46,46,,,,,,34.4,60,2.24,Clouds,overcast clouds
2026-08-06 12:48:48,Hyderabad,Telangana,17.385,78.4867,93,93,,,,,,29.24,61,7.12,Clouds,overcast clouds
2026-08-06 12:48:48,Pune,Maharashtra,18.5204,73.8567,20,59,20,6.4,10.9,4.7,4,25.61,75,6.13,Clouds,overcast clouds
2026-08-06 12:48:48,Lucknow,Uttar Pradesh,26.8467,80.9462,128,128,91,10.8,3,3.4,28.4,26.72,90,0.69,Clouds,overcast clouds
2026-08-06 12:48:48,Patna,Bihar,25.5941,85.1376,21,107,,1,0.5,0.6,20.9,31.83,63,2.95,Rain,moderate rain
2026-08-06 12:48:48,Ahmedabad,Gujarat,23.0225,72.5714,46,46,16,7.9,14.6,5.3,5.3,32.99,50,5.33,Clouds,overcast clouds
2026-08-06 12:48:48,Jaipur,Rajasthan,26.9124,75.7873,46,46,16,7.9,14.6,5.3,5.3,32.06,51,2.21,Rain,light rain
2026-08-06 12:48:48,Chandigarh,Chandigarh,30.7333,76.7794,55,55,27,5.8,10.5,3,5.5,30.69,69,6.36,Rain,light rain
2026-08-06 12:48:48,Bhopal,Madhya Pradesh,23.2599,77.4126,20,59,20,6.4,10.9,4.7,4,29.98,64,4.69,Rain,light rain
2026-08-06 12:48:48,Kanpur,Uttar Pradesh,26.4499,80.3319,150,150,86,6.3,9.9,0.4,5.4,26.3,91,2.31,Rain,moderate rain
2026-08-06 12:48:48,Guwahati,Assam,26.1445,91.7362,50,13,10,1.9,4.2,2.6,49.6,31.02,70,1.37,Rain,light rain
2026-08-06 12:48:48,Itanagar,Arunachal Pradesh,27.0844,93.6053,54,13,9,1.9,4.2,3.1,53.9,33.09,60,2.15,Clouds,broken clouds
2026-08-06 12:48:48,Dispur,Assam,26.1433,91.7898,50,13,10,1.9,4.2,2.6,49.6,32.19,70,1.46,Rain,light rain
2026-08-06 12:48:48,Raipur,Chhattisgarh,21.2514,81.6296,113,113,90,3,3.4,0.5,16.8,33.01,54,4.94,Clouds,broken clouds
2026-08-06 12:48:48,Panaji,Goa,15.4909,73.8278,20,59,20,6.4,10.9,4.7,4,27.86,77,7.31,Rain,light rain
2026-08-06 12:48:48,Gandhinagar,Gujarat,23.2156,72.6369,46,46,16,7.9,14.6,5.3,5.3,32.41,54,5.46,Clouds,overcast clouds
2026-08-06 12:48:48,Shimla,Himachal Pradesh,31.1048,77.1734,55,55,27,5.8,10.5,3,5.5,21.01,78,1.44,Rain,light rain
2026-08-06 12:48:48,Thiruvananthapuram,Kerala,8.5241,76.9366,59,59,,,,,,27.38,82,5.6,Rain,moderate rain
2026-08-06 12:48:48,Imphal,Manipur,24.817,93.9368,59,59,20,6.4,6.4,7.1,20.4,25.82,83,1.89,Clouds,broken clouds
2026-08-06 12:48:48,Shillong,Meghalaya,25.5788,91.8933,50,13,10,1.9,4.2,2.6,49.6,22.42,90,1.9,Rain,moderate rain
2026-08-06 12:48:48,Aizawl,Mizoram,23.7271,92.7176,17,13,17,0.6,0.5,5.8,2.3,20.64,98,1.09,Rain,light rain
2026-08-06 12:48:48,Kohima,Nagaland,25.6751,94.1086,59,59,20,6.4,6.4,7.1,20.4,23.7,89,0.46,Rain,moderate rain
2026-08-06 12:48:48,Gangtok,Sikkim,27.3389,88.6065,69,69,48,0.7,2.5,0.4,4.3,26.33,77,1.72,Rain,light rain
2026-08-06 12:48:48,Agartala,Tripura,23.8315,91.2868,114,114,68,3.5,6.3,2.9,5.8,25.25,98,3.2,Rain,moderate rain
2026-08-06 12:48:48,Dehradun,Uttarakhand,30.3165,78.0322,72,65,72,4.6,20.8,3.1,3.1,25.03,91,0.41,Rain,light rain
2026-08-06 12:48:48,Port Blair,Andaman and Nicobar Islands,11.6234,92.7265,41,41,,,1.2,0.6,,27.89,81,7.86,Rain,moderate rain
2026-08-06 12:48:48,Daman,Dadra and Nagar Haveli and Daman and Diu,20.3974,72.8328,46,46,16,7.9,14.6,5.3,5.3,28.87,77,7.55,Clouds,scattered clouds
2026-08-06 12:48:48,Srinagar,Jammu and Kashmir,34.0837,74.7973,61,57,61,4.6,5.5,1.6,41.5,26.14,64,1.79,Clear,clear sky
2026-08-06 12:48:48,Leh,Ladakh,34.1526,77.5771,31,13,6,1.9,1,2.6,30.5,21.89,34,3.2,Clouds,scattered clouds
2026-08-06 12:48:48,Kavaratti,Lakshadweep,10.5669,72.642,20,59,20,6.4,10.9,4.7,4,27.91,78,10.1,Rain,light rain
2026-08-06 12:48:48,Puducherry,Puducherry,11.9416,79.8083,44,44,30,3.4,4.6,3.9,17.7,34.52,53,5.11,Clouds,overcast clouds
2026-08-06 15:41:57,Delhi,Delhi,28.6139,77.209,63,63,42,14.1,6.7,,7.7,27,86,2.76,Clouds,overcast clouds
2026-08-06 15:41:57,Mumbai,Maharashtra,19.076,72.8777,46,46,26,9.1,14.1,4.7,5.6,29.24,74,8.34,Rain,light rain
2026-08-06 15:41:57,Bangalore,Karnataka,12.9716,77.5946,8,59,8,8.2,17.2,2,15,25.78,74,0.89,Rain,light rain
2026-08-06 15:41:57,Kolkata,West Bengal,22.5726,88.3639,172,172,,,,,,25.1,86,2.46,Clouds,overcast clouds
2026-08-06 15:41:57,Chennai,Tamil Nadu,13.0827,80.2707,46,46,,,,,,34.31,59,0.89,Clouds,overcast clouds
2026-08-06 15:41:57,Hyderabad,Telangana,17.385,78.4867,93,93,,,,,,30.31,55,7.06,Clouds,overcast clouds
2026-08-06 15:41:57,Pune,Maharashtra,18.5204,73.8567,8,59,8,8.2,17.2,2,15,27.56,53,7.08,Clouds,overcast clouds
2026-08-06 15:41:57,Lucknow,Uttar Pradesh,26.8467,80.9462,128,128,91,10.8,3,3.4,28.4,28.72,78,1.12,Clouds,overcast clouds
2026-08-06 15:41:57,Patna,Bihar,25.5941,85.1376,21,107,,1,0.5,0.6,20.9,32.57,58,2.53,Rain,light rain
2026-08-06 15:41:57,Ahmedabad,Gujarat,23.0225,72.5714,46,46,26,9.1,14.1,4.7,5.6,34.71,45,5.81,Clouds,overcast clouds
2026-08-06 15:41:57,Jaipur,Rajasthan,26.9124,75.7873,46,46,26,9.1,14.1,4.7,5.6,32.91,49,1.13,Clouds,overcast clouds
2026-08-06 15:41:57,Chandigarh,Chandigarh,30.7333,76.7794,29,25,29,4.6,10.3,3.8,5.6,27.61,80,6.46,Clouds,overcast clouds
2026-08-06 15:41:57,Bhopal,Madhya Pradesh,23.2599,77.4126,8,59,8,8.2,17.2,2,15,29.34,69,5.17,Rain,light rain
2026-08-06 15:41:57,Kanpur,Uttar Pradesh,26.4499,80.3319,150,150,86,6.3,9.9,0.4,5.4,27.94,81,1.26,Clouds,overcast clouds
2026-08-06 15:41:57,Guwahati,Assam,26.1445,91.7362,53,13,9,1.9,2.8,2.6,52.6,30.44,76,0.71,Rain,moderate rain
2026-08-06 15:41:57,Itanagar,Arunachal Pradesh,27.0844,93.6053,60,25,9,1.9,3.7,3.1,60.4,32.03,67,1.55,Rain,light rain
2026-08-06 15:41:57,Dispur,Assam,26.1433,91.7898,53,13,9,1.9,2.8,2.6,52.6,31.43,77,0.65,Rain,moderate rain
2026-08-06 15:41:57,Raipur,Chhattisgarh,21.2514,81.6296,113,113,90,3,3.4,0.5,16.8,32.38,56,5.31,Clouds,broken clouds
2026-08-06 15:41:57,Panaji,Goa,15.4909,73.8278,8,59,8,8.2,17.2,2,15,27.43,79,7.7,Rain,moderate rain
2026-08-06 15:41:57,Gandhinagar,Gujarat,23.2156,72.6369,46,46,26,9.1,14.1,4.7,5.6,34.16,47,5.68,Clouds,overcast clouds
2026-08-06 15:41:57,Shimla,Himachal Pradesh,31.1048,77.1734,29,25,29,4.6,10.3,3.8,5.6,20.95,80,1.17,Rain,moderate rain
2026-08-06 15:41:57,Thiruvananthapuram,Kerala,8.5241,76.9366,50,50,,,,,,26.64,83,5.25,Rain,light rain
2026-08-06 15:41:57,Imphal,Manipur,24.817,93.9368,46,46,18,5.5,5.1,11.7,26.9,25.74,85,1.24,Rain,moderate rain
2026-08-06 15:41:57,Shillong,Meghalaya,25.5788,91.8933,53,13,9,1.9,2.8,2.6,52.6,21.93,94,1.64,Rain,moderate rain
2026-08-06 15:41:57,Aizawl,Mizoram,23.7271,92.7176,17,13,17,0.6,0.5,5.8,2.3,21.25,96,1.34,Rain,light rain
2026-08-06 15:41:57,Kohima,Nagaland,25.6751,94.1086,46,46,18,5.5,5.1,11.7,26.9,22.68,93,0.42,Rain,moderate rain
2026-08-06 15:41:57,Gangtok,Sikkim,27.3389,88.6065,69,69,48,0.7,2.5,0.4,4.3,25.53,85,1.78,Rain,light rain
2026-08-06 15:41:57,Agartala,Tripura,23.8315,91.2868,114,114,68,3.5,6.3,2.9,5.8,25.95,96,3.4,Rain,light rain
2026-08-06 15:41:57,Dehradun,Uttarakhand,30.3165,78.0322,62,53,62,3.7,19.2,2.6,4.1,23.99,95,0.59,Rain,light rain
2026-08-06 15:41:57,Port Blair,Andaman and Nicobar Islands,11.6234,92.7265,33,33,,,2.4,0.6,,27.77,82,8.88,Rain,moderate rain
2026-08-06 15:41:57,Daman,Dadra and Nagar Haveli and Daman and Diu,20.3974,72.8328,46,46,26,9.1,14.1,4.7,5.6,28.78,76,7.44,Clouds,broken clouds
2026-08-06 15:41:57,Srinagar,Jammu and Kashmir,34.0837,74.7973,58,50,37,2.8,1,1.6,57.8,28.36,57,1.79,Clear,clear sky
2026-08-06 15:41:57,Leh,Ladakh,34.1526,77.5771,31,13,6,1.9,0.5,3.1,30.9,23.73,23,3.02,Clouds,scattered clouds
2026-08-06 15:41:57,Kavaratti,Lakshadweep,10.5669,72.642,8,59,8,8.2,17.2,2,15,27.87,78,10.62,Rain,light rain
2026-08-06 15:41:57,Puducherry,Puducherry,11.9416,79.8083,44,44,30,3.4,4.6,3.9,17.7,34.62,60,3.49,Clouds,overcast clouds
2026-08-06 17:57:51,Delhi,Delhi,28.6139,77.209,114,114,43,13.6,5.7,,6.6,26.69,84,1.83,Rain,light rain
2026-08-06 17:57:51,Mumbai,Maharashtra,19.076,72.8777,127,127,45,9.1,5.9,13.5,7.4,28.73,77,9.02,Rain,light rain
2026-08-06 17:57:51,Bangalore,Karnataka,12.9716,77.5946,155,155,17,7.3,12.2,2.6,7.8,27.19,73,6.53,Rain,light rain
2026-08-06 17:57:51,Kolkata,West Bengal,22.5726,88.3639,172,172,,,,,,27.14,82,2.34,Clouds,overcast clouds
2026-08-06 17:57:51,Chennai,Tamil Nadu,13.0827,80.2707,46,46,,,,,,32.47,69,0.89,Clouds,overcast clouds
2026-08-06 17:57:51,Hyderabad,Telangana,17.385,78.4867,93,93,,,,,,29.7,59,5.81,Clouds,overcast clouds
2026-08-06 17:57:51,Pune,Maharashtra,18.5204,73.8567,127,127,45,9.1,5.9,13.5,7.4,25.11,60,6.98,Clouds,overcast clouds
2026-08-06 17:57:51,Lucknow,Uttar Pradesh,26.8467,80.9462,128,128,91,10.8,3,3.4,28.4,28.73,78,0.89,Clouds,overcast clouds
2026-08-06 17:57:51,Patna,Bihar,25.5941,85.1376,21,107,,1,0.5,0.6,20.9,32.26,62,0.61,Rain,moderate rain
2026-08-06 17:57:51,Ahmedabad,Gujarat,23.0225,72.5714,127,127,45,9.1,5.9,13.5,7.4,33.64,50,4.77,Clouds,overcast clouds
2026-08-06 17:57:51,Jaipur,Rajasthan,26.9124,75.7873,127,127,45,9.1,5.9,13.5,7.4,26.1,81,5.35,Rain,light rain
2026-08-06 17:57:51,Chandigarh,Chandigarh,30.7333,76.7794,68,68,58,5.7,9.3,4.8,5.8,26.24,83,4.34,Rain,light rain
2026-08-06 17:57:51,Bhopal,Madhya Pradesh,23.2599,77.4126,155,155,17,7.3,12.2,2.6,7.8,27.97,78,4.55,Rain,light rain
2026-08-06 17:57:51,Kanpur,Uttar Pradesh,26.4499,80.3319,150,150,86,6.3,9.9,0.4,5.4,28,82,1.39,Clouds,overcast clouds
2026-08-06 17:57:51,Guwahati,Assam,26.1445,91.7362,57,13,7,1.9,4.2,2.6,57.1,28.15,85,0.75,Rain,moderate rain
2026-08-06 17:57:51,Itanagar,Arunachal Pradesh,27.0844,93.6053,62,13,10,1.9,3.7,3.1,61.7,28.93,84,0.99,Clouds,scattered clouds
2026-08-06 17:57:51,Dispur,Assam,26.1433,91.7898,57,13,7,1.9,4.2,2.6,57.1,29.09,86,0.74,Rain,moderate rain
2026-08-06 17:57:51,Raipur,Chhattisgarh,21.2514,81.6296,113,113,90,3,3.4,0.5,16.8,30.3,69,4.33,Rain,light rain
2026-08-06 17:57:51,Panaji,Goa,15.4909,73.8278,127,127,45,9.1,5.9,13.5,7.4,26.75,83,6.92,Rain,moderate rain
2026-08-06 17:57:51,Gandhinagar,Gujarat,23.2156,72.6369,127,127,45,9.1,5.9,13.5,7.4,32.56,56,5.51,Clouds,overcast clouds
2026-08-06 17:57:51,Shimla,Himachal Pradesh,31.1048,77.1734,68,68,58,5.7,9.3,4.8,5.8,17.13,93,2.28,Rain,moderate rain
2026-08-06 17:57:51,Thiruvananthapuram,Kerala,8.5241,76.9366,45,45,,,,,,25.21,89,5.62,Rain,light rain
2026-08-06 17:57:51,Imphal,Manipur,24.817,93.9368,55,55,13,5.5,2.3,5.6,26.9,23.66,90,1.11,Rain,light rain
2026-08-06 17:57:51,Shillong,Meghalaya,25.5788,91.8933,57,13,7,1.9,4.2,2.6,57.1,20.43,95,1.81,Rain,light rain
2026-08-06 17:57:51,Aizawl,Mizoram,23.7271,92.7176,17,13,17,0.6,0.5,5.8,2.3,20.48,95,1.31,Clouds,overcast clouds
2026-08-06 17:57:51,Kohima,Nagaland,25.6751,94.1086,55,55,13,5.5,2.3,5.6,26.9,20.31,96,0.3,Clouds,few clouds
2026-08-06 17:57:51,Gangtok,Sikkim,27.3389,88.6065,69,69,48,0.7,2.5,0.4,4.3,23.17,96,1.31,Rain,light rain
2026-08-06 17:57:51,Agartala,Tripura,23.8315,91.2868,114,114,68,3.5,6.3,2.9,5.8,25.03,96,3.59,Clouds,overcast clouds
2026-08-06 17:57:51,Dehradun,Uttarakhand,30.3165,78.0322,58,53,58,4.6,23.1,3.1,3.5,24.44,93,2.25,Clouds,overcast clouds
2026-08-06 17:57:51,Port Blair,Andaman and Nicobar Islands,11.6234,92.7265,44,44,,,2.9,1.1,,28.14,81,9.92,Rain,light rain
2026-08-06 17:57:51,Daman,Dadra and Nagar Haveli and Daman and Diu,20.3974,72.8328,127,127,45,9.1,5.9,13.5,7.4,27.71,83,7.62,Clouds,overcast clouds
2026-08-06 17:57:51,Srinagar,Jammu and Kashmir,34.0837,74.7973,63,63,49,2.8,1.4,1.6,57.8,27.81,64,0.45,Rain,light rain
2026-08-06 17:57:51,Leh,Ladakh,34.1526,77.5771,34,34,16,1.9,8.3,2.6,25.2,22.24,32,4.31,Clear,clear sky
2026-08-06 17:57:51,Kavaratti,Lakshadweep,10.5669,72.642,127,127,45,9.1,5.9,13.5,7.4,28.16,78,9.66,Rain,light rain
2026-08-06 17:57:51,Puducherry,Puducherry,11.9416,79.8083,44,44,30,3.4,4.6,3.9,17.7,33.51,70,5.23,Clouds,overcast clouds
2026-08-06 20:27:20,Delhi,Delhi,28.6139,77.209,55,55,21,12.7,5.3,,4.4,26.98,82,2.78,Clouds,overcast clouds
2026-08-06 20:27:20,Mumbai,Maharashtra,19.076,72.8777,85,85,51,6.4,5.7,12.2,6.2,28.16,77,8.42,Rain,light rain
2026-08-06 20:27:20,Bangalore,Karnataka,12.9716,77.5946,35,35,28,10.4,14.1,2.2,5.7,22.46,85,0.45,Clouds,overcast clouds
2026-08-06 20:27:20,Kolkata,West Bengal,22.5726,88.3639,172,172,,,,,,26.6,86,2.81,Clouds,overcast clouds
2026-08-06 20:27:20,Chennai,Tamil Nadu,13.0827,80.2707,46,46,,,,,,30.83,78,0.45,Clouds,overcast clouds
2026-08-06 20:27:20,Hyderabad,Telangana,17.385,78.4867,93,93,,,,,,27.26,68,4.27,Rain,light rain
2026-08-06 20:27:20,Pune,Maharashtra,18.5204,73.8567,85,85,51,6.4,5.7,12.2,6.2,23.97,79,5.48,Clouds,overcast clouds
2026-08-06 20:27:20,Lucknow,Uttar Pradesh,26.8467,80.9462,128,128,91,10.8,3,3.4,28.4,27.49,86,1.15,Clouds,overcast clouds
2026-08-06 20:27:20,Patna,Bihar,25.5941,85.1376,21,107,,1,0.5,0.6,20.9,30.47,72,2.11,Rain,light rain
2026-08-06 20:27:20,Ahmedabad,Gujarat,23.0225,72.5714,85,85,51,6.4,5.7,12.2,6.2,31.26,62,4.02,Clouds,overcast clouds
2026-08-06 20:27:20,Jaipur,Rajasthan,26.9124,75.7873,85,85,51,6.4,5.7,12.2,6.2,26.61,79,1.08,Clouds,overcast clouds
2026-08-06 20:27:20,Chandigarh,Chandigarh,30.7333,76.7794,78,78,64,5.5,8.3,4.3,7.3,26.08,79,2.13,Clouds,overcast clouds
2026-08-06 20:27:20,Bhopal,Madhya Pradesh,23.2599,77.4126,35,35,28,10.4,14.1,2.2,5.7,25.33,88,4.19,Rain,light rain
2026-08-06 20:27:20,Kanpur,Uttar Pradesh,26.4499,80.3319,150,150,86,6.3,9.9,0.4,5.4,26.87,88,0.78,Clouds,overcast clouds
2026-08-06 20:27:20,Guwahati,Assam,26.1445,91.7362,52,34,9,1.9,4.6,3.6,51.9,24.54,96,1.3,Rain,moderate rain
2026-08-06 20:27:20,Itanagar,Arunachal Pradesh,27.0844,93.6053,50,42,10,2.8,7.8,3.1,50,26.07,93,1.79,Rain,light rain
2026-08-06 20:27:20,Dispur,Assam,26.1433,91.7898,52,34,9,1.9,4.6,3.6,51.9,25.46,97,1.42,Rain,moderate rain
2026-08-06 20:27:20,Raipur,Chhattisgarh,21.2514,81.6296,113,113,90,3,3.4,0.5,16.8,28.22,80,3.3,Rain,moderate rain
2026-08-06 20:27:20,Panaji,Goa,15.4909,73.8278,85,85,51,6.4,5.7,12.2,6.2,26.24,84,7.3,Rain,moderate rain
2026-08-06 20:27:20,Gandhinagar,Gujarat,23.2156,72.6369,85,85,51,6.4,5.7,12.2,6.2,29.78,68,2.77,Clouds,overcast clouds
2026-08-06 20:27:20,Shimla,Himachal Pradesh,31.1048,77.1734,78,78,64,5.5,8.3,4.3,7.3,15.08,91,2.39,Rain,light rain
2026-08-06 20:27:20,Thiruvananthapuram,Kerala,8.5241,76.9366,61,61,,,,,,24.5,91,4.74,Rain,light rain
2026-08-06 20:27:20,Imphal,Manipur,24.817,93.9368,61,61,16,6.4,4.2,6.1,20.4,21.18,96,0.69,Clouds,broken clouds
2026-08-06 20:27:20,Shillong,Meghalaya,25.5788,91.8933,52,34,9,1.9,4.6,3.6,51.9,18.99,97,2.08,Clouds,broken clouds
2026-08-06 20:27:20,Aizawl,Mizoram,23.7271,92.7176,17,13,17,0.6,0.5,5.8,2.3,18.68,99,1.14,Clouds,overcast clouds
2026-08-06 20:27:20,Kohima,Nagaland,25.6751,94.1086,61,61,16,6.4,4.2,6.1,20.4,18.35,98,1.97,Clouds,few clouds
2026-08-06 20:27:20,Gangtok,Sikkim,27.3389,88.6065,69,69,48,0.7,2.5,0.4,4.3,21.62,98,0.34,Clouds,broken clouds
2026-08-06 20:27:20,Agartala,Tripura,23.8315,91.2868,114,114,68,3.5,6.3,2.9,5.8,24.85,96,2.74,Clouds,overcast clouds
2026-08-06 20:27:20,Dehradun,Uttarakhand,30.3165,78.0322,51,53,51,4.6,14.6,3,3.9,23.41,90,1.04,Clouds,overcast clouds
2026-08-06 20:27:20,Port Blair,Andaman and Nicobar Islands,11.6234,92.7265,44,44,,,2.9,1.1,,27.95,81,10.8,Clouds,overcast clouds
2026-08-06 20:27:20,Daman,Dadra and Nagar Haveli and Daman and Diu,20.3974,72.8328,85,85,51,6.4,5.7,12.2,6.2,27.41,83,7.56,Clouds,overcast clouds
2026-08-06 20:27:20,Srinagar,Jammu and Kashmir,34.0837,74.7973,76,76,51,3.7,5.1,1.6,46.8,22.3,78,0.77,Rain,moderate rain
2026-08-06 20:27:20,Leh,Ladakh,34.1526,77.5771,18,13,13,1.9,12.4,3.1,18.3,20.95,36,3.83,Clear,clear sky
2026-08-06 20:27:20,Kavaratti,Lakshadweep,10.5669,72.642,85,85,51,6.4,5.7,12.2,6.2,28.15,78,9.15,Rain,light rain
2026-08-06 20:27:20,Puducherry,Puducherry,11.9416,79.8083,44,44,30,3.4,4.6,3.9,17.7,29.07,76,8.87,Clouds,overcast clouds
2026-08-07 06:13:37,Delhi,Delhi,28.6139,77.209,78,78,54,12.9,10.2,,1.5,26.58,87,3.55,Rain,moderate rain
2026-08-07 06:13:37,Mumbai,Maharashtra,19.076,72.8777,65,65,43,7.3,7,12,4.9,27.67,80,8.66,Rain,light rain
2026-08-07 06:13:37,Bangalore,Karnataka,12.9716,77.5946,107,107,37,3.7,3.5,1.5,6.2,20.83,88,0.45,Clouds,overcast clouds
2026-08-07 06:13:37,Kolkata,West Bengal,22.5726,88.3639,172,172,,,,,,27.16,86,3.65,Rain,light rain
2026-08-07 06:13:37,Chennai,Tamil Nadu,13.0827,80.2707,46,46,,,,,,27.76,83,0.45,Clouds,overcast clouds
2026-08-07 06:13:37,Hyderabad,Telangana,17.385,78.4867,93,93,,,,,,23.65,86,6.37,Clouds,overcast clouds
2026-08-07 06:13:37,Pune,Maharashtra,18.5204,73.8567,65,65,43,7.3,7,12,4.9,23.38,74,4.35,Clouds,overcast clouds
2026-08-07 06:13:37,Lucknow,Uttar Pradesh,26.8467,80.9462,128,128,91,10.8,3,3.4,28.4,26.16,91,2.11,Clouds,overcast clouds
2026-08-07 06:13:37,Patna,Bihar,25.5941,85.1376,21,107,,1,0.5,0.6,20.9,28.1,80,4.28,Clouds,scattered clouds
2026-08-07 06:13:37,Ahmedabad,Gujarat,23.0225,72.5714,65,65,43,7.3,7,12,4.9,27.57,71,4.46,Clouds,broken clouds
2026-08-07 06:13:37,Jaipur,Rajasthan,26.9124,75.7873,65,65,43,7.3,7,12,4.9,25.47,78,5.02,Rain,light rain
2026-08-07 06:13:37,Chandigarh,Chandigarh,30.7333,76.7794,22,22,14,4.8,8.3,2.7,5.8,23.78,96,1.99,Rain,moderate rain
2026-08-07 06:13:37,Bhopal,Madhya Pradesh,23.2599,77.4126,107,107,37,3.7,3.5,1.5,6.2,23.24,91,3.51,Rain,light rain
2026-08-07 06:13:37,Kanpur,Uttar Pradesh,26.4499,80.3319,150,150,86,6.3,9.9,0.4,5.4,25.8,90,1.83,Clouds,overcast clouds
2026-08-07 06:13:37,Guwahati,Assam,26.1445,91.7362,30,30,11,1.9,7.8,2.6,26,25.48,90,0.29,Clouds,few clouds
2026-08-07 06:13:37,Itanagar,Arunachal Pradesh,27.0844,93.6053,30,30,13,2.8,6.4,4.6,28.5,25.83,92,0.47,Clouds,scattered clouds
2026-08-07 06:13:37,Dispur,Assam,26.1433,91.7898,30,30,11,1.9,7.8,2.6,26,26.53,91,0.33,Clouds,few clouds
2026-08-07 06:13:37,Raipur,Chhattisgarh,21.2514,81.6296,113,113,90,3,3.4,0.5,16.8,26.16,87,2.47,Rain,light rain
2026-08-07 06:13:37,Panaji,Goa,15.4909,73.8278,65,65,43,7.3,7,12,4.9,26.16,85,5.75,Rain,moderate rain
2026-08-07 06:13:37,Gandhinagar,Gujarat,23.2156,72.6369,65,65,43,7.3,7,12,4.9,26.62,77,3.82,Clouds,overcast clouds
2026-08-07 06:13:37,Shimla,Himachal Pradesh,31.1048,77.1734,22,22,14,4.8,8.3,2.7,5.8,16.38,93,1.52,Rain,light rain
2026-08-07 06:13:37,Thiruvananthapuram,Kerala,8.5241,76.9366,30,30,,,,,,23.51,93,6.22,Clouds,overcast clouds
2026-08-07 06:13:37,Imphal,Manipur,24.817,93.9368,53,53,18,6.4,3.7,5.1,5.7,22.01,93,0.41,Clouds,overcast clouds
2026-08-07 06:13:37,Shillong,Meghalaya,25.5788,91.8933,30,30,11,1.9,7.8,2.6,26,19.43,92,1.16,Clouds,broken clouds
2026-08-07 06:13:37,Aizawl,Mizoram,23.7271,92.7176,17,13,17,0.6,0.5,5.8,2.3,20.33,89,0.49,Clouds,overcast clouds
2026-08-07 06:13:37,Kohima,Nagaland,25.6751,94.1086,53,53,18,6.4,3.7,5.1,5.7,20.03,96,0.79,Clouds,broken clouds
2026-08-07 06:13:37,Gangtok,Sikkim,27.3389,88.6065,69,69,48,0.7,2.5,0.4,4.3,21.71,93,0.5,Clouds,scattered clouds
2026-08-07 06:13:37,Agartala,Tripura,23.8315,91.2868,114,114,68,3.5,6.3,2.9,5.8,25.22,94,2.97,Clouds,overcast clouds
2026-08-07 06:13:37,Dehradun,Uttarakhand,30.3165,78.0322,61,46,61,3.7,19.1,1.9,1.9,23.18,93,1.02,Clouds,overcast clouds
2026-08-07 06:13:37,Port Blair,Andaman and Nicobar Islands,11.6234,92.7265,30,30,,,,,,28.06,81,7.76,Rain,moderate rain
2026-08-07 06:13:37,Daman,Dadra and Nagar Haveli and Daman and Diu,20.3974,72.8328,65,65,43,7.3,7,12,4.9,26.84,87,6.51,Rain,light rain
2026-08-07 06:13:37,Srinagar,Jammu and Kashmir,34.0837,74.7973,107,107,68,4.6,9.6,1.6,13.9,19.47,85,0.68,Clear,clear sky
2026-08-07 06:13:37,Leh,Ladakh,34.1526,77.5771,10,13,6,1.9,22.9,3.6,9.8,16.72,54,2.55,Clouds,few clouds
2026-08-07 06:13:37,Kavaratti,Lakshadweep,10.5669,72.642,65,65,43,7.3,7,12,4.9,27.8,78,9.71,Rain,light rain
2026-08-07 06:13:37,Puducherry,Puducherry,11.9416,79.8083,44,44,30,3.4,4.6,3.9,17.7,26.29,73,5.09,Clouds,overcast clouds
2026-08-07 09:24:42,Delhi,Delhi,28.6139,77.209,78,78,54,12.9,10.2,,1.5,27.68,83,3.64,Rain,light rain
2026-08-07 09:24:42,Mumbai,Maharashtra,19.076,72.8777,65,65,43,7.3,7,12,4.9,28.49,77,8.69,Rain,light rain
2026-08-07 09:24:42,Bangalore,Karnataka,12.9716,77.5946,107,107,37,3.7,3.5,1.5,6.2,23.01,79,0.89,Clouds,overcast clouds
2026-08-07 09:24:42,Kolkata,West Bengal,22.5726,88.3639,172,172,,,,,,30.18,77,3.81,Rain,moderate rain
2026-08-07 09:24:42,Chennai,Tamil Nadu,13.0827,80.2707,46,46,,,,,,31.38,67,0.89,Clouds,overcast clouds
2026-08-07 09:24:42,Hyderabad,Telangana,17.385,78.4867,93,93,,,,,,27.72,64,8.32,Clouds,overcast clouds
2026-08-07 09:24:42,Pune,Maharashtra,18.5204,73.8567,65,65,43,7.3,7,12,4.9,26.72,62,6.67,Clouds,overcast clouds
2026-08-07 09:24:42,Lucknow,Uttar Pradesh,26.8467,80.9462,128,128,91,10.8,3,3.4,28.4,30.36,70,3.63,Clouds,overcast clouds
2026-08-07 09:24:42,Patna,Bihar,25.5941,85.1376,21,107,,1,0.5,0.6,20.9,32.19,61,5.67,Clouds,scattered clouds
2026-08-07 09:24:42,Ahmedabad,Gujarat,23.0225,72.5714,65,65,43,7.3,7,12,4.9,28.67,67,4.62,Clouds,overcast clouds
2026-08-07 09:24:42,Jaipur,Rajasthan,26.9124,75.7873,65,65,43,7.3,7,12,4.9,28.97,63,5.76,Clouds,overcast clouds
2026-08-07 09:24:42,Chandigarh,Chandigarh,30.7333,76.7794,22,22,14,4.8,8.3,2.7,5.8,23.79,95,1.97,Rain,moderate rain
2026-08-07 09:24:42,Bhopal,Madhya Pradesh,23.2599,77.4126,107,107,37,3.7,3.5,1.5,6.2,24.87,87,4.18,Clouds,overcast clouds
2026-08-07 09:24:42,Kanpur,Uttar Pradesh,26.4499,80.3319,150,150,86,6.3,9.9,0.4,5.4,29.39,72,2.8,Clouds,broken clouds
2026-08-07 09:24:42,Guwahati,Assam,26.1445,91.7362,30,30,11,1.9,7.8,2.6,26,29.58,73,1.84,Clouds,few clouds
2026-08-07 09:24:42,Itanagar,Arunachal Pradesh,27.0844,93.6053,30,30,13,2.8,6.4,4.6,28.5,30.57,75,1.59,Rain,moderate rain
2026-08-07 09:24:42,Dispur,Assam,26.1433,91.7898,30,30,11,1.9,7.8,2.6,26,30.85,72,1.69,Clouds,few clouds
2026-08-07 09:24:42,Raipur,Chhattisgarh,21.2514,81.6296,113,113,90,3,3.4,0.5,16.8,28.97,71,3.17,Clouds,overcast clouds
2026-08-07 09:24:42,Panaji,Goa,15.4909,73.8278,65,65,43,7.3,7,12,4.9,27.07,82,7.21,Rain,moderate rain
2026-08-07 09:24:42,Gandhinagar,Gujarat,23.2156,72.6369,65,65,43,7.3,7,12,4.9,28.06,71,4.63,Clouds,overcast clouds
2026-08-07 09:24:42,Shimla,Himachal Pradesh,31.1048,77.1734,22,22,14,4.8,8.3,2.7,5.8,16.54,94,1.05,Rain,moderate rain
2026-08-07 09:24:42,Thiruvananthapuram,Kerala,8.5241,76.9366,30,30,,,,,,25.68,85,5.14,Clouds,overcast clouds
2026-08-07 09:24:42,Imphal,Manipur,24.817,93.9368,53,53,18,6.4,3.7,5.1,5.7,26.72,75,1.28,Rain,light rain
2026-08-07 09:24:42,Shillong,Meghalaya,25.5788,91.8933,30,30,11,1.9,7.8,2.6,26,23.96,71,1.51,Clouds,broken clouds
2026-08-07 09:24:42,Aizawl,Mizoram,23.7271,92.7176,17,13,17,0.6,0.5,5.8,2.3,24.95,71,0.25,Rain,light rain
2026-08-07 09:24:42,Kohima,Nagaland,25.6751,94.1086,53,53,18,6.4,3.7,5.1,5.7,23.07,85,0.97,Rain,light rain
2026-08-07 09:24:42,Gangtok,Sikkim,27.3389,88.6065,69,69,48,0.7,2.5,0.4,4.3,25.24,83,2.06,Rain,light rain
2026-08-07 09:24:42,Agartala,Tripura,23.8315,91.2868,114,114,68,3.5,6.3,2.9,5.8,27.84,86,4.27,Rain,light rain
2026-08-07 09:24:42,Dehradun,Uttarakhand,30.3165,78.0322,61,46,61,3.7,19.1,1.9,1.9,26.41,80,0.87,Clouds,overcast clouds
2026-08-07 09:24:42,Port Blair,Andaman and Nicobar Islands,11.6234,92.7265,30,30,,,,,,27.92,83,8.56,Rain,moderate rain
2026-08-07 09:24:42,Daman,Dadra and Nagar Haveli and Daman and Diu,20.3974,72.8328,65,65,43,7.3,7,12,4.9,27.75,83,7.38,Clouds,overcast clouds
2026-08-07 09:24:42,Srinagar,Jammu and Kashmir,34.0837,74.7973,107,107,68,4.6,9.6,1.6,13.9,23.92,71,0.45,Clouds,few clouds
2026-08-07 09:24:42,Leh,Ladakh,34.1526,77.5771,10,13,6,1.9,22.9,3.6,9.8,18.62,44,2.96,Clear,clear sky
2026-08-07 09:24:42,Kavaratti,Lakshadweep,10.5669,72.642,65,65,43,7.3,7,12,4.9,27.82,78,9.34,Rain,light rain
2026-08-07 09:24:42,Puducherry,Puducherry,11.9416,79.8083,44,44,30,3.4,4.6,3.9,17.7,30.18,65,5.5,Clouds,overcast clouds
2026-08-07 11:16:08,Delhi,Delhi,28.6139,77.209,57,57,46,13.8,7.6,,2.2,29.17,76,3.44,Rain,light rain
2026-08-07 11:16:08,Mumbai,Maharashtra,19.076,72.8777,65,65,46,6.4,6,12.2,5.2,28.91,76,8.55,Clouds,overcast clouds
2026-08-07 11:16:08,Bangalore,Karnataka,12.9716,77.5946,137,137,50,6.7,10.9,2.8,5.6,25.29,75,0.45,Clouds,overcast clouds
2026-08-07 11:16:08,Kolkata,West Bengal,22.5726,88.3639,172,172,,,,,,29.95,74,4.47,Rain,light rain
2026-08-07 11:16:08,Chennai,Tamil Nadu,13.0827,80.2707,46,46,,,,,,32.85,62,1.34,Clouds,overcast clouds
2026-08-07 11:16:08,Hyderabad,Telangana,17.385,78.4867,93,93,,,,,,30.33,54,8.76,Clouds,overcast clouds
2026-08-07 11:16:08,Pune,Maharashtra,18.5204,73.8567,65,65,46,6.4,6,12.2,5.2,27.27,65,7.1,Clouds,overcast clouds
2026-08-07 11:16:08,Lucknow,Uttar Pradesh,26.8467,80.9462,128,128,91,10.8,3,3.4,28.4,32.05,61,4.26,Rain,light rain
2026-08-07 11:16:08,Patna,Bihar,25.5941,85.1376,21,107,,1,0.5,0.6,20.9,34.72,52,5.68,Clouds,scattered clouds
2026-08-07 11:16:08,Ahmedabad,Gujarat,23.0225,72.5714,65,65,46,6.4,6,12.2,5.2,29.64,63,4.84,Clouds,overcast clouds
2026-08-07 11:16:08,Jaipur,Rajasthan,26.9124,75.7873,65,65,46,6.4,6,12.2,5.2,30.3,60,4.82,Clouds,overcast clouds
2026-08-07 11:16:08,Chandigarh,Chandigarh,30.7333,76.7794,107,107,65,7.3,9,3.8,6,24.71,92,3.46,Clouds,overcast clouds
2026-08-07 11:16:08,Bhopal,Madhya Pradesh,23.2599,77.4126,137,137,50,6.7,10.9,2.8,5.6,27.17,79,5.1,Rain,light rain
2026-08-07 11:16:08,Kanpur,Uttar Pradesh,26.4499,80.3319,150,150,86,6.3,9.9,0.4,5.4,31.42,65,2.67,Rain,light rain
2026-08-07 11:16:08,Guwahati,Assam,26.1445,91.7362,44,13,14,1.9,3.2,3.1,44.3,31.73,65,1.68,Rain,light rain
2026-08-07 11:16:08,Itanagar,Arunachal Pradesh,27.0844,93.6053,48,13,13,1.9,4.6,3.6,47.6,33.1,62,1.69,Rain,light rain
2026-08-07 11:16:08,Dispur,Assam,26.1433,91.7898,44,13,14,1.9,3.2,3.1,44.3,32.95,65,1.7,Rain,light rain
2026-08-07 11:16:08,Raipur,Chhattisgarh,21.2514,81.6296,113,113,90,3,3.4,0.5,16.8,29.93,67,4.76,Rain,moderate rain
2026-08-07 11:16:08,Panaji,Goa,15.4909,73.8278,65,65,46,6.4,6,12.2,5.2,27.51,81,7.58,Rain,moderate rain
2026-08-07 11:16:08,Gandhinagar,Gujarat,23.2156,72.6369,65,65,46,6.4,6,12.2,5.2,29.8,64,5.46,Clouds,overcast clouds
2026-08-07 11:16:08,Shimla,Himachal Pradesh,31.1048,77.1734,107,107,65,7.3,9,3.8,6,15.94,91,1.58,Clouds,overcast clouds
2026-08-07 11:16:08,Thiruvananthapuram,Kerala,8.5241,76.9366,52,52,,,,,,27.5,77,6.54,Rain,light rain
2026-08-07 11:16:08,Imphal,Manipur,24.817,93.9368,61,61,18,6.4,3.2,5.6,30.9,27.1,78,1.81,Rain,moderate rain
2026-08-07 11:16:08,Shillong,Meghalaya,25.5788,91.8933,44,13,14,1.9,3.2,3.1,44.3,24.38,75,1.83,Rain,light rain
2026-08-07 11:16:08,Aizawl,Mizoram,23.7271,92.7176,17,13,17,0.6,0.5,5.8,2.3,24.87,80,1.32,Rain,light rain
2026-08-07 11:16:08,Kohima,Nagaland,25.6751,94.1086,61,61,18,6.4,3.2,5.6,30.9,24.86,78,1.14,Rain,moderate rain
2026-08-07 11:16:08,Gangtok,Sikkim,27.3389,88.6065,69,69,48,0.7,2.5,0.4,4.3,25.26,84,1.69,Rain,light rain
2026-08-07 11:16:08,Agartala,Tripura,23.8315,91.2868,114,114,68,3.5,6.3,2.9,5.8,29.23,82,4.91,Rain,moderate rain
2026-08-07 11:16:08,Dehradun,Uttarakhand,30.3165,78.0322,53,51,53,3.7,13,2.3,2.2,28.38,73,2.41,Clouds,overcast clouds
2026-08-07 11:16:08,Port Blair,Andaman and Nicobar Islands,11.6234,92.7265,32,32,,,1.8,0.6,,28.46,80,8.83,Rain,light rain
2026-08-07 11:16:08,Daman,Dadra and Nagar Haveli and Daman and Diu,20.3974,72.8328,65,65,46,6.4,6,12.2,5.2,28.22,81,7.63,Rain,light rain
2026-08-07 11:16:08,Srinagar,Jammu and Kashmir,34.0837,74.7973,119,119,99,5.5,14.7,1.6,35.8,25.03,65,1.44,Clouds,few clouds
2026-08-07 11:16:08,Leh,Ladakh,34.1526,77.5771,18,13,7,1.9,16,2.6,17.9,20.76,38,3.51,Clouds,few clouds
2026-08-07 11:16:08,Kavaratti,Lakshadweep,10.5669,72.642,65,65,46,6.4,6,12.2,5.2,27.96,78,9.14,Rain,light rain
2026-08-07 11:16:08,Puducherry,Puducherry,11.9416,79.8083,44,44,30,3.4,4.6,3.9,17.7,31.85,55,7.35,Clouds,overcast clouds
2026-08-07 13:04:49,Delhi,Delhi,28.6139,77.209,123,123,33,13.4,6.1,,4.1,30.08,73,3.23,Rain,light rain
2026-08-07 13:04:49,Mumbai,Maharashtra,19.076,72.8777,65,65,46,6.4,6,12.2,5.2,29.04,74,7.94,Rain,light rain
2026-08-07 13:04:49,Bangalore,Karnataka,12.9716,77.5946,137,137,50,6.7,10.9,2.8,5.6,26.64,69,0.45,Rain,light rain
2026-08-07 13:04:49,Kolkata,West Bengal,22.5726,88.3639,172,172,,,,,,31.02,71,4.58,Rain,light rain
2026-08-07 13:04:49,Chennai,Tamil Nadu,13.0827,80.2707,46,46,,,,,,34.04,60,1.34,Clouds,overcast clouds
2026-08-07 13:04:49,Hyderabad,Telangana,17.385,78.4867,93,93,,,,,,30.96,52,7.05,Rain,light rain
2026-08-07 13:04:49,Pune,Maharashtra,18.5204,73.8567,65,65,46,6.4,6,12.2,5.2,25.18,42,7.28,Clouds,overcast clouds
2026-08-07 13:04:49,Lucknow,Uttar Pradesh,26.8467,80.9462,128,128,91,10.8,3,3.4,28.4,33.32,55,4.25,Clouds,overcast clouds
2026-08-07 13:04:49,Patna,Bihar,25.5941,85.1376,21,107,,1,0.5,0.6,20.9,34.1,53,4.9,Rain,light rain
2026-08-07 13:04:49,Ahmedabad,Gujarat,23.0225,72.5714,65,65,46,6.4,6,12.2,5.2,31.56,57,5.01,Clouds,overcast clouds
2026-08-07 13:04:49,Jaipur,Rajasthan,26.9124,75.7873,65,65,46,6.4,6,12.2,5.2,31.93,54,4.13,Rain,light rain
2026-08-07 13:04:49,Chandigarh,Chandigarh,30.7333,76.7794,107,107,65,7.3,9,3.8,6,25.47,86,4.29,Clouds,overcast clouds
2026-08-07 13:04:49,Bhopal,Madhya Pradesh,23.2599,77.4126,137,137,50,6.7,10.9,2.8,5.6,28.13,74,5.53,Rain,light rain
2026-08-07 13:04:49,Kanpur,Uttar Pradesh,26.4499,80.3319,150,150,86,6.3,9.9,0.4,5.4,32.21,63,4.11,Rain,moderate rain
2026-08-07 13:04:49,Guwahati,Assam,26.1445,91.7362,47,13,12,1.9,3.2,2.1,46.8,31.29,73,1.03,Rain,moderate rain
2026-08-07 13:04:49,Itanagar,Arunachal Pradesh,27.0844,93.6053,57,13,8,1.9,3.7,3.1,56.5,33.39,62,1.96,Rain,light rain
2026-08-07 13:04:49,Dispur,Assam,26.1433,91.7898,49,13,10,1.9,3.7,2.6,48.8,32.31,74,0.96,Rain,moderate rain
2026-08-07 13:04:49,Raipur,Chhattisgarh,21.2514,81.6296,113,113,90,3,3.4,0.5,16.8,26.66,82,3.26,Clouds,overcast clouds
2026-08-07 13:04:49,Panaji,Goa,15.4909,73.8278,65,65,46,6.4,6,12.2,5.2,27.43,81,7.83,Rain,moderate rain
2026-08-07 13:04:49,Gandhinagar,Gujarat,23.2156,72.6369,65,65,46,6.4,6,12.2,5.2,31.78,57,5.91,Clouds,overcast clouds
2026-08-07 13:04:49,Shimla,Himachal Pradesh,31.1048,77.1734,107,107,65,7.3,9,3.8,6,16.04,95,1.8,Rain,light rain
2026-08-07 13:04:49,Thiruvananthapuram,Kerala,8.5241,76.9366,34,34,,,,,,27.31,76,6.95,Rain,light rain
2026-08-07 13:04:49,Imphal,Manipur,24.817,93.9368,53,53,18,5.5,1.9,5.6,27.7,26.39,84,2.03,Rain,moderate rain
2026-08-07 13:04:49,Shillong,Meghalaya,25.5788,91.8933,49,13,10,1.9,3.7,2.6,48.8,23.62,81,2.01,Rain,moderate rain
2026-08-07 13:04:49,Aizawl,Mizoram,23.7271,92.7176,17,13,17,0.6,0.5,5.8,2.3,26.42,89,1.08,Rain,moderate rain
2026-08-07 13:04:49,Kohima,Nagaland,25.6751,94.1086,53,53,18,5.5,1.9,5.6,27.7,22.71,93,0.82,Rain,moderate rain
2026-08-07 13:04:49,Gangtok,Sikkim,27.3389,88.6065,69,69,48,0.7,2.5,0.4,4.3,25.35,88,2.11,Rain,moderate rain
2026-08-07 13:04:49,Agartala,Tripura,23.8315,91.2868,114,114,68,3.5,6.3,2.9,5.8,29.16,81,5.08,Rain,moderate rain
2026-08-07 13:04:49,Dehradun,Uttarakhand,30.3165,78.0322,99,99,66,4.3,11.2,2.5,3.8,28.59,72,1.37,Clouds,overcast clouds
2026-08-07 13:04:49,Port Blair,Andaman and Nicobar Islands,11.6234,92.7265,48,48,,,2.9,0.6,,27.98,83,8.64,Rain,moderate rain
2026-08-07 13:04:49,Daman,Dadra and Nagar Haveli and Daman and Diu,20.3974,72.8328,65,65,46,6.4,6,12.2,5.2,28.15,81,6.81,Clouds,overcast clouds
2026-08-07 13:04:49,Srinagar,Jammu and Kashmir,34.0837,74.7973,102,102,75,3.7,1.9,1.6,50.6,26.14,63,0.45,Clear,clear sky
2026-08-07 13:04:49,Leh,Ladakh,34.1526,77.5771,29,13,6,1.9,1.4,3.1,29.3,22.07,28,2.91,Clouds,scattered clouds
2026-08-07 13:04:49,Kavaratti,Lakshadweep,10.5669,72.642,65,65,46,6.4,6,12.2,5.2,27.75,79,9.05,Clouds,overcast clouds
2026-08-07 13:04:49,Puducherry,Puducherry,11.9416,79.8083,44,44,30,3.4,4.6,3.9,17.7,33.51,48,6.35,Clouds,overcast clouds
2026-08-07 14:38:08,Delhi,Delhi,28.6139,77.209,123,123,33,13.4,6.1,,4.1,30.74,69,3.05,Rain,light rain
2026-08-07 14:38:08,Mumbai,Maharashtra,19.076,72.8777,65,65,46,6.4,6,12.2,5.2,29.3,73,8.81,Rain,light rain
2026-08-07 14:38:08,Bangalore,Karnataka,12.9716,77.5946,55,55,26,5.5,9.4,2,6.2,27.28,72,8.03,Rain,light rain
2026-08-07 14:38:08,Kolkata,West Bengal,22.5726,88.3639,172,172,,,,,,30.01,100,4.87,Rain,light rain
2026-08-07 14:38:08,Chennai,Tamil Nadu,13.0827,80.2707,46,46,,,,,,33.38,60,0.89,Rain,light rain
2026-08-07 14:38:08,Hyderabad,Telangana,17.385,78.4867,93,93,,,,,,31.02,51,7.04,Clouds,overcast clouds
2026-08-07 14:38:08,Pune,Maharashtra,18.5204,73.8567,65,65,46,6.4,6,12.2,5.2,25.82,55,7.54,Clouds,overcast clouds
2026-08-07 14:38:08,Lucknow,Uttar Pradesh,26.8467,80.9462,128,128,91,10.8,3,3.4,28.4,33.25,56,3.94,Rain,light rain
2026-08-07 14:38:08,Patna,Bihar,25.5941,85.1376,21,107,,1,0.5,0.6,20.9,33.85,54,5.36,Clouds,overcast clouds
2026-08-07 14:38:08,Ahmedabad,Gujarat,23.0225,72.5714,65,65,46,6.4,6,12.2,5.2,32.79,52,4.79,Clouds,overcast clouds
2026-08-07 14:38:08,Jaipur,Rajasthan,26.9124,75.7873,65,65,46,6.4,6,12.2,5.2,31.24,58,3.78,Rain,light rain
2026-08-07 14:38:08,Chandigarh,Chandigarh,30.7333,76.7794,107,107,65,7.3,9,3.8,6,26.07,82,4.09,Clouds,overcast clouds
2026-08-07 14:38:08,Bhopal,Madhya Pradesh,23.2599,77.4126,55,55,26,5.5,9.4,2,6.2,28.61,71,5.77,Rain,light rain
2026-08-07 14:38:08,Kanpur,Uttar Pradesh,26.4499,80.3319,150,150,86,6.3,9.9,0.4,5.4,32.24,64,4.34,Rain,moderate rain
2026-08-07 14:38:08,Guwahati,Assam,26.1445,91.7362,52,13,10,1.9,4.2,3.1,51.9,30.82,75,0.84,Rain,moderate rain
2026-08-07 14:38:08,Itanagar,Arunachal Pradesh,27.0844,93.6053,60,13,7,1.9,3.2,3.1,59.7,33.24,62,2.04,Clouds,few clouds
2026-08-07 14:38:08,Dispur,Assam,26.1433,91.7898,52,13,10,1.9,4.2,3.1,51.9,31.84,76,0.57,Rain,moderate rain
2026-08-07 14:38:08,Raipur,Chhattisgarh,21.2514,81.6296,113,113,90,3,3.4,0.5,16.8,26.44,83,3.4,Clouds,overcast clouds
2026-08-07 14:38:08,Panaji,Goa,15.4909,73.8278,65,65,46,6.4,6,12.2,5.2,27.6,81,8.29,Rain,moderate rain
2026-08-07 14:38:08,Gandhinagar,Gujarat,23.2156,72.6369,65,65,46,6.4,6,12.2,5.2,31.54,57,4.72,Clouds,overcast clouds
2026-08-07 14:38:08,Shimla,Himachal Pradesh,31.1048,77.1734,107,107,65,7.3,9,3.8,6,15.95,95,1.63,Rain,light rain
2026-08-07 14:38:08,Thiruvananthapuram,Kerala,8.5241,76.9366,18,18,,,,,,26.5,80,6.32,Rain,light rain
2026-08-07 14:38:08,Imphal,Manipur,24.817,93.9368,30,30,9,5.5,1.9,5.1,23.2,26.06,86,1.78,Rain,moderate rain
2026-08-07 14:38:08,Shillong,Meghalaya,25.5788,91.8933,52,13,10,1.9,4.2,3.1,51.9,23.66,81,1.97,Rain,light rain
2026-08-07 14:38:08,Aizawl,Mizoram,23.7271,92.7176,17,13,17,0.6,0.5,5.8,2.3,24.86,79,1.34,Rain,light rain
2026-08-07 14:38:08,Kohima,Nagaland,25.6751,94.1086,30,30,9,5.5,1.9,5.1,23.2,22.47,95,0.4,Rain,moderate rain
2026-08-07 14:38:08,Gangtok,Sikkim,27.3389,88.6065,69,69,48,0.7,2.5,0.4,4.3,25.13,88,1.91,Rain,moderate rain
2026-08-07 14:38:08,Agartala,Tripura,23.8315,91.2868,114,114,68,3.5,6.3,2.9,5.8,29.24,81,4.91,Rain,light rain
2026-08-07 14:38:08,Dehradun,Uttarakhand,30.3165,78.0322,88,88,81,4.6,12.2,2.1,2.5,30.22,66,1.53,Rain,light rain
2026-08-07 14:38:08,Port Blair,Andaman and Nicobar Islands,11.6234,92.7265,45,45,,,2.9,0.6,,27.59,85,8.7,Rain,moderate rain
2026-08-07 14:38:08,Daman,Dadra and Nagar Haveli and Daman and Diu,20.3974,72.8328,65,65,46,6.4,6,12.2,5.2,28.24,80,6.45,Clouds,overcast clouds
2026-08-07 14:38:08,Srinagar,Jammu and Kashmir,34.0837,74.7973,107,107,68,2.8,1,1.6,47.6,28.92,54,0.45,Clear,clear sky
2026-08-07 14:38:08,Leh,Ladakh,34.1526,77.5771,28,13,10,1.9,1.9,2.6,27.7,22.71,27,3.41,Clouds,broken clouds
2026-08-07 14:38:08,Kavaratti,Lakshadweep,10.5669,72.642,65,65,46,6.4,6,12.2,5.2,27.63,80,8.93,Rain,light rain
2026-08-07 14:38:08,Puducherry,Puducherry,11.9416,79.8083,44,44,30,3.4,4.6,3.9,17.7,34.07,55,5.54,Clouds,overcast clouds
2026-08-07 15:57:46,Delhi,Delhi,28.6139,77.209,68,68,50,15.6,11.3,,3,31.22,67,2.49,Rain,light rain
2026-08-07 15:57:46,Mumbai,Maharashtra,19.076,72.8777,63,63,40,7.3,6.5,12.6,4.6,29.44,72,8.11,Clouds,overcast clouds
2026-08-07 15:57:46,Bangalore,Karnataka,12.9716,77.5946,54,54,24,5.7,8.9,2.4,5.8,27.19,78,7.82,Rain,light rain
2026-08-07 15:57:46,Kolkata,West Bengal,22.5726,88.3639,172,172,,,,,,29.99,74,4.84,Clouds,broken clouds
2026-08-07 15:57:46,Chennai,Tamil Nadu,13.0827,80.2707,46,46,,,,,,31.54,71,1.34,Clouds,overcast clouds
2026-08-07 15:57:46,Hyderabad,Telangana,17.385,78.4867,93,93,,,,,,29.83,56,7.11,Clouds,overcast clouds
2026-08-07 15:57:46,Pune,Maharashtra,18.5204,73.8567,63,63,40,7.3,6.5,12.6,4.6,28.61,46,7.11,Clouds,overcast clouds
2026-08-07 15:57:46,Lucknow,Uttar Pradesh,26.8467,80.9462,128,128,91,10.8,3,3.4,28.4,32.52,61,3.6,Rain,light rain
2026-08-07 15:57:46,Patna,Bihar,25.5941,85.1376,21,107,,1,0.5,0.6,20.9,33.51,56,5.67,Clouds,overcast clouds
2026-08-07 15:57:46,Ahmedabad,Gujarat,23.0225,72.5714,63,63,40,7.3,6.5,12.6,4.6,31.91,56,4.64,Clouds,overcast clouds
2026-08-07 15:57:46,Jaipur,Rajasthan,26.9124,75.7873,63,63,40,7.3,6.5,12.6,4.6,31.85,55,3.97,Clouds,overcast clouds
2026-08-07 15:57:46,Chandigarh,Chandigarh,30.7333,76.7794,95,95,55,4.6,7.3,4.3,6.1,26.26,81,3.94,Clouds,overcast clouds
2026-08-07 15:57:46,Bhopal,Madhya Pradesh,23.2599,77.4126,54,54,24,5.7,8.9,2.4,5.8,28.28,72,5.42,Rain,light rain
2026-08-07 15:57:46,Kanpur,Uttar Pradesh,26.4499,80.3319,150,150,86,6.3,9.9,0.4,5.4,31.82,66,4.32,Rain,light rain
2026-08-07 15:57:46,Guwahati,Assam,26.1445,91.7362,55,13,11,1.9,3.2,2.6,55.2,29.55,82,1.63,Rain,moderate rain
2026-08-07 15:57:46,Itanagar,Arunachal Pradesh,27.0844,93.6053,60,13,7,1.9,3.7,3.1,59.7,33.14,61,2.09,Clouds,few clouds
2026-08-07 15:57:46,Dispur,Assam,26.1433,91.7898,55,13,11,1.9,3.2,2.6,55.2,30.61,83,1.46,Rain,moderate rain
2026-08-07 15:57:46,Raipur,Chhattisgarh,21.2514,81.6296,113,113,90,3,3.4,0.5,16.8,26.23,85,3.85,Clouds,overcast clouds
2026-08-07 15:57:46,Panaji,Goa,15.4909,73.8278,63,63,40,7.3,6.5,12.6,4.6,27.19,82,7.84,Rain,moderate rain
2026-08-07 15:57:46,Gandhinagar,Gujarat,23.2156,72.6369,63,63,40,7.3,6.5,12.6,4.6,31.07,61,3.93,Clouds,overcast clouds
2026-08-07 15:57:46,Shimla,Himachal Pradesh,31.1048,77.1734,95,95,55,4.6,7.3,4.3,6.1,15.53,96,1.58,Rain,light rain
2026-08-07 15:57:46,Thiruvananthapuram,Kerala,8.5241,76.9366,28,28,,,,,,26.16,84,6.01,Rain,light rain
2026-08-07 15:57:46,Imphal,Manipur,24.817,93.9368,26,13,6,5.5,1.9,5.1,26,25.57,89,1.44,Rain,moderate rain
2026-08-07 15:57:46,Shillong,Meghalaya,25.5788,91.8933,55,13,11,1.9,3.2,2.6,55.2,23.25,81,1.88,Rain,light rain
2026-08-07 15:57:46,Aizawl,Mizoram,23.7271,92.7176,26,13,6,5.5,1.9,5.1,26,25.26,72,1.46,Rain,light rain
2026-08-07 15:57:46,Kohima,Nagaland,25.6751,94.1086,26,13,6,5.5,1.9,5.1,26,22.05,97,0.32,Rain,moderate rain
2026-08-07 15:57:46,Gangtok,Sikkim,27.3389,88.6065,69,69,48,0.7,2.5,0.4,4.3,24.57,89,1.76,Clouds,broken clouds
2026-08-07 15:57:46,Agartala,Tripura,23.8315,91.2868,114,114,68,3.5,6.3,2.9,5.8,28.9,82,4.35,Rain,light rain
2026-08-07 15:57:46,Dehradun,Uttarakhand,30.3165,78.0322,129,129,87,4.6,14.2,2.2,3.7,30.33,66,1.83,Rain,light rain
2026-08-07 15:57:46,Port Blair,Andaman and Nicobar Islands,11.6234,92.7265,45,45,,,2.9,0.6,,27.86,83,8.42,Clouds,overcast clouds
2026-08-07 15:57:46,Daman,Dadra and Nagar Haveli and Daman and Diu,20.3974,72.8328,63,63,40,7.3,6.5,12.6,4.6,28.47,77,7.07,Rain,light rain
2026-08-07 15:57:46,Srinagar,Jammu and Kashmir,34.0837,74.7973,109,109,69,2.8,1,1.6,48,29.47,51,2.29,Clear,clear sky
2026-08-07 15:57:46,Leh,Ladakh,34.1526,77.5771,28,13,6,1.9,1.4,2.1,28.1,22.85,28,5.51,Clouds,broken clouds
2026-08-07 15:57:46,Kavaratti,Lakshadweep,10.5669,72.642,63,63,40,7.3,6.5,12.6,4.6,27.73,79,8.75,Rain,light rain
2026-08-07 15:57:46,Puducherry,Puducherry,11.9416,79.8083,44,44,30,3.4,4.6,3.9,17.7,33.51,57,1.69,Clouds,overcast clouds
2026-08-07 16:55:50,Delhi,Delhi,28.6139,77.209,122,122,29,15.9,10.9,,3.3,31.4,66,2.31,Clouds,overcast clouds
2026-08-07 16:55:50,Mumbai,Maharashtra,19.076,72.8777,59,59,31,7.1,6.7,12.6,4.5,28.87,74,7.87,Clouds,overcast clouds
2026-08-07 16:55:50,Bangalore,Karnataka,12.9716,77.5946,58,58,24,7.5,14.3,2.2,5.5,27.19,79,6.49,Rain,light rain
2026-08-07 16:55:50,Kolkata,West Bengal,22.5726,88.3639,172,172,,,,,,29.54,79,4.88,Clouds,broken clouds
2026-08-07 16:55:50,Chennai,Tamil Nadu,13.0827,80.2707,46,46,,,,,,31.13,67,4.05,Rain,light rain
2026-08-07 16:55:50,Hyderabad,Telangana,17.385,78.4867,93,93,,,,,,29.07,60,6.72,Rain,light rain
2026-08-07 16:55:50,Pune,Maharashtra,18.5204,73.8567,59,59,31,7.1,6.7,12.6,4.5,25.47,57,6.78,Clouds,overcast clouds
2026-08-07 16:55:50,Lucknow,Uttar Pradesh,26.8467,80.9462,128,128,91,10.8,3,3.4,28.4,32.28,63,3.69,Rain,light rain
2026-08-07 16:55:50,Patna,Bihar,25.5941,85.1376,21,107,,1,0.5,0.6,20.9,34.03,54,4.82,Rain,light rain
2026-08-07 16:55:50,Ahmedabad,Gujarat,23.0225,72.5714,59,59,31,7.1,6.7,12.6,4.5,31.53,57,3.81,Clouds,overcast clouds
2026-08-07 16:55:50,Jaipur,Rajasthan,26.9124,75.7873,59,59,31,7.1,6.7,12.6,4.5,30.46,62,4.29,Clouds,overcast clouds
2026-08-07 16:55:50,Chandigarh,Chandigarh,30.7333,76.7794,78,78,50,6.1,10,6,7.5,26.23,79,3.35,Clouds,overcast clouds
2026-08-07 16:55:50,Bhopal,Madhya Pradesh,23.2599,77.4126,58,58,24,7.5,14.3,2.2,5.5,27.22,77,5.12,Rain,light rain
2026-08-07 16:55:50,Kanpur,Uttar Pradesh,26.4499,80.3319,150,150,86,6.3,9.9,0.4,5.4,31.9,65,3.7,Rain,light rain
2026-08-07 16:55:50,Guwahati,Assam,26.1445,91.7362,58,13,10,1.9,3.7,2.6,58.4,28.99,86,1.81,Rain,moderate rain
2026-08-07 16:55:50,Itanagar,Arunachal Pradesh,27.0844,93.6053,62,13,7,1.9,3.7,3.1,62.3,30.98,76,1.59,Rain,light rain
2026-08-07 16:55:50,Dispur,Assam,26.1433,91.7898,58,13,10,1.9,3.7,2.6,58.4,29.82,88,1.83,Rain,moderate rain
2026-08-07 16:55:50,Raipur,Chhattisgarh,21.2514,81.6296,113,113,90,3,3.4,0.5,16.8,26.01,86,4.11,Clouds,overcast clouds
2026-08-07 16:55:50,Panaji,Goa,15.4909,73.8278,59,59,31,7.1,6.7,12.6,4.5,27.31,81,7.42,Rain,moderate rain
2026-08-07 16:55:50,Gandhinagar,Gujarat,23.2156,72.6369,59,59,31,7.1,6.7,12.6,4.5,30.22,65,4.47,Clouds,overcast clouds
2026-08-07 16:55:50,Shimla,Himachal Pradesh,31.1048,77.1734,78,78,50,6.1,10,6,7.5,17.21,95,1.78,Rain,light rain
2026-08-07 16:55:50,Thiruvananthapuram,Kerala,8.5241,76.9366,34,34,,,,,,25.9,88,6.39,Rain,light rain
2026-08-07 16:55:50,Imphal,Manipur,24.817,93.9368,50,50,11,6.4,3.7,5.6,26,24.72,93,0.8,Rain,moderate rain
2026-08-07 16:55:50,Shillong,Meghalaya,25.5788,91.8933,58,13,10,1.9,3.7,2.6,58.4,22.22,85,1.72,Rain,light rain
2026-08-07 16:55:50,Aizawl,Mizoram,23.7271,92.7176,50,50,11,6.4,3.7,5.6,26,26.24,83,0.74,Clouds,overcast clouds
2026-08-07 16:55:50,Kohima,Nagaland,25.6751,94.1086,50,50,11,6.4,3.7,5.6,26,21.7,97,0.24,Rain,moderate rain
2026-08-07 16:55:50,Gangtok,Sikkim,27.3389,88.6065,69,69,48,0.7,2.5,0.4,4.3,24.04,92,1.76,Rain,light rain
2026-08-07 16:55:50,Agartala,Tripura,23.8315,91.2868,114,114,68,3.5,6.3,2.9,5.8,27.98,86,3.43,Rain,light rain
2026-08-07 16:55:50,Dehradun,Uttarakhand,30.3165,78.0322,129,129,60,4.6,14.1,2.3,3.3,29.8,69,2.04,Clouds,overcast clouds
2026-08-07 16:55:50,Port Blair,Andaman and Nicobar Islands,11.6234,92.7265,35,35,,,2.4,0.6,,27.84,82,8.84,Rain,light rain
2026-08-07 16:55:50,Daman,Dadra and Nagar Haveli and Daman and Diu,20.3974,72.8328,59,59,31,7.1,6.7,12.6,4.5,28.3,79,7.46,Clouds,overcast clouds
2026-08-07 16:55:50,Srinagar,Jammu and Kashmir,34.0837,74.7973,109,109,69,2.8,1,1.6,48,27.81,52,2.28,Clear,clear sky
2026-08-07 16:55:50,Leh,Ladakh,34.1526,77.5771,29,13,8,1.9,1.4,1.1,28.9,22.83,28,5.51,Clouds,broken clouds
2026-08-07 16:55:50,Kavaratti,Lakshadweep,10.5669,72.642,59,59,31,7.1,6.7,12.6,4.5,27.73,79,8.75,Clouds,overcast clouds
2026-08-07 16:55:50,Puducherry,Puducherry,11.9416,79.8083,44,44,30,3.4,4.6,3.9,17.7,32.96,59,1.69,Clouds,overcast clouds
2026-08-07 17:41:38,Delhi,Delhi,28.6139,77.209,88,88,32,15,7.5,,4.6,30.47,71,2.64,Rain,moderate rain
2026-08-07 17:41:38,Mumbai,Maharashtra,19.076,72.8777,122,122,59,6.8,7.3,12.6,4.8,28.76,75,7.7,Clouds,overcast clouds
2026-08-07 17:41:38,Bangalore,Karnataka,12.9716,77.5946,74,74,33,6.6,10,2.1,6.1,27.36,81,5.58,Rain,light rain
2026-08-07 17:41:38,Kolkata,West Bengal,22.5726,88.3639,172,172,,,,,,28.91,79,5.4,Clouds,overcast clouds
2026-08-07 17:41:38,Chennai,Tamil Nadu,13.0827,80.2707,46,46,,,,,,30.56,72,0.45,Rain,light rain
2026-08-07 17:41:38,Hyderabad,Telangana,17.385,78.4867,93,93,,,,,,28.37,63,5.92,Rain,light rain
2026-08-07 17:41:38,Pune,Maharashtra,18.5204,73.8567,122,122,59,6.8,7.3,12.6,4.8,26.28,53,6.41,Clouds,overcast clouds
2026-08-07 17:41:38,Lucknow,Uttar Pradesh,26.8467,80.9462,128,128,91,10.8,3,3.4,28.4,31.55,66,2.68,Rain,light rain
2026-08-07 17:41:38,Patna,Bihar,25.5941,85.1376,21,107,,1,0.5,0.6,20.9,33.87,55,4.83,Clouds,overcast clouds
2026-08-07 17:41:38,Ahmedabad,Gujarat,23.0225,72.5714,122,122,59,6.8,7.3,12.6,4.8,31.73,57,2.94,Clouds,overcast clouds
2026-08-07 17:41:38,Jaipur,Rajasthan,26.9124,75.7873,122,122,59,6.8,7.3,12.6,4.8,28.64,69,4.48,Clouds,overcast clouds
2026-08-07 17:41:38,Chandigarh,Chandigarh,30.7333,76.7794,76,76,55,7.1,10,7.2,8.5,26.38,78,2.16,Clouds,overcast clouds
2026-08-07 17:41:38,Bhopal,Madhya Pradesh,23.2599,77.4126,74,74,33,6.6,10,2.1,6.1,26.33,80,3.95,Rain,light rain
2026-08-07 17:41:38,Kanpur,Uttar Pradesh,26.4499,80.3319,150,150,86,6.3,9.9,0.4,5.4,31.41,67,3.49,Clouds,overcast clouds
2026-08-07 17:41:38,Guwahati,Assam,26.1445,91.7362,53,13,8,1.9,6,3.1,53.2,27.57,87,1.44,Rain,moderate rain
2026-08-07 17:41:38,Itanagar,Arunachal Pradesh,27.0844,93.6053,59,25,8,1.9,5.5,3.1,59.1,27.66,91,0.96,Rain,light rain
2026-08-07 17:41:38,Dispur,Assam,26.1433,91.7898,53,13,8,1.9,6,3.1,53.2,28.47,88,1.46,Rain,moderate rain
2026-08-07 17:41:38,Raipur,Chhattisgarh,21.2514,81.6296,113,113,90,3,3.4,0.5,16.8,25.81,86,4.02,Clouds,overcast clouds
2026-08-07 17:41:38,Panaji,Goa,15.4909,73.8278,122,122,59,6.8,7.3,12.6,4.8,27.34,81,6.76,Rain,light rain
2026-08-07 17:41:38,Gandhinagar,Gujarat,23.2156,72.6369,122,122,59,6.8,7.3,12.6,4.8,30.04,66,3.71,Clouds,overcast clouds
2026-08-07 17:41:38,Shimla,Himachal Pradesh,31.1048,77.1734,76,76,55,7.1,10,7.2,8.5,17.34,94,1.49,Clouds,overcast clouds
2026-08-07 17:41:38,Thiruvananthapuram,Kerala,8.5241,76.9366,34,34,,,,,,25.4,87,6.23,Rain,light rain
2026-08-07 17:41:38,Imphal,Manipur,24.817,93.9368,50,50,11,6.4,3.7,5.6,26,23.45,93,1.13,Rain,moderate rain
2026-08-07 17:41:38,Shillong,Meghalaya,25.5788,91.8933,53,13,8,1.9,6,3.1,53.2,20.53,92,1.5,Rain,light rain
2026-08-07 17:41:38,Aizawl,Mizoram,23.7271,92.7176,50,50,11,6.4,3.7,5.6,26,21.66,92,0.49,Rain,light rain
2026-08-07 17:41:38,Kohima,Nagaland,25.6751,94.1086,50,50,11,6.4,3.7,5.6,26,20.18,96,0.6,Rain,light rain
2026-08-07 17:41:38,Gangtok,Sikkim,27.3389,88.6065,69,69,48,0.7,2.5,0.4,4.3,23.29,95,0.92,Rain,light rain
2026-08-07 17:41:38,Agartala,Tripura,23.8315,91.2868,114,114,68,3.5,6.3,2.9,5.8,26.88,91,3.13,Rain,light rain
2026-08-07 17:41:38,Dehradun,Uttarakhand,30.3165,78.0322,69,68,69,4.6,14.8,2.1,2.9,28.69,76,1.49,Clouds,broken clouds
2026-08-07 17:41:38,Port Blair,Andaman and Nicobar Islands,11.6234,92.7265,35,35,,,2.4,0.6,,27.64,83,8.75,Rain,light rain
2026-08-07 17:41:38,Daman,Dadra and Nagar Haveli and Daman and Diu,20.3974,72.8328,122,122,59,6.8,7.3,12.6,4.8,28.1,80,7.03,Clouds,overcast clouds
2026-08-07 17:41:38,Srinagar,Jammu and Kashmir,34.0837,74.7973,109,109,65,3.7,1.9,1.6,48.4,26.7,53,1.63,Clear,clear sky
2026-08-07 17:41:38,Leh,Ladakh,34.1526,77.5771,34,34,15,1.9,3.2,1.1,30.1,22.71,27,5.16,Clouds,broken clouds
2026-08-07 17:41:38,Kavaratti,Lakshadweep,10.5669,72.642,122,122,59,6.8,7.3,12.6,4.8,27.98,77,8.96,Clouds,overcast clouds
2026-08-07 17:41:38,Puducherry,Puducherry,11.9416,79.8083,44,44,30,3.4,4.6,3.9,17.7,32.4,60,3,Rain,light rain
2026-08-07 19:21:40,Delhi,Delhi,28.6139,77.209,61,61,16,13.4,6.4,,3.8,28.75,79,3,Rain,moderate rain
2026-08-07 19:21:40,Mumbai,Maharashtra,19.076,72.8777,85,85,30,6.6,4.7,12.3,5.1,28.47,75,7.02,Rain,light rain
2026-08-07 19:21:40,Bangalore,Karnataka,12.9716,77.5946,74,74,33,6.6,10,2.1,6.1,21.39,92,6.36,Rain,light rain
2026-08-07 19:21:40,Kolkata,West Bengal,22.5726,88.3639,172,172,,,,,,27.51,85,4.31,Clouds,broken clouds
2026-08-07 19:21:40,Chennai,Tamil Nadu,13.0827,80.2707,46,46,,,,,,29.64,77,0.89,Clouds,overcast clouds
2026-08-07 19:21:40,Hyderabad,Telangana,17.385,78.4867,93,93,,,,,,26.5,73,4.7,Rain,light rain
2026-08-07 19:21:40,Pune,Maharashtra,18.5204,73.8567,85,85,30,6.6,4.7,12.3,5.1,25.05,66,4.61,Clouds,overcast clouds
2026-08-07 19:21:40,Lucknow,Uttar Pradesh,26.8467,80.9462,128,128,91,10.8,3,3.4,28.4,30.17,72,1.95,Clouds,overcast clouds
2026-08-07 19:21:40,Patna,Bihar,25.5941,85.1376,21,107,,1,0.5,0.6,20.9,32.15,61,5.03,Clouds,overcast clouds
2026-08-07 19:21:40,Ahmedabad,Gujarat,23.0225,72.5714,85,85,30,6.6,4.7,12.3,5.1,31.07,61,2.14,Clouds,overcast clouds
2026-08-07 19:21:40,Jaipur,Rajasthan,26.9124,75.7873,85,85,30,6.6,4.7,12.3,5.1,27.43,77,1.46,Rain,light rain
2026-08-07 19:21:40,Chandigarh,Chandigarh,30.7333,76.7794,55,55,51,6.4,11.9,5.9,7.7,26.27,78,2.12,Clouds,overcast clouds
2026-08-07 19:21:40,Bhopal,Madhya Pradesh,23.2599,77.4126,74,74,33,6.6,10,2.1,6.1,25.34,85,3.14,Rain,light rain
2026-08-07 19:21:40,Kanpur,Uttar Pradesh,26.4499,80.3319,150,150,86,6.3,9.9,0.4,5.4,29.52,77,3.24,Clouds,broken clouds
2026-08-07 19:21:40,Guwahati,Assam,26.1445,91.7362,66,46,9,1.9,2.8,2.1,65.6,25.77,90,1.44,Rain,light rain
2026-08-07 19:21:40,Itanagar,Arunachal Pradesh,27.0844,93.6053,64,25,12,1.9,5.1,2.6,63.6,25.66,94,1.74,Rain,light rain
2026-08-07 19:21:40,Dispur,Assam,26.1433,91.7898,66,46,9,1.9,2.8,2.1,65.6,26.58,91,1.46,Rain,light rain
2026-08-07 19:21:40,Raipur,Chhattisgarh,21.2514,81.6296,113,113,90,3,3.4,0.5,16.8,25.68,88,4.03,Clouds,overcast clouds
2026-08-07 19:21:40,Panaji,Goa,15.4909,73.8278,85,85,30,6.6,4.7,12.3,5.1,26.77,83,6.76,Rain,light rain
2026-08-07 19:21:40,Gandhinagar,Gujarat,23.2156,72.6369,85,85,30,6.6,4.7,12.3,5.1,29.74,68,2.62,Clouds,overcast clouds
2026-08-07 19:21:40,Shimla,Himachal Pradesh,31.1048,77.1734,55,55,51,6.4,11.9,5.9,7.7,17.57,89,1.73,Clouds,overcast clouds
2026-08-07 19:21:40,Thiruvananthapuram,Kerala,8.5241,76.9366,32,32,,,,,,24.6,89,4.59,Clouds,overcast clouds
2026-08-07 19:21:40,Imphal,Manipur,24.817,93.9368,53,53,13,7.3,5.5,5.1,19.5,21.82,95,0.4,Rain,moderate rain
2026-08-07 19:21:40,Shillong,Meghalaya,25.5788,91.8933,66,46,9,1.9,2.8,2.1,65.6,18.54,97,1.97,Clouds,overcast clouds
2026-08-07 19:21:40,Aizawl,Mizoram,23.7271,92.7176,53,53,13,7.3,5.5,5.1,19.5,20.1,98,0.69,Clouds,overcast clouds
2026-08-07 19:21:40,Kohima,Nagaland,25.6751,94.1086,53,53,13,7.3,5.5,5.1,19.5,18.62,97,1.76,Clear,clear sky
2026-08-07 19:21:40,Gangtok,Sikkim,27.3389,88.6065,69,69,48,0.7,2.5,0.4,4.3,21.69,93,1.12,Clouds,broken clouds
2026-08-07 19:21:40,Agartala,Tripura,23.8315,91.2868,114,114,68,3.5,6.3,2.9,5.8,25.56,95,1.99,Clouds,overcast clouds
2026-08-07 19:21:40,Dehradun,Uttarakhand,30.3165,78.0322,68,68,55,3.7,13.2,2.4,3.3,25.25,89,1.12,Clouds,scattered clouds
2026-08-07 19:21:40,Port Blair,Andaman and Nicobar Islands,11.6234,92.7265,35,35,,,2.4,0.6,,27.91,83,9.31,Rain,light rain
2026-08-07 19:21:40,Daman,Dadra and Nagar Haveli and Daman and Diu,20.3974,72.8328,85,85,30,6.6,4.7,12.3,5.1,27.55,81,6.82,Clouds,overcast clouds
2026-08-07 19:21:40,Srinagar,Jammu and Kashmir,34.0837,74.7973,119,119,70,3.7,4.2,1.6,47.2,25.59,65,1.05,Clear,clear sky
2026-08-07 19:21:40,Leh,Ladakh,34.1526,77.5771,30,34,15,1.9,2.3,3.1,30.1,20.52,36,3.94,Clouds,scattered clouds
2026-08-07 19:21:40,Kavaratti,Lakshadweep,10.5669,72.642,85,85,30,6.6,4.7,12.3,5.1,27.82,79,8.95,Clouds,overcast clouds
2026-08-07 19:21:40,Puducherry,Puducherry,11.9416,79.8083,44,44,30,3.4,4.6,3.9,17.7,28.65,73,2.66,Rain,light rain
2026-08-07 20:30:38,Delhi,Delhi,28.6139,77.209,92,92,16,14.2,7.7,,3.4,28.55,79,3.03,Rain,light rain
2026-08-07 20:30:38,Mumbai,Maharashtra,19.076,72.8777,91,91,56,6.1,8,12.4,4.7,28.42,75,7.01,Rain,light rain
2026-08-07 20:30:38,Bangalore,Karnataka,12.9716,77.5946,74,74,33,6.6,10,2.1,6.1,20.86,91,6.04,Rain,light rain
2026-08-07 20:30:38,Kolkata,West Bengal,22.5726,88.3639,172,172,,,,,,27.48,85,4.36,Clouds,overcast clouds
2026-08-07 20:30:38,Chennai,Tamil Nadu,13.0827,80.2707,46,46,,,,,,29.88,77,2.24,Clouds,overcast clouds
2026-08-07 20:30:38,Hyderabad,Telangana,17.385,78.4867,93,93,,,,,,26.15,74,4.07,Clouds,overcast clouds
2026-08-07 20:30:38,Pune,Maharashtra,18.5204,73.8567,91,91,56,6.1,8,12.4,4.7,23.94,71,4.3,Clouds,overcast clouds
2026-08-07 20:30:38,Lucknow,Uttar Pradesh,26.8467,80.9462,128,128,91,10.8,3,3.4,28.4,30.13,73,1.89,Clouds,overcast clouds
2026-08-07 20:30:38,Patna,Bihar,25.5941,85.1376,21,107,,1,0.5,0.6,20.9,31.95,62,5.39,Clouds,overcast clouds
2026-08-07 20:30:38,Ahmedabad,Gujarat,23.0225,72.5714,91,91,56,6.1,8,12.4,4.7,30.58,63,2.5,Clouds,overcast clouds
2026-08-07 20:30:38,Jaipur,Rajasthan,26.9124,75.7873,91,91,56,6.1,8,12.4,4.7,27.47,77,1.24,Rain,light rain
2026-08-07 20:30:38,Chandigarh,Chandigarh,30.7333,76.7794,61,61,56,6.4,11.4,5.7,6.5,26.08,77,1.46,Clouds,overcast clouds
2026-08-07 20:30:38,Bhopal,Madhya Pradesh,23.2599,77.4126,74,74,33,6.6,10,2.1,6.1,25.03,86,3.09,Rain,light rain
2026-08-07 20:30:38,Kanpur,Uttar Pradesh,26.4499,80.3319,150,150,86,6.3,9.9,0.4,5.4,28.96,81,3.01,Clouds,broken clouds
2026-08-07 20:30:38,Guwahati,Assam,26.1445,91.7362,64,25,9,1.9,2.3,2.6,64.3,25.61,90,1.27,Rain,light rain
2026-08-07 20:30:38,Itanagar,Arunachal Pradesh,27.0844,93.6053,60,25,13,1.9,4.6,2.6,60.4,25.48,94,1.77,Clear,clear sky
2026-08-07 20:30:38,Dispur,Assam,26.1433,91.7898,64,25,9,1.9,2.3,2.6,64.3,26.4,91,1.25,Rain,light rain
2026-08-07 20:30:38,Raipur,Chhattisgarh,21.2514,81.6296,113,113,90,3,3.4,0.5,16.8,25.57,88,3.63,Clouds,overcast clouds
2026-08-07 20:30:38,Panaji,Goa,15.4909,73.8278,91,91,56,6.1,8,12.4,4.7,26.66,83,6.86,Rain,moderate rain
2026-08-07 20:30:38,Gandhinagar,Gujarat,23.2156,72.6369,91,91,56,6.1,8,12.4,4.7,29.43,68,2.35,Clouds,overcast clouds
2026-08-07 20:30:38,Shimla,Himachal Pradesh,31.1048,77.1734,61,61,56,6.4,11.4,5.7,6.5,17.47,87,1.85,Clouds,overcast clouds
2026-08-07 20:30:38,Thiruvananthapuram,Kerala,8.5241,76.9366,30,30,,,,,,24.31,92,4.34,Clouds,overcast clouds
2026-08-07 20:30:38,Imphal,Manipur,24.817,93.9368,57,57,13,7.3,5.5,5.6,11,21.54,97,0.47,Rain,light rain
2026-08-07 20:30:38,Shillong,Meghalaya,25.5788,91.8933,64,25,9,1.9,2.3,2.6,64.3,18.09,97,2.07,Clouds,broken clouds
2026-08-07 20:30:38,Aizawl,Mizoram,23.7271,92.7176,57,57,13,7.3,5.5,5.6,11,20,98,0.7,Clouds,overcast clouds
2026-08-07 20:30:38,Kohima,Nagaland,25.6751,94.1086,57,57,13,7.3,5.5,5.6,11,18.38,97,1.84,Rain,moderate rain
2026-08-07 20:30:38,Gangtok,Sikkim,27.3389,88.6065,69,69,48,0.7,2.5,0.4,4.3,21.33,94,0.26,Clouds,broken clouds
2026-08-07 20:30:38,Agartala,Tripura,23.8315,91.2868,114,114,68,3.5,6.3,2.9,5.8,25.36,96,1.94,Clouds,overcast clouds
2026-08-07 20:30:38,Dehradun,Uttarakhand,30.3165,78.0322,72,72,69,4.3,11.5,2.4,2.8,24.74,91,1.69,Clouds,few clouds
2026-08-07 20:30:38,Port Blair,Andaman and Nicobar Islands,11.6234,92.7265,35,35,,,2.4,0.6,,27.91,83,9.59,Rain,light rain
2026-08-07 20:30:38,Daman,Dadra and Nagar Haveli and Daman and Diu,20.3974,72.8328,91,91,56,6.1,8,12.4,4.7,27.47,82,6.45,Clouds,overcast clouds
2026-08-07 20:30:38,Srinagar,Jammu and Kashmir,34.0837,74.7973,117,117,73,3.7,4.2,1.6,46.8,24.47,72,0.45,Clear,clear sky
2026-08-07 20:30:38,Leh,Ladakh,34.1526,77.5771,30,34,8,1.9,2.3,3.1,30.1,19.94,40,3.35,Clouds,scattered clouds
2026-08-07 20:30:38,Kavaratti,Lakshadweep,10.5669,72.642,91,91,56,6.1,8,12.4,4.7,27.94,78,8.35,Rain,light rain
2026-08-07 20:30:38,Puducherry,Puducherry,11.9416,79.8083,44,44,30,3.4,4.6,3.9,17.7,28.46,76,1.93,Rain,light rain
2026-08-07 21:56:00,Delhi,Delhi,28.6139,77.209,91,91,19,16.1,8.8,,5.3,28.52,79,2.89,Rain,light rain
2026-08-07 21:56:00,Mumbai,Maharashtra,19.076,72.8777,68,68,28,7.3,7.5,12.7,4.8,28.36,75,7.47,Rain,light rain
2026-08-07 21:56:00,Bangalore,Karnataka,12.9716,77.5946,74,74,33,6.6,10,2.1,6.1,21.39,92,6.24,Clouds,overcast clouds
2026-08-07 21:56:00,Kolkata,West Bengal,22.5726,88.3639,172,172,,,,,,27.16,88,3.97,Clouds,overcast clouds
2026-08-07 21:56:00,Chennai,Tamil Nadu,13.0827,80.2707,46,46,,,,,,29.61,75,1.34,Clouds,overcast clouds
2026-08-07 21:56:00,Hyderabad,Telangana,17.385,78.4867,93,93,,,,,,26.06,74,3.63,Clouds,overcast clouds
2026-08-07 21:56:00,Pune,Maharashtra,18.5204,73.8567,68,68,28,7.3,7.5,12.7,4.8,23.38,75,4.04,Clouds,overcast clouds
2026-08-07 21:56:00,Lucknow,Uttar Pradesh,26.8467,80.9462,128,128,91,10.8,3,3.4,28.4,29.91,75,2.12,Clouds,overcast clouds
2026-08-07 21:56:00,Patna,Bihar,25.5941,85.1376,21,107,,1,0.5,0.6,20.9,31.73,63,5.37,Clouds,overcast clouds
2026-08-07 21:56:00,Ahmedabad,Gujarat,23.0225,72.5714,68,68,28,7.3,7.5,12.7,4.8,29.98,65,2.84,Clouds,overcast clouds
2026-08-07 21:56:00,Jaipur,Rajasthan,26.9124,75.7873,68,68,28,7.3,7.5,12.7,4.8,26.99,79,1.58,Rain,light rain
2026-08-07 21:56:00,Chandigarh,Chandigarh,30.7333,76.7794,87,87,64,6.4,10.3,6.1,6.3,25.97,77,0.49,Clouds,overcast clouds
2026-08-07 21:56:00,Bhopal,Madhya Pradesh,23.2599,77.4126,74,74,33,6.6,10,2.1,6.1,24.92,87,3.26,Clouds,overcast clouds
2026-08-07 21:56:00,Kanpur,Uttar Pradesh,26.4499,80.3319,150,150,86,6.3,9.9,0.4,5.4,28.79,82,2.88,Rain,light rain
2026-08-07 21:56:00,Guwahati,Assam,26.1445,91.7362,59,25,8,1.9,2.8,2.6,59.1,25.23,91,1.42,Rain,light rain
2026-08-07 21:56:00,Itanagar,Arunachal Pradesh,27.0844,93.6053,55,13,14,1.9,5.1,3.1,54.5,25.16,94,1.64,Clear,clear sky
2026-08-07 21:56:00,Dispur,Assam,26.1433,91.7898,59,25,8,1.9,2.8,2.6,59.1,26.05,93,1.38,Rain,light rain
2026-08-07 21:56:00,Raipur,Chhattisgarh,21.2514,81.6296,113,113,90,3,3.4,0.5,16.8,25.33,90,4.15,Rain,light rain
2026-08-07 21:56:00,Panaji,Goa,15.4909,73.8278,68,68,28,7.3,7.5,12.7,4.8,26.82,82,6.65,Rain,moderate rain
2026-08-07 21:56:00,Gandhinagar,Gujarat,23.2156,72.6369,68,68,28,7.3,7.5,12.7,4.8,29.1,69,2.55,Clouds,overcast clouds
2026-08-07 21:56:00,Shimla,Himachal Pradesh,31.1048,77.1734,87,87,64,6.4,10.3,6.1,6.3,17.42,86,1.76,Clouds,overcast clouds
2026-08-07 21:56:00,Thiruvananthapuram,Kerala,8.5241,76.9366,46,46,,,,,,23.97,93,3.96,Clouds,overcast clouds
2026-08-07 21:56:00,Imphal,Manipur,24.817,93.9368,42,42,16,6.4,2.3,5.1,7.8,21.18,97,0.38,Rain,light rain
2026-08-07 21:56:00,Shillong,Meghalaya,25.5788,91.8933,59,25,8,1.9,2.8,2.6,59.1,17.88,98,2.11,Clouds,broken clouds
2026-08-07 21:56:00,Aizawl,Mizoram,23.7271,92.7176,42,42,16,6.4,2.3,5.1,7.8,19.87,99,0.6,Clouds,overcast clouds
2026-08-07 21:56:00,Kohima,Nagaland,25.6751,94.1086,42,42,16,6.4,2.3,5.1,7.8,18.11,98,1.87,Clouds,few clouds
2026-08-07 21:56:00,Gangtok,Sikkim,27.3389,88.6065,69,69,48,0.7,2.5,0.4,4.3,20.85,95,0.64,Rain,light rain
2026-08-07 21:56:00,Agartala,Tripura,23.8315,91.2868,114,114,68,3.5,6.3,2.9,5.8,25.19,96,2.11,Clouds,overcast clouds
2026-08-07 21:56:00,Dehradun,Uttarakhand,30.3165,78.0322,75,75,70,4.6,11.6,2.6,2.9,24.63,92,1.71,Clouds,few clouds
2026-08-07 21:56:00,Port Blair,Andaman and Nicobar Islands,11.6234,92.7265,35,35,,,2.4,0.6,,27.95,82,9.77,Rain,light rain
2026-08-07 21:56:00,Daman,Dadra and Nagar Haveli and Daman and Diu,20.3974,72.8328,68,68,28,7.3,7.5,12.7,4.8,27.58,81,6.51,Clouds,overcast clouds
2026-08-07 21:56:00,Srinagar,Jammu and Kashmir,34.0837,74.7973,151,151,91,4.6,8.3,1.1,36.2,23.91,73,0.83,Clear,clear sky
2026-08-07 21:56:00,Leh,Ladakh,34.1526,77.5771,25,25,10,1.9,2.3,3.1,30.1,19.57,41,2.77,Clouds,few clouds
2026-08-07 21:56:00,Kavaratti,Lakshadweep,10.5669,72.642,68,68,28,7.3,7.5,12.7,4.8,27.94,78,8.17,Rain,light rain
2026-08-07 21:56:00,Puducherry,Puducherry,11.9416,79.8083,44,44,30,3.4,4.6,3.9,17.7,27.4,79,1.86,Clouds,overcast clouds
2026-08-07 22:56:23,Delhi,Delhi,28.6139,77.209,55,55,39,16.5,9.6,,2.7,28.23,81,2.85,Rain,light rain
2026-08-07 22:56:23,Mumbai,Maharashtra,19.076,72.8777,82,82,34,7.3,9,13,4.7,28.35,75,7.16,Rain,light rain
2026-08-07 22:56:23,Bangalore,Karnataka,12.9716,77.5946,74,74,33,6.6,10,2.1,6.1,21.39,91,6.16,Clouds,overcast clouds
2026-08-07 22:56:23,Kolkata,West Bengal,22.5726,88.3639,172,172,,,,,,27.11,89,3.92,Clouds,overcast clouds
2026-08-07 22:56:23,Chennai,Tamil Nadu,13.0827,80.2707,46,46,,,,,,29.07,75,2.24,Rain,light rain
2026-08-07 22:56:23,Hyderabad,Telangana,17.385,78.4867,93,93,,,,,,25.97,74,4.29,Rain,light rain
2026-08-07 22:56:23,Pune,Maharashtra,18.5204,73.8567,82,82,34,7.3,9,13,4.7,23.38,75,4.06,Clouds,overcast clouds
2026-08-07 22:56:23,Lucknow,Uttar Pradesh,26.8467,80.9462,128,128,91,10.8,3,3.4,28.4,29.32,78,1.85,Clouds,broken clouds
2026-08-07 22:56:23,Patna,Bihar,25.5941,85.1376,21,107,,1,0.5,0.6,20.9,31.01,67,6.01,Rain,light rain
2026-08-07 22:56:23,Ahmedabad,Gujarat,23.0225,72.5714,82,82,34,7.3,9,13,4.7,29.33,68,4.64,Clouds,overcast clouds
2026-08-07 22:56:23,Jaipur,Rajasthan,26.9124,75.7873,82,82,34,7.3,9,13,4.7,26.89,81,1.96,Rain,light rain
2026-08-07 22:56:23,Chandigarh,Chandigarh,30.7333,76.7794,95,95,68,6.4,10.1,4.4,5.4,25.99,77,1.23,Clouds,overcast clouds
2026-08-07 22:56:23,Bhopal,Madhya Pradesh,23.2599,77.4126,74,74,33,6.6,10,2.1,6.1,24.65,87,3.33,Clouds,overcast clouds
2026-08-07 22:56:23,Kanpur,Uttar Pradesh,26.4499,80.3319,150,150,86,6.3,9.9,0.4,5.4,28.45,83,2.76,Rain,light rain
2026-08-07 22:56:23,Guwahati,Assam,26.1445,91.7362,48,25,10,1.9,4.6,3.1,48,24.92,92,1.57,Rain,light rain
2026-08-07 22:56:23,Itanagar,Arunachal Pradesh,27.0844,93.6053,49,25,9,1.9,4.6,4.1,48.8,24.85,95,1.56,Clear,clear sky
2026-08-07 22:56:23,Dispur,Assam,26.1433,91.7898,48,25,10,1.9,4.6,3.1,48,25.78,93,1.55,Rain,light rain
2026-08-07 22:56:23,Raipur,Chhattisgarh,21.2514,81.6296,113,113,90,3,3.4,0.5,16.8,25.31,89,4.31,Rain,light rain
2026-08-07 22:56:23,Panaji,Goa,15.4909,73.8278,82,82,34,7.3,9,13,4.7,26.45,85,6.54,Rain,light rain
2026-08-07 22:56:23,Gandhinagar,Gujarat,23.2156,72.6369,82,82,34,7.3,9,13,4.7,28.72,71,3.59,Clouds,overcast clouds
2026-08-07 22:56:23,Shimla,Himachal Pradesh,31.1048,77.1734,95,95,68,6.4,10.1,4.4,5.4,17.45,85,1.55,Clouds,overcast clouds
2026-08-07 22:56:23,Thiruvananthapuram,Kerala,8.5241,76.9366,46,46,,,,,,23.86,93,4.03,Clouds,overcast clouds
2026-08-07 22:56:23,Imphal,Manipur,24.817,93.9368,38,38,20,7.3,4.6,5.6,5.7,20.97,98,0.41,Rain,light rain
2026-08-07 22:56:23,Shillong,Meghalaya,25.5788,91.8933,48,25,10,1.9,4.6,3.1,48,17.95,98,2.41,Clouds,broken clouds
2026-08-07 22:56:23,Aizawl,Mizoram,23.7271,92.7176,38,38,20,7.3,4.6,5.6,5.7,19.65,99,0.29,Rain,light rain
2026-08-07 22:56:23,Kohima,Nagaland,25.6751,94.1086,38,38,20,7.3,4.6,5.6,5.7,17.89,98,1.73,Clouds,few clouds
2026-08-07 22:56:23,Gangtok,Sikkim,27.3389,88.6065,69,69,48,0.7,2.5,0.4,4.3,20.66,94,0.99,Rain,light rain
2026-08-07 22:56:23,Agartala,Tripura,23.8315,91.2868,114,114,68,3.5,6.3,2.9,5.8,24.96,96,2.5,Clouds,overcast clouds
2026-08-07 22:56:23,Dehradun,Uttarakhand,30.3165,78.0322,65,48,65,5,11.2,2.8,1.9,24.5,91,1.61,Clouds,few clouds
2026-08-07 22:56:23,Port Blair,Andaman and Nicobar Islands,11.6234,92.7265,35,35,,,2.4,0.6,,27.86,83,9.94,Rain,moderate rain
2026-08-07 22:56:23,Daman,Dadra and Nagar Haveli and Daman and Diu,20.3974,72.8328,82,82,34,7.3,9,13,4.7,27.51,81,6.13,Clouds,overcast clouds
2026-08-07 22:56:23,Srinagar,Jammu and Kashmir,34.0837,74.7973,117,117,91,3.7,1,0.6,59.1,23.36,78,0.67,Clear,clear sky
2026-08-07 22:56:23,Leh,Ladakh,34.1526,77.5771,28,13,12,1.9,3.7,3.1,27.7,19.27,43,2.54,Clouds,few clouds
2026-08-07 22:56:23,Kavaratti,Lakshadweep,10.5669,72.642,82,82,34,7.3,9,13,4.7,27.94,78,8.27,Rain,light rain
2026-08-07 22:56:23,Puducherry,Puducherry,11.9416,79.8083,44,44,30,3.4,4.6,3.9,17.7,26.85,81,4.01,Rain,light rain
2026-08-07 23:55:27,Delhi,Delhi,28.6139,77.209,74,74,33,15,11.1,,1.6,28.1,81,3.53,Clouds,overcast clouds
2026-08-07 23:55:27,Mumbai,Maharashtra,19.076,72.8777,78,78,40,6.8,8.9,12.9,5.4,28.35,75,7.01,Rain,light rain
2026-08-07 23:55:27,Bangalore,Karnataka,12.9716,77.5946,74,74,33,6.6,10,2.1,6.1,21.35,90,0.45,Clouds,overcast clouds
2026-08-07 23:55:27,Kolkata,West Bengal,22.5726,88.3639,172,172,,,,,,26.99,88,3.35,Clouds,broken clouds
2026-08-07 23:55:27,Chennai,Tamil Nadu,13.0827,80.2707,46,46,,,,,,29.06,77,0.89,Rain,light rain
2026-08-07 23:55:27,Hyderabad,Telangana,17.385,78.4867,93,93,,,,,,26.11,73,3.89,Clouds,overcast clouds
2026-08-07 23:55:27,Pune,Maharashtra,18.5204,73.8567,78,78,40,6.8,8.9,12.9,5.4,23.38,72,3.67,Clouds,overcast clouds
2026-08-07 23:55:27,Lucknow,Uttar Pradesh,26.8467,80.9462,128,128,91,10.8,3,3.4,28.4,28.53,80,2.5,Clouds,overcast clouds
2026-08-07 23:55:27,Patna,Bihar,25.5941,85.1376,21,107,,1,0.5,0.6,20.9,30.21,70,4.96,Rain,light rain
2026-08-07 23:55:27,Ahmedabad,Gujarat,23.0225,72.5714,78,78,40,6.8,8.9,12.9,5.4,28.88,69,4.76,Clouds,overcast clouds
2026-08-07 23:55:27,Jaipur,Rajasthan,26.9124,75.7873,78,78,40,6.8,8.9,12.9,5.4,26.75,82,2.88,Rain,light rain
2026-08-07 23:55:27,Chandigarh,Chandigarh,30.7333,76.7794,82,82,63,5.7,10.4,4,5.1,25.04,86,0.64,Clouds,overcast clouds
2026-08-07 23:55:27,Bhopal,Madhya Pradesh,23.2599,77.4126,74,74,33,6.6,10,2.1,6.1,24.43,88,3.25,Clouds,overcast clouds
2026-08-07 23:55:27,Kanpur,Uttar Pradesh,26.4499,80.3319,150,150,86,6.3,9.9,0.4,5.4,28.05,83,2.46,Clouds,broken clouds
2026-08-07 23:55:27,Guwahati,Assam,26.1445,91.7362,48,25,10,1.9,4.6,3.1,48,24.66,92,1.22,Rain,light rain
2026-08-07 23:55:27,Itanagar,Arunachal Pradesh,27.0844,93.6053,44,30,7,1.9,5.1,3.6,44.3,24.89,92,1.58,Clear,clear sky
2026-08-07 23:55:27,Dispur,Assam,26.1433,91.7898,48,25,10,1.9,4.6,3.1,48,25.77,92,1.27,Rain,light rain
2026-08-07 23:55:27,Raipur,Chhattisgarh,21.2514,81.6296,113,113,90,3,3.4,0.5,16.8,25.31,89,4.44,Clouds,overcast clouds
2026-08-07 23:55:27,Panaji,Goa,15.4909,73.8278,78,78,40,6.8,8.9,12.9,5.4,26.77,83,6.28,Rain,light rain
2026-08-07 23:55:27,Gandhinagar,Gujarat,23.2156,72.6369,78,78,40,6.8,8.9,12.9,5.4,28.92,70,4.31,Clouds,overcast clouds
2026-08-07 23:55:27,Shimla,Himachal Pradesh,31.1048,77.1734,82,82,63,5.7,10.4,4,5.1,17.3,85,1.32,Clouds,overcast clouds
2026-08-07 23:55:27,Thiruvananthapuram,Kerala,8.5241,76.9366,46,46,,,,,,24.07,92,4.5,Clouds,overcast clouds
2026-08-07 23:55:27,Imphal,Manipur,24.817,93.9368,38,38,20,7.3,4.6,5.6,5.7,20.77,98,0.56,Clear,clear sky
2026-08-07 23:55:27,Shillong,Meghalaya,25.5788,91.8933,48,25,10,1.9,4.6,3.1,48,17.78,97,2.12,Clouds,scattered clouds
2026-08-07 23:55:27,Aizawl,Mizoram,23.7271,92.7176,38,38,20,7.3,4.6,5.6,5.7,19.24,99,0.59,Rain,moderate rain
2026-08-07 23:55:27,Kohima,Nagaland,25.6751,94.1086,38,38,20,7.3,4.6,5.6,5.7,17.9,97,1.85,Rain,light rain
2026-08-07 23:55:27,Gangtok,Sikkim,27.3389,88.6065,69,69,48,0.7,2.5,0.4,4.3,20.95,95,0.85,Clouds,broken clouds
2026-08-07 23:55:27,Agartala,Tripura,23.8315,91.2868,114,114,68,3.5,6.3,2.9,5.8,25.13,96,2.26,Clouds,broken clouds
2026-08-07 23:55:27,Dehradun,Uttarakhand,30.3165,78.0322,74,71,74,5,12.9,2.4,2.6,24.08,85,1.55,Clouds,overcast clouds
2026-08-07 23:55:27,Port Blair,Andaman and Nicobar Islands,11.6234,92.7265,35,35,,,2.4,0.6,,27.63,83,10.17,Rain,moderate rain
2026-08-07 23:55:27,Daman,Dadra and Nagar Haveli and Daman and Diu,20.3974,72.8328,78,78,40,6.8,8.9,12.9,5.4,27.45,82,6.93,Clouds,overcast clouds
2026-08-07 23:55:27,Srinagar,Jammu and Kashmir,34.0837,74.7973,84,80,84,3.7,0.5,0.6,60.4,20.95,77,0.5,Rain,light rain
2026-08-07 23:55:27,Leh,Ladakh,34.1526,77.5771,24,13,6,1.9,6.4,3.1,23.6,19.06,43,2.35,Clouds,few clouds
2026-08-07 23:55:27,Kavaratti,Lakshadweep,10.5669,72.642,78,78,40,6.8,8.9,12.9,5.4,27.95,78,8.64,Rain,light rain
2026-08-07 23:55:27,Puducherry,Puducherry,11.9416,79.8083,44,44,30,3.4,4.6,3.9,17.7,26.85,78,3.73,Rain,light rain
2026-08-08 01:02:41,Delhi,Delhi,28.6139,77.209,154,154,28,15,11.3,,2.1,26.81,85,2.96,Clouds,overcast clouds
2026-08-08 01:02:41,Mumbai,Maharashtra,19.076,72.8777,127,127,48,8,8.6,12.7,5,27.97,74,6.97,Clouds,overcast clouds
2026-08-08 01:02:41,Bangalore,Karnataka,12.9716,77.5946,56,56,38,11.3,10.6,1.6,1.6,20.83,90,0.45,Clouds,overcast clouds
2026-08-08 01:02:41,Kolkata,West Bengal,22.5726,88.3639,172,172,,,,,,26.82,88,3.2,Rain,light rain
2026-08-08 01:02:41,Chennai,Tamil Nadu,13.0827,80.2707,46,46,,,,,,28.78,77,1.34,Clouds,overcast clouds
2026-08-08 01:02:41,Hyderabad,Telangana,17.385,78.4867,93,93,,,,,,25.55,76,4.85,Clouds,overcast clouds
2026-08-08 01:02:41,Pune,Maharashtra,18.5204,73.8567,127,127,48,8,8.6,12.7,5,23.38,74,2.95,Clouds,scattered clouds
2026-08-08 01:02:41,Lucknow,Uttar Pradesh,26.8467,80.9462,128,128,91,10.8,3,3.4,28.4,28.65,76,1.61,Clouds,broken clouds
2026-08-08 01:02:41,Patna,Bihar,25.5941,85.1376,21,107,,1,0.5,0.6,20.9,29.04,75,4.38,Clouds,overcast clouds
2026-08-08 01:02:41,Ahmedabad,Gujarat,23.0225,72.5714,127,127,48,8,8.6,12.7,5,28.49,72,4.28,Clouds,overcast clouds
2026-08-08 01:02:41,Jaipur,Rajasthan,26.9124,75.7873,127,127,48,8,8.6,12.7,5,25.64,88,2.75,Clouds,overcast clouds
2026-08-08 01:02:41,Chandigarh,Chandigarh,30.7333,76.7794,77,77,48,6.1,8.6,3.4,5.1,25.11,84,0.79,Clouds,overcast clouds
2026-08-08 01:02:41,Bhopal,Madhya Pradesh,23.2599,77.4126,56,56,38,11.3,10.6,1.6,1.6,23.78,89,4.06,Clouds,broken clouds
2026-08-08 01:02:41,Kanpur,Uttar Pradesh,26.4499,80.3319,150,150,86,6.3,9.9,0.4,5.4,27.94,80,2.75,Rain,light rain
2026-08-08 01:02:41,Guwahati,Assam,26.1445,91.7362,48,13,11,1.9,4.6,2.6,48,24.21,92,1.07,Rain,light rain
2026-08-08 01:02:41,Itanagar,Arunachal Pradesh,27.0844,93.6053,43,13,9,1.9,5.1,3.1,43.1,24.27,94,1.76,Clear,clear sky
2026-08-08 01:02:41,Dispur,Assam,26.1433,91.7898,48,13,11,1.9,4.6,2.6,48,25.24,93,1.06,Rain,light rain
2026-08-08 01:02:41,Raipur,Chhattisgarh,21.2514,81.6296,113,113,90,3,3.4,0.5,16.8,25.45,88,3.86,Clouds,overcast clouds
2026-08-08 01:02:41,Panaji,Goa,15.4909,73.8278,127,127,48,8,8.6,12.7,5,26.17,85,6.51,Rain,light rain
2026-08-08 01:02:41,Gandhinagar,Gujarat,23.2156,72.6369,127,127,48,8,8.6,12.7,5,27.74,75,4.57,Clouds,overcast clouds
2026-08-08 01:02:41,Shimla,Himachal Pradesh,31.1048,77.1734,77,77,48,6.1,8.6,3.4,5.1,17.25,84,1.43,Clouds,overcast clouds
2026-08-08 01:02:41,Thiruvananthapuram,Kerala,8.5241,76.9366,27,27,,,,,,23.92,92,4.62,Rain,light rain
2026-08-08 01:02:41,Imphal,Manipur,24.817,93.9368,50,50,11,6.4,3.7,5.1,6.1,20.38,98,1.04,Clear,clear sky
2026-08-08 01:02:41,Shillong,Meghalaya,25.5788,91.8933,48,13,11,1.9,4.6,2.6,48,18.12,97,2.28,Clouds,overcast clouds
2026-08-08 01:02:41,Aizawl,Mizoram,23.7271,92.7176,17,13,17,0.6,0.5,5.8,2.3,19.14,99,0.49,Rain,light rain
2026-08-08 01:02:41,Kohima,Nagaland,25.6751,94.1086,50,50,11,6.4,3.7,5.1,6.1,17.71,97,1.79,Clouds,few clouds
2026-08-08 01:02:41,Gangtok,Sikkim,27.3389,88.6065,69,69,48,0.7,2.5,0.4,4.3,20.45,93,0.94,Clouds,broken clouds
2026-08-08 01:02:41,Agartala,Tripura,23.8315,91.2868,114,114,68,3.5,6.3,2.9,5.8,25.11,96,2.72,Rain,light rain
2026-08-08 01:02:41,Dehradun,Uttarakhand,30.3165,78.0322,68,68,61,3.7,14.5,3.5,1.6,23.83,83,1.34,Clouds,scattered clouds
2026-08-08 01:02:41,Port Blair,Andaman and Nicobar Islands,11.6234,92.7265,30,30,,,2.4,0.6,,27.46,84,10,Rain,moderate rain
2026-08-08 01:02:41,Daman,Dadra and Nagar Haveli and Daman and Diu,20.3974,72.8328,127,127,48,8,8.6,12.7,5,27.25,82,6.64,Rain,light rain
2026-08-08 01:02:41,Srinagar,Jammu and Kashmir,34.0837,74.7973,82,70,82,3.7,1.9,1.6,48.8,19.65,85,0.73,Rain,moderate rain
2026-08-08 01:02:41,Leh,Ladakh,34.1526,77.5771,29,13,6,1.9,2.3,3.1,28.5,18.3,49,2.43,Clouds,few clouds
2026-08-08 01:02:41,Kavaratti,Lakshadweep,10.5669,72.642,127,127,48,8,8.6,12.7,5,27.83,79,8.35,Rain,light rain
2026-08-08 01:02:41,Puducherry,Puducherry,11.9416,79.8083,44,44,30,3.4,4.6,3.9,17.7,26.85,75,5.29,Clouds,overcast clouds
2026-08-08 02:20:09,Delhi,Delhi,28.6139,77.209,59,59,51,14.7,10.1,,2.9,26.92,85,2.85,Rain,light rain
2026-08-08 02:20:09,Mumbai,Maharashtra,19.076,72.8777,122,122,38,6.6,6.3,12.4,3.5,27.98,75,7.56,Clouds,overcast clouds
2026-08-08 02:20:09,Bangalore,Karnataka,12.9716,77.5946,36,36,29,9.1,8,5.9,5.4,20.83,90,0.45,Clouds,overcast clouds
2026-08-08 02:20:09,Kolkata,West Bengal,22.5726,88.3639,172,172,,,,,,26.95,87,3.3,Clouds,overcast clouds
2026-08-08 02:20:09,Chennai,Tamil Nadu,13.0827,80.2707,46,46,,,,,,29.07,75,2.24,Clouds,overcast clouds
2026-08-08 02:20:09,Hyderabad,Telangana,17.385,78.4867,93,93,,,,,,24.64,80,5.78,Rain,light rain
2026-08-08 02:20:09,Pune,Maharashtra,18.5204,73.8567,122,122,38,6.6,6.3,12.4,3.5,23.38,73,3.68,Clouds,scattered clouds
2026-08-08 02:20:09,Lucknow,Uttar Pradesh,26.8467,80.9462,128,128,91,10.8,3,3.4,28.4,28.71,76,1.77,Clouds,broken clouds
2026-08-08 02:20:09,Patna,Bihar,25.5941,85.1376,21,107,,1,0.5,0.6,20.9,28.81,76,4.21,Clouds,overcast clouds
2026-08-08 02:20:09,Ahmedabad,Gujarat,23.0225,72.5714,122,122,38,6.6,6.3,12.4,3.5,28.18,72,4.25,Clouds,overcast clouds
2026-08-08 02:20:09,Jaipur,Rajasthan,26.9124,75.7873,122,122,38,6.6,6.3,12.4,3.5,25.5,89,2.74,Rain,light rain
2026-08-08 02:20:09,Chandigarh,Chandigarh,30.7333,76.7794,53,53,28,6.1,8.8,3.4,7.5,25.19,83,1.03,Clouds,overcast clouds
2026-08-08 02:20:09,Bhopal,Madhya Pradesh,23.2599,77.4126,36,36,29,9.1,8,5.9,5.4,23.75,90,4.19,Clouds,broken clouds
2026-08-08 02:20:09,Kanpur,Uttar Pradesh,26.4499,80.3319,150,150,86,6.3,9.9,0.4,5.4,27.65,82,2.19,Rain,light rain
2026-08-08 02:20:09,Guwahati,Assam,26.1445,91.7362,55,13,8,1,3.2,2.6,55.2,24.08,92,0.96,Rain,light rain
2026-08-08 02:20:09,Itanagar,Arunachal Pradesh,27.0844,93.6053,49,25,12,1.9,3.7,3.1,49.2,23.98,94,1.56,Rain,light rain
2026-08-08 02:20:09,Dispur,Assam,26.1433,91.7898,55,13,8,1,3.2,2.6,55.2,25.02,93,0.97,Rain,light rain
2026-08-08 02:20:09,Raipur,Chhattisgarh,21.2514,81.6296,113,113,90,3,3.4,0.5,16.8,25.2,89,3.06,Rain,light rain
2026-08-08 02:20:09,Panaji,Goa,15.4909,73.8278,122,122,38,6.6,6.3,12.4,3.5,26.1,85,6.61,Rain,light rain
2026-08-08 02:20:09,Gandhinagar,Gujarat,23.2156,72.6369,122,122,38,6.6,6.3,12.4,3.5,27.52,75,4.44,Clouds,overcast clouds
2026-08-08 02:20:09,Shimla,Himachal Pradesh,31.1048,77.1734,53,53,28,6.1,8.8,3.4,7.5,16.69,86,1.41,Clouds,overcast clouds
2026-08-08 02:20:09,Thiruvananthapuram,Kerala,8.5241,76.9366,9,9,,,,,,23.81,91,5.07,Clouds,overcast clouds
2026-08-08 02:20:09,Imphal,Manipur,24.817,93.9368,14,13,9,5.5,1.4,5.1,13.5,20.29,98,1.11,Clear,clear sky
2026-08-08 02:20:09,Shillong,Meghalaya,25.5788,91.8933,55,13,8,1,3.2,2.6,55.2,17.89,97,2.34,Clouds,overcast clouds
2026-08-08 02:20:09,Aizawl,Mizoram,23.7271,92.7176,17,13,17,0.6,0.5,5.8,2.3,19.03,100,0.35,Rain,light rain
2026-08-08 02:20:09,Kohima,Nagaland,25.6751,94.1086,14,13,9,5.5,1.4,5.1,13.5,17.65,97,1.71,Clear,clear sky
2026-08-08 02:20:09,Gangtok,Sikkim,27.3389,88.6065,69,69,48,0.7,2.5,0.4,4.3,20.3,93,0.95,Clouds,broken clouds
2026-08-08 02:20:09,Agartala,Tripura,23.8315,91.2868,114,114,68,3.5,6.3,2.9,5.8,24.69,98,2.73,Rain,moderate rain
2026-08-08 02:20:09,Dehradun,Uttarakhand,30.3165,78.0322,63,22,63,3.7,17.6,3.7,1.5,23.78,82,1.47,Clouds,broken clouds
2026-08-08 02:20:09,Port Blair,Andaman and Nicobar Islands,11.6234,92.7265,30,30,,,2.4,0.6,,27.76,81,9.95,Rain,light rain
2026-08-08 02:20:09,Daman,Dadra and Nagar Haveli and Daman and Diu,20.3974,72.8328,122,122,38,6.6,6.3,12.4,3.5,27.16,82,6.63,Clouds,overcast clouds
2026-08-08 02:20:09,Srinagar,Jammu and Kashmir,34.0837,74.7973,67,57,67,3.7,3.2,1.6,46.3,19.25,84,0.9,Rain,light rain
2026-08-08 02:20:09,Leh,Ladakh,34.1526,77.5771,29,13,6,1.9,2.3,3.1,28.9,17.8,53,2.53,Clouds,few clouds
2026-08-08 02:20:09,Kavaratti,Lakshadweep,10.5669,72.642,122,122,38,6.6,6.3,12.4,3.5,27.74,79,8.47,Clouds,overcast clouds
2026-08-08 02:20:09,Puducherry,Puducherry,11.9416,79.8083,44,44,30,3.4,4.6,3.9,17.7,26.29,76,5.12,Rain,light rain
2026-08-08 03:17:31,Delhi,Delhi,28.6139,77.209,71,71,43,13.1,8,,1.8,26.99,84,3.03,Rain,light rain
2026-08-08 03:17:31,Mumbai,Maharashtra,19.076,72.8777,50,50,36,6.4,5.6,13,5.1,27.83,76,7.02,Rain,light rain
2026-08-08 03:17:31,Bangalore,Karnataka,12.9716,77.5946,30,30,20,6.4,4.8,7,3.5,20.31,90,6.08,Clouds,overcast clouds
2026-08-08 03:17:31,Kolkata,West Bengal,22.5726,88.3639,172,172,,,,,,26.93,88,3.11,Clouds,overcast clouds
2026-08-08 03:17:31,Chennai,Tamil Nadu,13.0827,80.2707,46,46,,,,,,28.53,75,0.45,Clouds,overcast clouds
2026-08-08 03:17:31,Hyderabad,Telangana,17.385,78.4867,93,93,,,,,,24.47,81,5.89,Rain,light rain
2026-08-08 03:17:31,Pune,Maharashtra,18.5204,73.8567,50,50,36,6.4,5.6,13,5.1,23.38,74,3.72,Clouds,scattered clouds
2026-08-08 03:17:31,Lucknow,Uttar Pradesh,26.8467,80.9462,128,128,91,10.8,3,3.4,28.4,28.63,76,1.69,Clouds,overcast clouds
2026-08-08 03:17:31,Patna,Bihar,25.5941,85.1376,21,107,,1,0.5,0.6,20.9,28.44,77,4.18,Clouds,overcast clouds
2026-08-08 03:17:31,Ahmedabad,Gujarat,23.0225,72.5714,50,50,36,6.4,5.6,13,5.1,27.85,72,4.12,Clouds,overcast clouds
2026-08-08 03:17:31,Jaipur,Rajasthan,26.9124,75.7873,50,50,36,6.4,5.6,13,5.1,25.16,90,3.01,Rain,light rain
2026-08-08 03:17:31,Chandigarh,Chandigarh,30.7333,76.7794,32,30,32,5.5,10.8,3.8,5.6,24.94,84,1.24,Rain,light rain
2026-08-08 03:17:31,Bhopal,Madhya Pradesh,23.2599,77.4126,30,30,20,6.4,4.8,7,3.5,23.42,90,4.19,Clouds,broken clouds
2026-08-08 03:17:31,Kanpur,Uttar Pradesh,26.4499,80.3319,150,150,86,6.3,9.9,0.4,5.4,27.53,82,1.93,Rain,light rain
2026-08-08 03:17:31,Guwahati,Assam,26.1445,91.7362,52,13,6,1.9,2.3,2.1,51.9,23.72,94,1.18,Rain,moderate rain
2026-08-08 03:17:31,Itanagar,Arunachal Pradesh,27.0844,93.6053,53,25,8,1.9,2.8,3.1,52.6,23.8,94,1.55,Rain,light rain
2026-08-08 03:17:31,Dispur,Assam,26.1433,91.7898,52,13,6,1.9,2.3,2.1,51.9,24.67,95,1.27,Rain,moderate rain
2026-08-08 03:17:31,Raipur,Chhattisgarh,21.2514,81.6296,113,113,90,3,3.4,0.5,16.8,25.11,87,3.4,Rain,moderate rain
2026-08-08 03:17:31,Panaji,Goa,15.4909,73.8278,50,50,36,6.4,5.6,13,5.1,26.09,85,6.5,Rain,light rain
2026-08-08 03:17:31,Gandhinagar,Gujarat,23.2156,72.6369,50,50,36,6.4,5.6,13,5.1,27.33,76,4.18,Clouds,overcast clouds
2026-08-08 03:17:31,Shimla,Himachal Pradesh,31.1048,77.1734,32,30,32,5.5,10.8,3.8,5.6,16.57,86,1.3,Clouds,overcast clouds
2026-08-08 03:17:31,Thiruvananthapuram,Kerala,8.5241,76.9366,35,35,,,,,,23.75,91,4.39,Clouds,overcast clouds
2026-08-08 03:17:31,Imphal,Manipur,24.817,93.9368,25,25,7,5.5,3.2,5.6,14.7,20.26,98,1.15,Clear,clear sky
2026-08-08 03:17:31,Shillong,Meghalaya,25.5788,91.8933,52,13,6,1.9,2.3,2.1,51.9,17.34,97,2.04,Clouds,overcast clouds
2026-08-08 03:17:31,Aizawl,Mizoram,23.7271,92.7176,17,13,17,0.6,0.5,5.8,2.3,19.07,100,0.69,Rain,light rain
2026-08-08 03:17:31,Kohima,Nagaland,25.6751,94.1086,25,25,7,5.5,3.2,5.6,14.7,17.55,96,1.5,Clear,clear sky
2026-08-08 03:17:31,Gangtok,Sikkim,27.3389,88.6065,69,69,48,0.7,2.5,0.4,4.3,20.19,93,0.9,Clouds,scattered clouds
2026-08-08 03:17:31,Agartala,Tripura,23.8315,91.2868,114,114,68,3.5,6.3,2.9,5.8,24.6,98,2.83,Clouds,overcast clouds
2026-08-08 03:17:31,Dehradun,Uttarakhand,30.3165,78.0322,63,10,63,3.4,19.8,3.9,1.6,23.72,82,1.32,Clouds,broken clouds
2026-08-08 03:17:31,Port Blair,Andaman and Nicobar Islands,11.6234,92.7265,30,30,,,2.4,0.6,,27.96,80,9.51,Rain,light rain
2026-08-08 03:17:31,Daman,Dadra and Nagar Haveli and Daman and Diu,20.3974,72.8328,50,50,36,6.4,5.6,13,5.1,27.01,83,6.78,Rain,light rain
2026-08-08 03:17:31,Srinagar,Jammu and Kashmir,34.0837,74.7973,53,25,53,3.7,2.3,0.6,45.1,19.56,84,0.58,Rain,light rain
2026-08-08 03:17:31,Leh,Ladakh,34.1526,77.5771,26,13,6,1.9,2.3,3.1,26.4,17.32,56,2.6,Rain,light rain
2026-08-08 03:17:31,Kavaratti,Lakshadweep,10.5669,72.642,50,50,36,6.4,5.6,13,5.1,27.75,79,8.28,Rain,light rain
2026-08-08 03:17:31,Puducherry,Puducherry,11.9416,79.8083,44,44,30,3.4,4.6,3.9,17.7,26.29,77,4.35,Rain,moderate rain
2026-08-08 04:15:31,Delhi,Delhi,28.6139,77.209,151,151,43,12.9,9.6,,2,26.93,84,3.06,Clouds,overcast clouds
2026-08-08 04:15:31,Mumbai,Maharashtra,19.076,72.8777,50,50,26,6.4,6.6,13.1,4.8,27.81,76,7.16,Rain,light rain
2026-08-08 04:15:31,Bangalore,Karnataka,12.9716,77.5946,61,61,25,8.2,8,8.5,2,20.31,90,0.45,Clouds,overcast clouds
2026-08-08 04:15:31,Kolkata,West Bengal,22.5726,88.3639,172,172,,,,,,26.94,88,2.93,Rain,light rain
2026-08-08 04:15:31,Chennai,Tamil Nadu,13.0827,80.2707,46,46,,,,,,28.6,76,0.89,Clouds,overcast clouds
2026-08-08 04:15:31,Hyderabad,Telangana,17.385,78.4867,93,93,,,,,,24.01,84,5.79,Clouds,overcast clouds
2026-08-08 04:15:31,Pune,Maharashtra,18.5204,73.8567,50,50,26,6.4,6.6,13.1,4.8,23.38,76,3.39,Clouds,broken clouds
2026-08-08 04:15:31,Lucknow,Uttar Pradesh,26.8467,80.9462,128,128,91,10.8,3,3.4,28.4,28.24,77,1.55,Clouds,overcast clouds
2026-08-08 04:15:31,Patna,Bihar,25.5941,85.1376,21,107,,1,0.5,0.6,20.9,28.17,79,4.54,Clouds,overcast clouds
2026-08-08 04:15:31,Ahmedabad,Gujarat,23.0225,72.5714,50,50,26,6.4,6.6,13.1,4.8,27.46,73,4.17,Clouds,overcast clouds
2026-08-08 04:15:31,Jaipur,Rajasthan,26.9124,75.7873,50,50,26,6.4,6.6,13.1,4.8,24.97,91,3.02,Rain,moderate rain
2026-08-08 04:15:31,Chandigarh,Chandigarh,30.7333,76.7794,54,54,41,6.1,10.4,3.6,5.2,24.51,88,1.39,Rain,light rain
2026-08-08 04:15:31,Bhopal,Madhya Pradesh,23.2599,77.4126,61,61,25,8.2,8,8.5,2,23.31,90,4.25,Clouds,broken clouds
2026-08-08 04:15:31,Kanpur,Uttar Pradesh,26.4499,80.3319,150,150,86,6.3,9.9,0.4,5.4,27.31,84,1.95,Clouds,scattered clouds
2026-08-08 04:15:31,Guwahati,Assam,26.1445,91.7362,47,13,6,1.9,3.2,2.1,47.2,23.5,95,1.36,Clouds,scattered clouds
2026-08-08 04:15:31,Itanagar,Arunachal Pradesh,27.0844,93.6053,46,13,9,1.9,3.7,3.1,46.3,23.69,94,1.64,Rain,light rain
2026-08-08 04:15:31,Dispur,Assam,26.1433,91.7898,47,13,6,1.9,3.2,2.1,47.2,24.47,95,1.43,Clouds,scattered clouds
2026-08-08 04:15:31,Raipur,Chhattisgarh,21.2514,81.6296,113,113,90,3,3.4,0.5,16.8,24.88,88,2.99,Rain,light rain
2026-08-08 04:15:31,Panaji,Goa,15.4909,73.8278,50,50,26,6.4,6.6,13.1,4.8,26.09,85,6.11,Rain,light rain
2026-08-08 04:15:31,Gandhinagar,Gujarat,23.2156,72.6369,50,50,26,6.4,6.6,13.1,4.8,27,76,4.24,Clouds,overcast clouds
2026-08-08 04:15:31,Shimla,Himachal Pradesh,31.1048,77.1734,54,54,41,6.1,10.4,3.6,5.2,16.32,86,0.96,Clouds,overcast clouds
2026-08-08 04:15:31,Thiruvananthapuram,Kerala,8.5241,76.9366,36,36,,,,,,23.54,92,4.04,Clouds,overcast clouds
2026-08-08 04:15:31,Imphal,Manipur,24.817,93.9368,50,50,7,5.5,2.3,5.6,23.2,20.18,98,1.03,Clouds,few clouds
2026-08-08 04:15:31,Shillong,Meghalaya,25.5788,91.8933,47,13,6,1.9,3.2,2.1,47.2,17.22,96,1.92,Clouds,overcast clouds
2026-08-08 04:15:31,Aizawl,Mizoram,23.7271,92.7176,17,13,17,0.6,0.5,5.8,2.3,18.99,100,0.6,Rain,light rain
2026-08-08 04:15:31,Kohima,Nagaland,25.6751,94.1086,50,50,7,5.5,2.3,5.6,23.2,17.51,96,1.5,Rain,light rain
2026-08-08 04:15:31,Gangtok,Sikkim,27.3389,88.6065,69,69,48,0.7,2.5,0.4,4.3,20,92,1.03,Clouds,scattered clouds
2026-08-08 04:15:31,Agartala,Tripura,23.8315,91.2868,114,114,68,3.5,6.3,2.9,5.8,24.82,98,3.01,Clouds,overcast clouds
2026-08-08 04:15:31,Dehradun,Uttarakhand,30.3165,78.0322,69,10,69,3.7,14.2,3.9,1.4,23.6,81,1.49,Clouds,broken clouds
2026-08-08 04:15:31,Port Blair,Andaman and Nicobar Islands,11.6234,92.7265,30,30,,,2.4,0.6,,27.71,82,9.43,Rain,light rain
2026-08-08 04:15:31,Daman,Dadra and Nagar Haveli and Daman and Diu,20.3974,72.8328,50,50,26,6.4,6.6,13.1,4.8,26.9,83,5.92,Rain,light rain
2026-08-08 04:15:31,Srinagar,Jammu and Kashmir,34.0837,74.7973,51,42,51,3.7,2.3,1.1,39.8,19.4,84,0.71,Clear,clear sky
2026-08-08 04:15:31,Leh,Ladakh,34.1526,77.5771,24,13,6,1.9,3.7,3.1,24.4,16.78,59,2.71,Clouds,few clouds
2026-08-08 04:15:31,Kavaratti,Lakshadweep,10.5669,72.642,50,50,26,6.4,6.6,13.1,4.8,27.85,78,8.52,Rain,light rain
2026-08-08 04:15:31,Puducherry,Puducherry,11.9416,79.8083,44,44,30,3.4,4.6,3.9,17.7,25.74,77,4.49,Clouds,overcast clouds
2026-08-08 05:09:31,Delhi,Delhi,28.6139,77.209,65,65,61,14.3,9.2,,2.8,26.89,85,3.13,Clouds,overcast clouds
2026-08-08 05:09:31,Mumbai,Maharashtra,19.076,72.8777,59,59,31,6.4,7,13.3,4.4,27.73,76,6.83,Rain,light rain
2026-08-08 05:09:31,Bangalore,Karnataka,12.9716,77.5946,68,68,46,9.4,9.5,8,1.5,20.28,90,6.76,Clouds,overcast clouds
2026-08-08 05:09:31,Kolkata,West Bengal,22.5726,88.3639,172,172,,,,,,27.11,87,2.53,Rain,light rain
2026-08-08 05:09:31,Chennai,Tamil Nadu,13.0827,80.2707,46,46,,,,,,28.24,76,2.24,Clouds,overcast clouds
2026-08-08 05:09:31,Hyderabad,Telangana,17.385,78.4867,93,93,,,,,,23.7,85,5.61,Clouds,overcast clouds
2026-08-08 05:09:31,Pune,Maharashtra,18.5204,73.8567,59,59,31,6.4,7,13.3,4.4,23.38,76,3.25,Clouds,broken clouds
2026-08-08 05:09:31,Lucknow,Uttar Pradesh,26.8467,80.9462,128,128,91,10.8,3,3.4,28.4,27.89,79,1.5,Clouds,broken clouds
2026-08-08 05:09:31,Patna,Bihar,25.5941,85.1376,21,107,,1,0.5,0.6,20.9,27.87,80,4.55,Clouds,overcast clouds
2026-08-08 05:09:31,Ahmedabad,Gujarat,23.0225,72.5714,59,59,31,6.4,7,13.3,4.4,27.15,74,3.82,Clouds,overcast clouds
2026-08-08 05:09:31,Jaipur,Rajasthan,26.9124,75.7873,59,59,31,6.4,7,13.3,4.4,25.08,89,2.09,Rain,moderate rain
2026-08-08 05:09:31,Chandigarh,Chandigarh,30.7333,76.7794,65,65,38,6.4,7,3.5,5.6,24.49,88,1.62,Rain,light rain
2026-08-08 05:09:31,Bhopal,Madhya Pradesh,23.2599,77.4126,68,68,46,9.4,9.5,8,1.5,23.01,91,3.88,Rain,light rain
2026-08-08 05:09:31,Kanpur,Uttar Pradesh,26.4499,80.3319,150,150,86,6.3,9.9,0.4,5.4,27.08,86,2.12,Clouds,scattered clouds
2026-08-08 05:09:31,Guwahati,Assam,26.1445,91.7362,47,13,6,1.9,3.2,2.1,47.2,23.9,94,1.06,Rain,light rain
2026-08-08 05:09:31,Itanagar,Arunachal Pradesh,27.0844,93.6053,46,13,9,1.9,3.7,3.1,46.3,24.13,93,1.36,Clear,clear sky
2026-08-08 05:09:31,Dispur,Assam,26.1433,91.7898,47,13,6,1.9,3.2,2.1,47.2,24.86,95,1.12,Rain,light rain
2026-08-08 05:09:31,Raipur,Chhattisgarh,21.2514,81.6296,113,113,90,3,3.4,0.5,16.8,24.72,89,2.9,Clouds,broken clouds
2026-08-08 05:09:31,Panaji,Goa,15.4909,73.8278,59,59,31,6.4,7,13.3,4.4,26.06,84,5.82,Rain,light rain
2026-08-08 05:09:31,Gandhinagar,Gujarat,23.2156,72.6369,59,59,31,6.4,7,13.3,4.4,26.58,77,4.04,Clouds,overcast clouds
2026-08-08 05:09:31,Shimla,Himachal Pradesh,31.1048,77.1734,65,65,38,6.4,7,3.5,5.6,15.95,88,0.86,Clouds,overcast clouds
2026-08-08 05:09:31,Thiruvananthapuram,Kerala,8.5241,76.9366,29,29,,,,,,23.69,91,3.87,Clouds,overcast clouds
2026-08-08 05:09:31,Imphal,Manipur,24.817,93.9368,38,38,7,5.5,2.8,5.6,17.1,20.88,97,0.62,Clouds,few clouds
2026-08-08 05:09:31,Shillong,Meghalaya,25.5788,91.8933,42,25,6,1.9,3.2,2.1,42.3,18.06,95,1.95,Clouds,overcast clouds
2026-08-08 05:09:31,Aizawl,Mizoram,23.7271,92.7176,17,13,17,0.6,0.5,5.8,2.3,19.09,100,0.53,Clouds,overcast clouds
2026-08-08 05:09:31,Kohima,Nagaland,25.6751,94.1086,38,38,7,5.5,2.8,5.6,17.1,18.15,96,1.39,Clouds,few clouds
2026-08-08 05:09:31,Gangtok,Sikkim,27.3389,88.6065,69,69,48,0.7,2.5,0.4,4.3,20.28,92,0.6,Clouds,scattered clouds
2026-08-08 05:09:31,Agartala,Tripura,23.8315,91.2868,114,114,68,3.5,6.3,2.9,5.8,24.82,97,3.3,Rain,light rain
2026-08-08 05:09:31,Dehradun,Uttarakhand,30.3165,78.0322,72,55,72,4.3,12.6,4,1.5,23.51,81,1.66,Clouds,broken clouds
2026-08-08 05:09:31,Port Blair,Andaman and Nicobar Islands,11.6234,92.7265,30,30,,,2.4,0.6,,27.77,82,9.08,Rain,light rain
2026-08-08 05:09:31,Daman,Dadra and Nagar Haveli and Daman and Diu,20.3974,72.8328,59,59,31,6.4,7,13.3,4.4,26.97,84,6.02,Rain,light rain
2026-08-08 05:09:31,Srinagar,Jammu and Kashmir,34.0837,74.7973,55,55,50,3.7,2.8,1.1,40.3,20.03,87,0.45,Clear,clear sky
2026-08-08 05:09:31,Leh,Ladakh,34.1526,77.5771,21,13,8,1.9,5.5,3.1,21.2,16.36,60,2.55,Clouds,few clouds
2026-08-08 05:09:31,Kavaratti,Lakshadweep,10.5669,72.642,59,59,31,6.4,7,13.3,4.4,28.17,78,9.13,Clouds,overcast clouds
2026-08-08 05:09:31,Puducherry,Puducherry,11.9416,79.8083,44,44,30,3.4,4.6,3.9,17.7,26.29,77,3.89,Clouds,overcast clouds
2026-08-08 07:36:05,Delhi,Delhi,28.6139,77.209,90,90,55,13.9,11.8,,1,27.65,82,4.07,Rain,light rain
2026-08-08 07:36:05,Mumbai,Maharashtra,19.076,72.8777,95,95,46,7.3,6.5,13.6,4.6,27.88,78,7.72,Rain,light rain
2026-08-08 07:36:05,Bangalore,Karnataka,12.9716,77.5946,59,59,41,9.1,8,1.8,1.8,20.83,91,7.02,Clouds,overcast clouds
2026-08-08 07:36:05,Kolkata,West Bengal,22.5726,88.3639,172,172,,,,,,28.53,84,4.19,Clouds,overcast clouds
2026-08-08 07:36:05,Chennai,Tamil Nadu,13.0827,80.2707,46,46,,,,,,29.15,73,1.79,Clouds,overcast clouds
2026-08-08 07:36:05,Hyderabad,Telangana,17.385,78.4867,93,93,,,,,,24.29,83,6.08,Clouds,overcast clouds
2026-08-08 07:36:05,Pune,Maharashtra,18.5204,73.8567,95,95,46,7.3,6.5,13.6,4.6,23.94,73,3.27,Clouds,overcast clouds
2026-08-08 07:36:05,Lucknow,Uttar Pradesh,26.8467,80.9462,128,128,91,10.8,3,3.4,28.4,29.22,73,5.15,Rain,light rain
2026-08-08 07:36:05,Patna,Bihar,25.5941,85.1376,21,107,,1,0.5,0.6,20.9,29.44,71,6.36,Clouds,scattered clouds
2026-08-08 07:36:05,Ahmedabad,Gujarat,23.0225,72.5714,95,95,46,7.3,6.5,13.6,4.6,27.53,74,3.69,Clouds,broken clouds
2026-08-08 07:36:05,Jaipur,Rajasthan,26.9124,75.7873,95,95,46,7.3,6.5,13.6,4.6,27.26,76,1.23,Rain,light rain
2026-08-08 07:36:05,Chandigarh,Chandigarh,30.7333,76.7794,112,112,68,6.1,8,3.8,5.4,25.78,85,2.58,Rain,light rain
2026-08-08 07:36:05,Bhopal,Madhya Pradesh,23.2599,77.4126,59,59,41,9.1,8,1.8,1.8,23.79,90,3.88,Clouds,overcast clouds
2026-08-08 07:36:05,Kanpur,Uttar Pradesh,26.4499,80.3319,150,150,86,6.3,9.9,0.4,5.4,30.03,70,3.21,Rain,moderate rain
2026-08-08 07:36:05,Guwahati,Assam,26.1445,91.7362,37,25,7,1.9,6,2.1,37,26.44,89,1.08,Rain,moderate rain
2026-08-08 07:36:05,Itanagar,Arunachal Pradesh,27.0844,93.6053,30,30,9,1.9,6.9,7.1,26.9,28.44,78,1.09,Rain,light rain
2026-08-08 07:36:05,Dispur,Assam,26.1433,91.7898,37,25,7,1.9,6,2.1,37,27.54,89,1.02,Rain,light rain
2026-08-08 07:36:05,Raipur,Chhattisgarh,21.2514,81.6296,113,113,90,3,3.4,0.5,16.8,26.44,83,4.23,Clouds,overcast clouds
2026-08-08 07:36:05,Panaji,Goa,15.4909,73.8278,95,95,46,7.3,6.5,13.6,4.6,26.65,82,4.94,Rain,light rain
2026-08-08 07:36:05,Gandhinagar,Gujarat,23.2156,72.6369,95,95,46,7.3,6.5,13.6,4.6,27.03,77,3.79,Clouds,broken clouds
2026-08-08 07:36:05,Shimla,Himachal Pradesh,31.1048,77.1734,112,112,68,6.1,8,3.8,5.4,18.13,84,0.4,Clouds,overcast clouds
2026-08-08 07:36:05,Thiruvananthapuram,Kerala,8.5241,76.9366,41,41,,,,,,24.32,90,3.71,Clouds,overcast clouds
2026-08-08 07:36:05,Imphal,Manipur,24.817,93.9368,25,25,7,5.5,3.7,5.6,17.5,23.55,92,0.96,Rain,light rain
2026-08-08 07:36:05,Shillong,Meghalaya,25.5788,91.8933,37,25,7,1.9,6,2.1,37,21.89,82,1.32,Clouds,broken clouds
2026-08-08 07:36:05,Aizawl,Mizoram,23.7271,92.7176,17,13,17,0.6,0.5,5.8,2.3,20.32,99,0.5,Rain,light rain
2026-08-08 07:36:05,Kohima,Nagaland,25.6751,94.1086,25,25,7,5.5,3.7,5.6,17.5,21.29,95,0.42,Rain,moderate rain
2026-08-08 07:36:05,Gangtok,Sikkim,27.3389,88.6065,69,69,48,0.7,2.5,0.4,4.3,22.34,91,1.03,Clouds,broken clouds
2026-08-08 07:36:05,Agartala,Tripura,23.8315,91.2868,114,114,68,3.5,6.3,2.9,5.8,25.28,95,3.21,Clouds,overcast clouds
2026-08-08 07:36:05,Dehradun,Uttarakhand,30.3165,78.0322,68,68,66,4.6,13.9,2.8,1.8,25.87,77,0.43,Clouds,overcast clouds
2026-08-08 07:36:05,Port Blair,Andaman and Nicobar Islands,11.6234,92.7265,28,28,,,2.4,0.6,,28.42,78,8.96,Clouds,overcast clouds
2026-08-08 07:36:05,Daman,Dadra and Nagar Haveli and Daman and Diu,20.3974,72.8328,95,95,46,7.3,6.5,13.6,4.6,27.15,84,5.38,Rain,light rain
2026-08-08 07:36:05,Srinagar,Jammu and Kashmir,34.0837,74.7973,76,76,42,3.7,2.8,1.6,39,20.59,84,0.51,Clear,clear sky
2026-08-08 07:36:05,Leh,Ladakh,34.1526,77.5771,25,25,20,2.8,12.8,3.6,11.8,16.63,58,2.5,Clouds,few clouds
2026-08-08 07:36:05,Kavaratti,Lakshadweep,10.5669,72.642,95,95,46,7.3,6.5,13.6,4.6,28.1,77,9.28,Rain,light rain
2026-08-08 07:36:05,Puducherry,Puducherry,11.9416,79.8083,44,44,30,3.4,4.6,3.9,17.7,27.4,76,4.13,Clouds,overcast clouds
2026-08-08 09:21:44,Delhi,Delhi,28.6139,77.209,130,130,72,14.5,8.8,54.9,4.9,30.33,67,5.04,Rain,light rain
2026-08-08 09:21:44,Mumbai,Maharashtra,19.076,72.8777,107,107,49,7.1,7,14.3,5.1,28.88,75,7.44,Rain,light rain
2026-08-08 09:21:44,Bangalore,Karnataka,12.9716,77.5946,50,50,37,9.1,6.2,1,4.5,24.3,81,0.45,Clouds,overcast clouds
2026-08-08 09:21:44,Kolkata,West Bengal,22.5726,88.3639,172,172,,,,,,29.81,75,5.08,Rain,light rain
2026-08-08 09:21:44,Chennai,Tamil Nadu,13.0827,80.2707,46,46,,,,,,31.18,67,1.34,Clouds,overcast clouds
2026-08-08 09:21:44,Hyderabad,Telangana,17.385,78.4867,93,93,,,,,,25.81,74,6.61,Clouds,overcast clouds
2026-08-08 09:21:44,Pune,Maharashtra,18.5204,73.8567,107,107,49,7.1,7,14.3,5.1,26.72,59,5.4,Clouds,overcast clouds
2026-08-08 09:21:44,Lucknow,Uttar Pradesh,26.8467,80.9462,128,128,91,10.8,3,3.4,28.4,31.48,64,5.85,Rain,light rain
2026-08-08 09:21:44,Patna,Bihar,25.5941,85.1376,21,107,,1,0.5,0.6,20.9,32.2,60,6.88,Clouds,scattered clouds
2026-08-08 09:21:44,Ahmedabad,Gujarat,23.0225,72.5714,107,107,49,7.1,7,14.3,5.1,30.35,59,4.82,Clouds,scattered clouds
2026-08-08 09:21:44,Jaipur,Rajasthan,26.9124,75.7873,107,107,49,7.1,7,14.3,5.1,29.58,64,4.32,Rain,light rain
2026-08-08 09:21:44,Chandigarh,Chandigarh,30.7333,76.7794,50,50,41,5.5,8,3.1,6.2,27.77,76,2.88,Clouds,overcast clouds
2026-08-08 09:21:44,Bhopal,Madhya Pradesh,23.2599,77.4126,50,50,37,9.1,6.2,1,4.5,25.71,84,4.77,Rain,light rain
2026-08-08 09:21:44,Kanpur,Uttar Pradesh,26.4499,80.3319,150,150,86,6.3,9.9,0.4,5.4,31.85,63,4.16,Rain,light rain
2026-08-08 09:21:44,Guwahati,Assam,26.1445,91.7362,48,25,8,1.9,4.6,2.6,47.6,29.2,79,1,Rain,light rain
2026-08-08 09:21:44,Itanagar,Arunachal Pradesh,27.0844,93.6053,43,13,10,1.9,7.4,6.1,43.1,29.89,78,1.37,Rain,moderate rain
2026-08-08 09:21:44,Dispur,Assam,26.1433,91.7898,48,25,8,1.9,4.6,2.6,47.6,30.54,77,0.93,Rain,light rain
2026-08-08 09:21:44,Raipur,Chhattisgarh,21.2514,81.6296,113,113,90,3,3.4,0.5,16.8,25.92,86,4.17,Rain,light rain
2026-08-08 09:21:44,Panaji,Goa,15.4909,73.8278,107,107,49,7.1,7,14.3,5.1,27.53,78,5.37,Rain,light rain
2026-08-08 09:21:44,Gandhinagar,Gujarat,23.2156,72.6369,107,107,49,7.1,7,14.3,5.1,29.78,63,4.99,Clouds,scattered clouds
2026-08-08 09:21:44,Shimla,Himachal Pradesh,31.1048,77.1734,50,50,41,5.5,8,3.1,6.2,20.51,77,1.66,Clouds,overcast clouds
2026-08-08 09:21:44,Thiruvananthapuram,Kerala,8.5241,76.9366,56,56,,,,,,25.54,84,3.55,Clouds,overcast clouds
2026-08-08 09:21:44,Imphal,Manipur,24.817,93.9368,30,30,7,5.5,1.9,5.6,22.8,26.14,83,1.27,Rain,moderate rain
2026-08-08 09:21:44,Shillong,Meghalaya,25.5788,91.8933,48,25,8,1.9,4.6,2.6,47.6,22.78,84,1.13,Rain,light rain
2026-08-08 09:21:44,Aizawl,Mizoram,23.7271,92.7176,17,13,17,0.6,0.5,5.8,2.3,22.05,94,0.4,Rain,light rain
2026-08-08 09:21:44,Kohima,Nagaland,25.6751,94.1086,30,30,7,5.5,1.9,5.6,22.8,22.17,93,0.93,Rain,moderate rain
2026-08-08 09:21:44,Gangtok,Sikkim,27.3389,88.6065,69,69,48,0.7,2.5,0.4,4.3,24.6,83,1.94,Clouds,broken clouds
2026-08-08 09:21:44,Agartala,Tripura,23.8315,91.2868,114,114,68,3.5,6.3,2.9,5.8,27.6,85,3.99,Clouds,overcast clouds
2026-08-08 09:21:44,Dehradun,Uttarakhand,30.3165,78.0322,50,50,41,5.5,8,3.1,6.2,28.99,68,0.96,Rain,light rain
2026-08-08 09:21:44,Port Blair,Andaman and Nicobar Islands,11.6234,92.7265,32,32,,,2.4,0.6,,28.66,79,8.83,Rain,light rain
2026-08-08 09:21:44,Daman,Dadra and Nagar Haveli and Daman and Diu,20.3974,72.8328,107,107,49,7.1,7,14.3,5.1,27.57,84,5.28,Rain,light rain
2026-08-08 09:21:44,Srinagar,Jammu and Kashmir,34.0837,74.7973,82,82,64,3.7,5.1,2.1,38.6,23.92,73,0.89,Clear,clear sky
2026-08-08 09:21:44,Leh,Ladakh,34.1526,77.5771,28,13,7,1.9,2.3,3.1,28.1,18.42,50,3.15,Clouds,scattered clouds
2026-08-08 09:21:44,Kavaratti,Lakshadweep,10.5669,72.642,107,107,49,7.1,7,14.3,5.1,28.16,75,8.7,Rain,light rain
2026-08-08 09:21:44,Puducherry,Puducherry,11.9416,79.8083,44,44,30,3.4,4.6,3.9,17.7,30.74,61,5.85,Clouds,overcast clouds
2026-08-08 10:34:34,Delhi,Delhi,28.6139,77.209,82,82,57,14.1,5.8,12.5,5.4,31.27,63,5.04,Rain,light rain
2026-08-08 10:34:34,Mumbai,Maharashtra,19.076,72.8777,95,95,43,6.4,4.8,13.4,5.1,29.29,75,7.6,Clouds,overcast clouds
2026-08-08 10:34:34,Bangalore,Karnataka,12.9716,77.5946,79,79,44,9.1,5.5,5.5,4.9,26.22,76,0.45,Clouds,overcast clouds
2026-08-08 10:34:34,Kolkata,West Bengal,22.5726,88.3639,172,172,,,,,,31.19,69,5.36,Clouds,overcast clouds
2026-08-08 10:34:34,Chennai,Tamil Nadu,13.0827,80.2707,46,46,,,,,,32.3,63,1.34,Clouds,overcast clouds
2026-08-08 10:34:34,Hyderabad,Telangana,17.385,78.4867,93,93,,,,,,26.81,70,6.33,Clouds,overcast clouds
2026-08-08 10:34:34,Pune,Maharashtra,18.5204,73.8567,95,95,43,6.4,4.8,13.4,5.1,28.94,54,6.2,Rain,light rain
2026-08-08 10:34:34,Lucknow,Uttar Pradesh,26.8467,80.9462,128,128,91,10.8,3,3.4,28.4,32.87,60,6.14,Rain,light rain
2026-08-08 10:34:34,Patna,Bihar,25.5941,85.1376,21,107,,1,0.5,0.6,20.9,32.67,57,6.68,Clouds,scattered clouds
2026-08-08 10:34:34,Ahmedabad,Gujarat,23.0225,72.5714,95,95,43,6.4,4.8,13.4,5.1,31.71,53,4.86,Clouds,scattered clouds
2026-08-08 10:34:34,Jaipur,Rajasthan,26.9124,75.7873,95,95,43,6.4,4.8,13.4,5.1,30.66,61,4.91,Rain,light rain
2026-08-08 10:34:34,Chandigarh,Chandigarh,30.7333,76.7794,76,76,41,5.5,9.5,3.2,13.9,29.27,70,2.74,Rain,light rain
2026-08-08 10:34:34,Bhopal,Madhya Pradesh,23.2599,77.4126,79,79,44,9.1,5.5,5.5,4.9,26.28,82,4.44,Rain,moderate rain
2026-08-08 10:34:34,Kanpur,Uttar Pradesh,26.4499,80.3319,150,150,86,6.3,9.9,0.4,5.4,32.68,60,4.52,Rain,light rain
2026-08-08 10:34:34,Guwahati,Assam,26.1445,91.7362,53,30,9,1.9,3.2,2.6,53.2,30.41,72,1.31,Clear,clear sky
2026-08-08 10:34:34,Itanagar,Arunachal Pradesh,27.0844,93.6053,55,13,10,1.9,5.1,3.1,55.2,31.16,73,1.3,Rain,light rain
2026-08-08 10:34:34,Dispur,Assam,26.1433,91.7898,53,30,9,1.9,3.2,2.6,53.2,31.88,70,1.23,Clear,clear sky
2026-08-08 10:34:34,Raipur,Chhattisgarh,21.2514,81.6296,113,113,90,3,3.4,0.5,16.8,26.13,85,4.28,Rain,light rain
2026-08-08 10:34:34,Panaji,Goa,15.4909,73.8278,95,95,43,6.4,4.8,13.4,5.1,27.79,77,6.33,Rain,light rain
2026-08-08 10:34:34,Gandhinagar,Gujarat,23.2156,72.6369,95,95,43,6.4,4.8,13.4,5.1,31.1,57,5.12,Clouds,scattered clouds
2026-08-08 10:34:34,Shimla,Himachal Pradesh,31.1048,77.1734,76,76,41,5.5,9.5,3.2,13.9,21.24,76,2.16,Rain,light rain
2026-08-08 10:34:34,Thiruvananthapuram,Kerala,8.5241,76.9366,43,43,,,,,,26.77,80,3.76,Clouds,overcast clouds
2026-08-08 10:34:34,Imphal,Manipur,24.817,93.9368,25,13,6,5.5,2.8,5.6,24.8,26.73,84,0.8,Rain,moderate rain
2026-08-08 10:34:34,Shillong,Meghalaya,25.5788,91.8933,53,30,9,1.9,3.2,2.6,53.2,22.42,90,1.08,Rain,moderate rain
2026-08-08 10:34:34,Aizawl,Mizoram,23.7271,92.7176,17,13,17,0.6,0.5,5.8,2.3,23.67,85,1.26,Rain,light rain
2026-08-08 10:34:34,Kohima,Nagaland,25.6751,94.1086,25,13,6,5.5,2.8,5.6,24.8,22.27,93,1.21,Rain,moderate rain
2026-08-08 10:34:34,Gangtok,Sikkim,27.3389,88.6065,69,69,48,0.7,2.5,0.4,4.3,25.55,78,1.78,Rain,light rain
2026-08-08 10:34:34,Agartala,Tripura,23.8315,91.2868,114,114,68,3.5,6.3,2.9,5.8,28.83,80,4.35,Clouds,overcast clouds
2026-08-08 10:34:34,Dehradun,Uttarakhand,30.3165,78.0322,67,63,67,4.6,14.9,3.2,2.9,29.84,66,1.6,Rain,light rain
2026-08-08 10:34:34,Port Blair,Andaman and Nicobar Islands,11.6234,92.7265,38,38,,,2.4,0.6,,28.76,79,8.7,Rain,light rain
2026-08-08 10:34:34,Daman,Dadra and Nagar Haveli and Daman and Diu,20.3974,72.8328,95,95,43,6.4,4.8,13.4,5.1,28.04,81,5.38,Clouds,overcast clouds
2026-08-08 10:34:34,Srinagar,Jammu and Kashmir,34.0837,74.7973,74,74,61,3.7,4.2,2.1,37,23.36,77,1.33,Clear,clear sky
2026-08-08 10:34:34,Leh,Ladakh,34.1526,77.5771,32,13,6,1.9,1.4,3.1,32.1,19.63,45,3.14,Clouds,scattered clouds
2026-08-08 10:34:34,Kavaratti,Lakshadweep,10.5669,72.642,95,95,43,6.4,4.8,13.4,5.1,28.07,76,8.76,Clouds,overcast clouds
2026-08-08 10:34:34,Puducherry,Puducherry,11.9416,79.8083,44,44,30,3.4,4.6,3.9,17.7,32.96,56,6.3,Clouds,overcast clouds
2026-08-08 11:38:36,Delhi,Delhi,28.6139,77.209,93,93,10,13.6,4.5,10.7,5.5,31.96,62,4.43,Clouds,overcast clouds
2026-08-08 11:38:36,Mumbai,Maharashtra,19.076,72.8777,74,74,43,6.4,4.3,13.4,5.7,29.6,73,7.31,Rain,light rain
2026-08-08 11:38:36,Bangalore,Karnataka,12.9716,77.5946,60,60,40,7.3,2,2.3,7.7,26.41,74,0.89,Clouds,overcast clouds
2026-08-08 11:38:36,Kolkata,West Bengal,22.5726,88.3639,172,172,,,,,,31.98,67,5.04,Rain,light rain
2026-08-08 11:38:36,Chennai,Tamil Nadu,13.0827,80.2707,46,46,,,,,,33.47,62,1.34,Clouds,overcast clouds
2026-08-08 11:38:36,Hyderabad,Telangana,17.385,78.4867,93,93,,,,,,29.28,59,7.36,Clouds,overcast clouds
2026-08-08 11:38:36,Pune,Maharashtra,18.5204,73.8567,74,74,43,6.4,4.3,13.4,5.7,26.18,55,7.52,Clouds,broken clouds
2026-08-08 11:38:36,Lucknow,Uttar Pradesh,26.8467,80.9462,128,128,91,10.8,3,3.4,28.4,33.51,57,6.11,Clouds,broken clouds
2026-08-08 11:38:36,Patna,Bihar,25.5941,85.1376,21,107,,1,0.5,0.6,20.9,33.83,52,6.68,Clouds,broken clouds
2026-08-08 11:38:36,Ahmedabad,Gujarat,23.0225,72.5714,74,74,43,6.4,4.3,13.4,5.7,32.99,49,5.12,Clouds,scattered clouds
2026-08-08 11:38:36,Jaipur,Rajasthan,26.9124,75.7873,74,74,43,6.4,4.3,13.4,5.7,30,66,2.41,Rain,light rain
2026-08-08 11:38:36,Chandigarh,Chandigarh,30.7333,76.7794,76,76,41,5.2,7.8,3.1,13.8,31.35,64,4.26,Rain,light rain
2026-08-08 11:38:36,Bhopal,Madhya Pradesh,23.2599,77.4126,60,60,40,7.3,2,2.3,7.7,25.49,88,4.49,Rain,moderate rain
2026-08-08 11:38:36,Kanpur,Uttar Pradesh,26.4499,80.3319,150,150,86,6.3,9.9,0.4,5.4,33.4,58,4.67,Rain,light rain
2026-08-08 11:38:36,Guwahati,Assam,26.1445,91.7362,55,25,9,1.9,3.2,2.6,55.2,32.93,60,1.32,Clouds,few clouds
2026-08-08 11:38:36,Itanagar,Arunachal Pradesh,27.0844,93.6053,60,13,9,1.9,4.2,3.1,60.4,32.99,62,1.7,Clear,clear sky
2026-08-08 11:38:36,Dispur,Assam,26.1433,91.7898,55,25,9,1.9,3.2,2.6,55.2,34.25,59,1.19,Clouds,few clouds
2026-08-08 11:38:36,Raipur,Chhattisgarh,21.2514,81.6296,113,113,90,3,3.4,0.5,16.8,27.57,77,5.01,Clouds,overcast clouds
2026-08-08 11:38:36,Panaji,Goa,15.4909,73.8278,74,74,43,6.4,4.3,13.4,5.7,27.95,76,7.09,Rain,light rain
2026-08-08 11:38:36,Gandhinagar,Gujarat,23.2156,72.6369,74,74,43,6.4,4.3,13.4,5.7,32.23,53,5,Clouds,scattered clouds
2026-08-08 11:38:36,Shimla,Himachal Pradesh,31.1048,77.1734,76,76,41,5.2,7.8,3.1,13.8,20.36,79,2.12,Rain,light rain
2026-08-08 11:38:36,Thiruvananthapuram,Kerala,8.5241,76.9366,53,53,,,,,,25.93,84,4.61,Rain,light rain
2026-08-08 11:38:36,Imphal,Manipur,24.817,93.9368,27,13,7,5.5,2.3,5.6,27.3,27.56,80,0.75,Rain,moderate rain
2026-08-08 11:38:36,Shillong,Meghalaya,25.5788,91.8933,55,25,9,1.9,3.2,2.6,55.2,23.8,83,1.23,Rain,moderate rain
2026-08-08 11:38:36,Aizawl,Mizoram,23.7271,92.7176,17,13,17,0.6,0.5,5.8,2.3,23.68,93,0.78,Rain,moderate rain
2026-08-08 11:38:36,Kohima,Nagaland,25.6751,94.1086,27,13,7,5.5,2.3,5.6,27.3,22.95,89,1.27,Rain,moderate rain
2026-08-08 11:38:36,Gangtok,Sikkim,27.3389,88.6065,69,69,48,0.7,2.5,0.4,4.3,25.35,84,1.81,Rain,light rain
2026-08-08 11:38:36,Agartala,Tripura,23.8315,91.2868,114,114,68,3.5,6.3,2.9,5.8,28.26,84,3.7,Clouds,overcast clouds
2026-08-08 11:38:36,Dehradun,Uttarakhand,30.3165,78.0322,90,89,90,4.3,15.4,3.3,3.5,28.91,75,2.17,Rain,light rain
2026-08-08 11:38:36,Port Blair,Andaman and Nicobar Islands,11.6234,92.7265,35,35,,,1.8,0.6,,28.72,79,9.08,Rain,light rain
2026-08-08 11:38:36,Daman,Dadra and Nagar Haveli and Daman and Diu,20.3974,72.8328,74,74,43,6.4,4.3,13.4,5.7,28.39,78,6.1,Clouds,overcast clouds
2026-08-08 11:38:36,Srinagar,Jammu and Kashmir,34.0837,74.7973,68,68,59,3.7,2.8,1.6,47.6,23.36,76,0.45,Rain,light rain
2026-08-08 11:38:36,Leh,Ladakh,34.1526,77.5771,35,13,6,1.9,1.4,3.1,35.4,20.69,40,3.06,Clouds,broken clouds
2026-08-08 11:38:36,Kavaratti,Lakshadweep,10.5669,72.642,74,74,43,6.4,4.3,13.4,5.7,27.92,77,9.2,Rain,light rain
2026-08-08 11:38:36,Puducherry,Puducherry,11.9416,79.8083,44,44,30,3.4,4.6,3.9,17.7,33.51,52,6.85,Clouds,overcast clouds
2026-08-08 13:01:36,Delhi,Delhi,28.6139,77.209,124,124,9,13.6,5.4,10.7,6,33.63,56,4.43,Rain,light rain
2026-08-08 13:01:36,Mumbai,Maharashtra,19.076,72.8777,74,74,15,6.4,4.8,13,4.9,29.45,73,7.7,Clouds,broken clouds
2026-08-08 13:01:36,Bangalore,Karnataka,12.9716,77.5946,73,73,42,6.4,1.8,2.4,7.3,26.74,74,0.45,Clouds,overcast clouds
2026-08-08 13:01:36,Kolkata,West Bengal,22.5726,88.3639,172,172,,,,,,32.25,65,5.92,Clouds,overcast clouds
2026-08-08 13:01:36,Chennai,Tamil Nadu,13.0827,80.2707,46,46,,,,,,34.77,60,0.89,Clouds,overcast clouds
2026-08-08 13:01:36,Hyderabad,Telangana,17.385,78.4867,93,93,,,,,,30.38,54,7.37,Rain,light rain
2026-08-08 13:01:36,Pune,Maharashtra,18.5204,73.8567,74,74,15,6.4,4.8,13,4.9,26.3,39,7.55,Clouds,scattered clouds
2026-08-08 13:01:36,Lucknow,Uttar Pradesh,26.8467,80.9462,128,128,91,10.8,3,3.4,28.4,33.8,55,5.57,Clouds,overcast clouds
2026-08-08 13:01:36,Patna,Bihar,25.5941,85.1376,21,107,,1,0.5,0.6,20.9,36.27,44,6.41,Clouds,broken clouds
2026-08-08 13:01:36,Ahmedabad,Gujarat,23.0225,72.5714,74,74,15,6.4,4.8,13,4.9,33.5,48,6.01,Clouds,scattered clouds
2026-08-08 13:01:36,Jaipur,Rajasthan,26.9124,75.7873,74,74,15,6.4,4.8,13,4.9,30.74,63,2.75,Clouds,overcast clouds
2026-08-08 13:01:36,Chandigarh,Chandigarh,30.7333,76.7794,37,21,37,4.6,7.9,2.8,14.5,31.91,62,4.21,Rain,light rain
2026-08-08 13:01:36,Bhopal,Madhya Pradesh,23.2599,77.4126,73,73,42,6.4,1.8,2.4,7.3,28.4,75,5.81,Rain,light rain
2026-08-08 13:01:36,Kanpur,Uttar Pradesh,26.4499,80.3319,150,150,86,6.3,9.9,0.4,5.4,33.84,56,3.96,Rain,light rain
2026-08-08 13:01:36,Guwahati,Assam,26.1445,91.7362,56,13,10,1.9,2.8,2.6,55.8,31.94,71,2.48,Rain,light rain
2026-08-08 13:01:36,Itanagar,Arunachal Pradesh,27.0844,93.6053,60,13,8,1.9,3.7,3.1,60.4,33.28,61,1.85,Rain,light rain
2026-08-08 13:01:36,Dispur,Assam,26.1433,91.7898,56,13,10,1.9,2.8,2.6,55.8,33.12,70,2.35,Rain,light rain
2026-08-08 13:01:36,Raipur,Chhattisgarh,21.2514,81.6296,113,113,90,3,3.4,0.5,16.8,30.34,67,5.84,Rain,light rain
2026-08-08 13:01:36,Panaji,Goa,15.4909,73.8278,74,74,15,6.4,4.8,13,4.9,28.05,75,7.6,Rain,light rain
2026-08-08 13:01:36,Gandhinagar,Gujarat,23.2156,72.6369,74,74,15,6.4,4.8,13,4.9,33.48,49,6.19,Clouds,scattered clouds
2026-08-08 13:01:36,Shimla,Himachal Pradesh,31.1048,77.1734,37,21,37,4.6,7.9,2.8,14.5,21.49,81,2.11,Rain,moderate rain
2026-08-08 13:01:36,Thiruvananthapuram,Kerala,8.5241,76.9366,51,51,,,,,,27.16,76,4.41,Rain,light rain
2026-08-08 13:01:36,Imphal,Manipur,24.817,93.9368,33,13,9,5.5,2.3,6.1,32.9,26.75,85,0.61,Rain,moderate rain
2026-08-08 13:01:36,Shillong,Meghalaya,25.5788,91.8933,56,13,10,1.9,2.8,2.6,55.8,23.85,84,1.8,Rain,moderate rain
2026-08-08 13:01:36,Aizawl,Mizoram,23.7271,92.7176,17,13,17,0.6,0.5,5.8,2.3,22.18,97,0.78,Rain,light rain
2026-08-08 13:01:36,Kohima,Nagaland,25.6751,94.1086,33,13,9,5.5,2.3,6.1,32.9,25.09,72,1.48,Clouds,broken clouds
2026-08-08 13:01:36,Gangtok,Sikkim,27.3389,88.6065,69,69,48,0.7,2.5,0.4,4.3,25.99,84,1.83,Rain,light rain
2026-08-08 13:01:36,Agartala,Tripura,23.8315,91.2868,114,114,68,3.5,6.3,2.9,5.8,29.97,77,3.99,Clouds,overcast clouds
2026-08-08 13:01:36,Dehradun,Uttarakhand,30.3165,78.0322,66,63,66,3.9,13.8,3.4,3.2,28.58,78,1.87,Rain,moderate rain
2026-08-08 13:01:36,Port Blair,Andaman and Nicobar Islands,11.6234,92.7265,35,35,,,1.8,0.6,,28.52,80,9.35,Rain,light rain
2026-08-08 13:01:36,Daman,Dadra and Nagar Haveli and Daman and Diu,20.3974,72.8328,85,85,44,5.2,4.8,13.1,4.7,28.82,76,6.04,Clouds,overcast clouds
2026-08-08 13:01:36,Srinagar,Jammu and Kashmir,34.0837,74.7973,65,65,45,3.7,1.4,1.6,54.5,25.59,65,0.45,Rain,light rain
2026-08-08 13:01:36,Leh,Ladakh,34.1526,77.5771,36,13,6,1.9,1,3.1,35.8,21.76,35,3.36,Clouds,overcast clouds
2026-08-08 13:01:36,Kavaratti,Lakshadweep,10.5669,72.642,85,85,44,5.2,4.8,13.1,4.7,28.2,78,9.19,Clouds,overcast clouds
2026-08-08 13:01:36,Puducherry,Puducherry,11.9416,79.8083,44,44,30,3.4,4.6,3.9,17.7,35.74,47,5.28,Clouds,overcast clouds
2026-08-08 14:21:08,Delhi,Delhi,28.6139,77.209,59,59,57,15,8,9.6,6.9,34.04,53,4.53,Rain,light rain
2026-08-08 14:21:08,Mumbai,Maharashtra,19.076,72.8777,63,63,41,5.2,4.3,12.8,5.1,29.67,74,7.64,Clouds,broken clouds
2026-08-08 14:21:08,Bangalore,Karnataka,12.9716,77.5946,53,53,28,6.6,2.5,2.3,7.7,27.19,72,1.34,Clouds,overcast clouds
2026-08-08 14:21:08,Kolkata,West Bengal,22.5726,88.3639,172,172,,,,,,30.57,100,6.09,Clouds,overcast clouds
2026-08-08 14:21:08,Chennai,Tamil Nadu,13.0827,80.2707,46,46,,,,,,35.53,56,0.89,Clouds,overcast clouds
2026-08-08 14:21:08,Hyderabad,Telangana,17.385,78.4867,93,93,,,,,,29.92,56,6.97,Rain,light rain
2026-08-08 14:21:08,Pune,Maharashtra,18.5204,73.8567,63,63,41,5.2,4.3,12.8,5.1,26.39,89,7.14,Clouds,scattered clouds
2026-08-08 14:21:08,Lucknow,Uttar Pradesh,26.8467,80.9462,128,128,91,10.8,3,3.4,28.4,33.82,55,5.38,Clouds,overcast clouds
2026-08-08 14:21:08,Patna,Bihar,25.5941,85.1376,21,107,,1,0.5,0.6,20.9,35.33,46,6.4,Clouds,broken clouds
2026-08-08 14:21:08,Ahmedabad,Gujarat,23.0225,72.5714,63,63,41,5.2,4.3,12.8,5.1,33.48,47,5.19,Clouds,scattered clouds
2026-08-08 14:21:08,Jaipur,Rajasthan,26.9124,75.7873,63,63,41,5.2,4.3,12.8,5.1,31.66,61,2.79,Rain,moderate rain
2026-08-08 14:21:08,Chandigarh,Chandigarh,30.7333,76.7794,38,38,37,3.9,6.8,3.5,8.5,33.12,56,3.76,Clouds,overcast clouds
2026-08-08 14:21:08,Bhopal,Madhya Pradesh,23.2599,77.4126,53,53,28,6.6,2.5,2.3,7.7,28.34,75,5.91,Clouds,overcast clouds
2026-08-08 14:21:08,Kanpur,Uttar Pradesh,26.4499,80.3319,150,150,86,6.3,9.9,0.4,5.4,33.08,59,3.27,Rain,light rain
2026-08-08 14:21:08,Guwahati,Assam,26.1445,91.7362,55,13,6,1.9,3.2,2.6,55.2,31.8,72,1.69,Rain,light rain
2026-08-08 14:21:08,Itanagar,Arunachal Pradesh,27.0844,93.6053,59,13,7,1.9,3.7,3.1,59.1,32.05,72,1.65,Rain,light rain
2026-08-08 14:21:08,Dispur,Assam,26.1433,91.7898,55,13,6,1.9,3.2,2.6,55.2,32.44,75,1.58,Rain,moderate rain
2026-08-08 14:21:08,Raipur,Chhattisgarh,21.2514,81.6296,113,113,90,3,3.4,0.5,16.8,29.58,71,5.89,Rain,moderate rain
2026-08-08 14:21:08,Panaji,Goa,15.4909,73.8278,63,63,41,5.2,4.3,12.8,5.1,27.82,76,8,Rain,light rain
2026-08-08 14:21:08,Gandhinagar,Gujarat,23.2156,72.6369,63,63,41,5.2,4.3,12.8,5.1,33.16,50,6.45,Clouds,scattered clouds
2026-08-08 14:21:08,Shimla,Himachal Pradesh,31.1048,77.1734,38,38,37,3.9,6.8,3.5,8.5,21.8,81,2.26,Rain,moderate rain
2026-08-08 14:21:08,Thiruvananthapuram,Kerala,8.5241,76.9366,36,36,,,,,,25.71,80,4,Clouds,overcast clouds
2026-08-08 14:21:08,Imphal,Manipur,24.817,93.9368,42,42,11,5.5,2.3,8.2,41.1,26.89,83,0.23,Clouds,overcast clouds
2026-08-08 14:21:08,Shillong,Meghalaya,25.5788,91.8933,55,13,6,1.9,3.2,2.6,55.2,23.71,84,1.61,Rain,moderate rain
2026-08-08 14:21:08,Aizawl,Mizoram,23.7271,92.7176,17,13,17,0.6,0.5,5.8,2.3,21.33,98,0.99,Rain,light rain
2026-08-08 14:21:08,Kohima,Nagaland,25.6751,94.1086,42,42,11,5.5,2.3,8.2,41.1,24.59,76,1.57,Rain,moderate rain
2026-08-08 14:21:08,Gangtok,Sikkim,27.3389,88.6065,69,69,48,0.7,2.5,0.4,4.3,25.44,84,1.58,Rain,light rain
2026-08-08 14:21:08,Agartala,Tripura,23.8315,91.2868,114,114,68,3.5,6.3,2.9,5.8,29.23,82,2.76,Clouds,overcast clouds
2026-08-08 14:21:08,Dehradun,Uttarakhand,30.3165,78.0322,102,102,72,4.6,11.3,3.5,4.2,28.75,79,1.57,Rain,moderate rain
2026-08-08 14:21:08,Port Blair,Andaman and Nicobar Islands,11.6234,92.7265,32,32,,,2.9,0.6,,28.38,81,9.4,Rain,moderate rain
2026-08-08 14:21:08,Daman,Dadra and Nagar Haveli and Daman and Diu,20.3974,72.8328,63,63,41,5.2,4.3,12.8,5.1,28.78,76,6.08,Clouds,overcast clouds
2026-08-08 14:21:08,Srinagar,Jammu and Kashmir,34.0837,74.7973,76,76,46,3.7,1.4,1.6,55.8,23.92,71,0.89,Clouds,broken clouds
2026-08-08 14:21:08,Leh,Ladakh,34.1526,77.5771,36,13,6,1.9,1.4,3.1,36.2,22.48,32,3.54,Clouds,overcast clouds
2026-08-08 14:21:08,Kavaratti,Lakshadweep,10.5669,72.642,63,63,41,5.2,4.3,12.8,5.1,28.25,78,9.35,Clouds,overcast clouds
2026-08-08 14:21:08,Puducherry,Puducherry,11.9416,79.8083,44,44,30,3.4,4.6,3.9,17.7,35.18,46,4.3,Clouds,overcast clouds
2026-08-08 15:15:15,Delhi,Delhi,28.6139,77.209,99,59,99,14.5,7.2,11.4,5.5,34.2,52,4.34,Clouds,overcast clouds
2026-08-08 15:15:15,Mumbai,Maharashtra,19.076,72.8777,117,117,55,6.1,4.7,12.3,4.6,29.19,74,7.55,Rain,light rain
2026-08-08 15:15:15,Bangalore,Karnataka,12.9716,77.5946,28,9,28,5.8,2.3,2.8,7.4,27.23,73,0.45,Clouds,overcast clouds
2026-08-08 15:15:15,Kolkata,West Bengal,22.5726,88.3639,172,172,,,,,,32.29,63,5.93,Clouds,overcast clouds
2026-08-08 15:15:15,Chennai,Tamil Nadu,13.0827,80.2707,46,46,,,,,,33.98,64,3.58,Rain,moderate rain
2026-08-08 15:15:15,Hyderabad,Telangana,17.385,78.4867,93,93,,,,,,29.25,60,6.11,Rain,light rain
2026-08-08 15:15:15,Pune,Maharashtra,18.5204,73.8567,117,117,55,6.1,4.7,12.3,4.6,24.63,45,7.19,Clouds,broken clouds
2026-08-08 15:15:15,Lucknow,Uttar Pradesh,26.8467,80.9462,128,128,91,10.8,3,3.4,28.4,33.56,56,5.18,Clouds,overcast clouds
2026-08-08 15:15:15,Patna,Bihar,25.5941,85.1376,21,107,,1,0.5,0.6,20.9,35.35,47,6,Clouds,broken clouds
2026-08-08 15:15:15,Ahmedabad,Gujarat,23.0225,72.5714,117,117,55,6.1,4.7,12.3,4.6,33.78,46,4.87,Clouds,scattered clouds
2026-08-08 15:15:15,Jaipur,Rajasthan,26.9124,75.7873,117,117,55,6.1,4.7,12.3,4.6,31.61,61,2.95,Clouds,overcast clouds
2026-08-08 15:15:15,Chandigarh,Chandigarh,30.7333,76.7794,78,78,35,3.7,9.6,3.7,6.8,33.39,55,3.48,Clouds,overcast clouds
2026-08-08 15:15:15,Bhopal,Madhya Pradesh,23.2599,77.4126,28,9,28,5.8,2.3,2.8,7.4,27.93,77,5.23,Rain,moderate rain
2026-08-08 15:15:15,Kanpur,Uttar Pradesh,26.4499,80.3319,150,150,86,6.3,9.9,0.4,5.4,32.24,64,3.59,Rain,light rain
2026-08-08 15:15:15,Guwahati,Assam,26.1445,91.7362,52,13,6,1.9,4.2,2.6,51.9,31.35,73,0.85,Rain,moderate rain
2026-08-08 15:15:15,Itanagar,Arunachal Pradesh,27.0844,93.6053,57,25,9,1.9,4.6,3.1,56.5,31.4,74,1.32,Rain,light rain
2026-08-08 15:15:15,Dispur,Assam,26.1433,91.7898,52,13,6,1.9,4.2,2.6,51.9,32.27,75,0.88,Rain,moderate rain
2026-08-08 15:15:15,Raipur,Chhattisgarh,21.2514,81.6296,113,113,90,3,3.4,0.5,16.8,28.95,75,5.52,Rain,moderate rain
2026-08-08 15:15:15,Panaji,Goa,15.4909,73.8278,117,117,55,6.1,4.7,12.3,4.6,27.69,77,7.61,Rain,light rain
2026-08-08 15:15:15,Gandhinagar,Gujarat,23.2156,72.6369,117,117,55,6.1,4.7,12.3,4.6,32.66,51,5.2,Clouds,scattered clouds
2026-08-08 15:15:15,Shimla,Himachal Pradesh,31.1048,77.1734,78,78,35,3.7,9.6,3.7,6.8,21.95,80,1.65,Rain,light rain
2026-08-08 15:15:15,Thiruvananthapuram,Kerala,8.5241,76.9366,48,48,,,,,,26.28,79,4.39,Clouds,overcast clouds
2026-08-08 15:15:15,Imphal,Manipur,24.817,93.9368,50,50,11,5.5,2.3,6.1,28.1,26.98,84,0.29,Clouds,broken clouds
2026-08-08 15:15:15,Shillong,Meghalaya,25.5788,91.8933,52,13,6,1.9,4.2,2.6,51.9,22.87,88,1.28,Rain,moderate rain
2026-08-08 15:15:15,Aizawl,Mizoram,23.7271,92.7176,17,13,17,0.6,0.5,5.8,2.3,21.11,98,1.05,Rain,light rain
2026-08-08 15:15:15,Kohima,Nagaland,25.6751,94.1086,50,50,11,5.5,2.3,6.1,28.1,24.2,78,1.39,Rain,moderate rain
2026-08-08 15:15:15,Gangtok,Sikkim,27.3389,88.6065,69,69,48,0.7,2.5,0.4,4.3,24.65,90,1.63,Rain,moderate rain
2026-08-08 15:15:15,Agartala,Tripura,23.8315,91.2868,114,114,68,3.5,6.3,2.9,5.8,28.97,83,2.81,Rain,light rain
2026-08-08 15:15:15,Dehradun,Uttarakhand,30.3165,78.0322,80,65,80,4.6,11.2,3.8,4.6,28.59,80,1.48,Rain,light rain
2026-08-08 15:15:15,Port Blair,Andaman and Nicobar Islands,11.6234,92.7265,32,32,,,2.9,0.6,,28.46,81,9.43,Rain,light rain
2026-08-08 15:15:15,Daman,Dadra and Nagar Haveli and Daman and Diu,20.3974,72.8328,117,117,55,6.1,4.7,12.3,4.6,28.59,78,6.25,Clouds,overcast clouds
2026-08-08 15:15:15,Srinagar,Jammu and Kashmir,34.0837,74.7973,65,65,41,3.7,1.4,2.6,59.1,21.7,78,2.45,Clouds,broken clouds
2026-08-08 15:15:15,Leh,Ladakh,34.1526,77.5771,36,13,6,1.9,1.4,3.1,35.8,22.68,31,3.55,Clouds,overcast clouds
2026-08-08 15:15:15,Kavaratti,Lakshadweep,10.5669,72.642,117,117,55,6.1,4.7,12.3,4.6,28.28,78,9.79,Clouds,overcast clouds
2026-08-08 15:15:15,Puducherry,Puducherry,11.9416,79.8083,44,44,30,3.4,4.6,3.9,17.7,35.74,47,2.67,Clouds,overcast clouds
2026-08-08 16:10:22,Delhi,Delhi,28.6139,77.209,99,59,99,13.4,6,11.2,5.7,34.39,51,4.33,Clouds,overcast clouds
2026-08-08 16:10:22,Mumbai,Maharashtra,19.076,72.8777,109,109,18,6.4,4.4,12.9,5.7,29.04,74,7.82,Rain,light rain
2026-08-08 16:10:22,Bangalore,Karnataka,12.9716,77.5946,144,144,38,4.9,2.7,2.9,7.4,27.4,72,0.45,Clouds,overcast clouds
2026-08-08 16:10:22,Kolkata,West Bengal,22.5726,88.3639,172,172,,,,,,31.8,67,5.83,Clouds,overcast clouds
2026-08-08 16:10:22,Chennai,Tamil Nadu,13.0827,80.2707,46,46,,,,,,32.13,78,3.67,Clouds,overcast clouds
2026-08-08 16:10:22,Hyderabad,Telangana,17.385,78.4867,93,93,,,,,,28.91,62,5.56,Rain,light rain
2026-08-08 16:10:22,Pune,Maharashtra,18.5204,73.8567,109,109,18,6.4,4.4,12.9,5.7,24.63,42,6.77,Clouds,broken clouds
2026-08-08 16:10:22,Lucknow,Uttar Pradesh,26.8467,80.9462,128,128,91,10.8,3,3.4,28.4,33.39,57,5.27,Clouds,overcast clouds
2026-08-08 16:10:22,Patna,Bihar,25.5941,85.1376,21,107,,1,0.5,0.6,20.9,35.34,46,5.54,Clouds,broken clouds
2026-08-08 16:10:22,Ahmedabad,Gujarat,23.0225,72.5714,109,109,18,6.4,4.4,12.9,5.7,34.01,45,4.85,Clouds,scattered clouds
2026-08-08 16:10:22,Jaipur,Rajasthan,26.9124,75.7873,109,109,18,6.4,4.4,12.9,5.7,31.49,62,3.54,Rain,moderate rain
2026-08-08 16:10:22,Chandigarh,Chandigarh,30.7333,76.7794,91,91,56,5.5,7.4,3,7,33.26,56,3.17,Clouds,overcast clouds
2026-08-08 16:10:22,Bhopal,Madhya Pradesh,23.2599,77.4126,144,144,38,4.9,2.7,2.9,7.4,26.7,83,4.36,Rain,light rain
2026-08-08 16:10:22,Kanpur,Uttar Pradesh,26.4499,80.3319,150,150,86,6.3,9.9,0.4,5.4,31.96,66,3.78,Clouds,overcast clouds
2026-08-08 16:10:22,Guwahati,Assam,26.1445,91.7362,52,13,6,1.9,4.2,2.6,51.9,30.59,78,1.37,Rain,moderate rain
2026-08-08 16:10:22,Itanagar,Arunachal Pradesh,27.0844,93.6053,60,13,10,1.9,4.6,3.1,59.7,30.54,80,0.72,Rain,light rain
2026-08-08 16:10:22,Dispur,Assam,26.1433,91.7898,55,13,7,1.9,3.7,2.6,54.5,31.47,80,1.22,Rain,moderate rain
2026-08-08 16:10:22,Raipur,Chhattisgarh,21.2514,81.6296,113,113,90,3,3.4,0.5,16.8,27.94,80,5.09,Rain,moderate rain
2026-08-08 16:10:22,Panaji,Goa,15.4909,73.8278,109,109,18,6.4,4.4,12.9,5.7,27.43,78,7.38,Rain,light rain
2026-08-08 16:10:22,Gandhinagar,Gujarat,23.2156,72.6369,109,109,18,6.4,4.4,12.9,5.7,33.06,49,4.13,Clouds,scattered clouds
2026-08-08 16:10:22,Shimla,Himachal Pradesh,31.1048,77.1734,91,91,56,5.5,7.4,3,7,22,80,1.63,Rain,light rain
2026-08-08 16:10:22,Thiruvananthapuram,Kerala,8.5241,76.9366,29,29,,,,,,26.8,77,4.94,Clouds,overcast clouds
2026-08-08 16:10:22,Imphal,Manipur,24.817,93.9368,38,38,11,6.4,4.2,5.1,22.4,26.32,90,0.97,Rain,light rain
2026-08-08 16:10:22,Shillong,Meghalaya,25.5788,91.8933,55,13,7,1.9,3.7,2.6,54.5,22.31,91,1.41,Rain,light rain
2026-08-08 16:10:22,Aizawl,Mizoram,23.7271,92.7176,17,13,17,0.6,0.5,5.8,2.3,20.9,99,1.11,Rain,moderate rain
2026-08-08 16:10:22,Kohima,Nagaland,25.6751,94.1086,38,38,11,6.4,4.2,5.1,22.4,23.32,85,1.12,Rain,light rain
2026-08-08 16:10:22,Gangtok,Sikkim,27.3389,88.6065,69,69,48,0.7,2.5,0.4,4.3,24.01,91,1.19,Rain,moderate rain
2026-08-08 16:10:22,Agartala,Tripura,23.8315,91.2868,114,114,68,3.5,6.3,2.9,5.8,29.16,82,3.56,Rain,heavy intensity rain
2026-08-08 16:10:22,Dehradun,Uttarakhand,30.3165,78.0322,114,114,81,4.6,10.9,3.7,4.4,28.4,81,0.86,Clouds,overcast clouds
2026-08-08 16:10:22,Port Blair,Andaman and Nicobar Islands,11.6234,92.7265,28,28,,,2.9,1.1,,28.18,82,9.76,Rain,light rain
2026-08-08 16:10:22,Daman,Dadra and Nagar Haveli and Daman and Diu,20.3974,72.8328,109,109,18,6.4,4.4,12.9,5.7,28.34,80,6.13,Clouds,overcast clouds
2026-08-08 16:10:22,Srinagar,Jammu and Kashmir,34.0837,74.7973,68,68,48,3.7,1.9,2.1,61,22.25,79,2.48,Clouds,broken clouds
2026-08-08 16:10:22,Leh,Ladakh,34.1526,77.5771,36,13,6,1.9,1.4,3.1,35.8,22.81,31,3.37,Clouds,overcast clouds
2026-08-08 16:10:22,Kavaratti,Lakshadweep,10.5669,72.642,109,109,18,6.4,4.4,12.9,5.7,28.19,79,9.25,Clouds,overcast clouds
2026-08-08 16:10:22,Puducherry,Puducherry,11.9416,79.8083,44,44,30,3.4,4.6,3.9,17.7,36.29,53,3.61,Clouds,overcast clouds
2026-08-08 17:05:08,Delhi,Delhi,28.6139,77.209,99,59,99,13.4,6,11.2,5.7,33.92,53,4.7,Rain,moderate rain
2026-08-08 17:05:08,Mumbai,Maharashtra,19.076,72.8777,107,107,46,6.1,4.3,12.7,6.5,29.06,74,7.82,Rain,light rain
2026-08-08 17:05:08,Bangalore,Karnataka,12.9716,77.5946,124,124,37,5,2.8,2.9,7.2,27.38,73,0.89,Clouds,overcast clouds
2026-08-08 17:05:08,Kolkata,West Bengal,22.5726,88.3639,172,172,,,,,,30.61,72,5.55,Clouds,overcast clouds
2026-08-08 17:05:08,Chennai,Tamil Nadu,13.0827,80.2707,46,46,,,,,,28.89,82,0.45,Clouds,overcast clouds
2026-08-08 17:05:08,Hyderabad,Telangana,17.385,78.4867,93,93,,,,,,28.91,62,5.56,Rain,light rain
2026-08-08 17:05:08,Pune,Maharashtra,18.5204,73.8567,107,107,46,6.1,4.3,12.7,6.5,25.78,39,6.64,Clouds,broken clouds
2026-08-08 17:05:08,Lucknow,Uttar Pradesh,26.8467,80.9462,128,128,91,10.8,3,3.4,28.4,32.83,59,4.81,Clouds,overcast clouds
2026-08-08 17:05:08,Patna,Bihar,25.5941,85.1376,21,107,,1,0.5,0.6,20.9,34.37,50,4.79,Clouds,broken clouds
2026-08-08 17:05:08,Ahmedabad,Gujarat,23.0225,72.5714,107,107,46,6.1,4.3,12.7,6.5,33.73,45,5.37,Clouds,scattered clouds
2026-08-08 17:05:08,Jaipur,Rajasthan,26.9124,75.7873,107,107,46,6.1,4.3,12.7,6.5,31.05,63,3.83,Rain,light rain
2026-08-08 17:05:08,Chandigarh,Chandigarh,30.7333,76.7794,56,5,56,6.4,10.3,3.7,7.4,32.32,62,3.07,Rain,light rain
2026-08-08 17:05:08,Bhopal,Madhya Pradesh,23.2599,77.4126,124,124,37,5,2.8,2.9,7.2,26.15,84,4.17,Clouds,overcast clouds
2026-08-08 17:05:08,Kanpur,Uttar Pradesh,26.4499,80.3319,150,150,86,6.3,9.9,0.4,5.4,31.99,65,3.8,Clouds,overcast clouds
2026-08-08 17:05:08,Guwahati,Assam,26.1445,91.7362,55,13,7,1.9,3.7,2.6,54.5,28.17,85,1.94,Rain,moderate rain
2026-08-08 17:05:08,Itanagar,Arunachal Pradesh,27.0844,93.6053,60,13,10,1.9,4.6,3.1,59.7,28.38,88,0.83,Rain,light rain
2026-08-08 17:05:08,Dispur,Assam,26.1433,91.7898,55,13,7,1.9,3.7,2.6,54.5,29.17,86,1.88,Rain,moderate rain
2026-08-08 17:05:08,Raipur,Chhattisgarh,21.2514,81.6296,113,113,90,3,3.4,0.5,16.8,27.49,81,5.73,Clouds,overcast clouds
2026-08-08 17:05:08,Panaji,Goa,15.4909,73.8278,107,107,46,6.1,4.3,12.7,6.5,27.21,79,6.95,Rain,moderate rain
2026-08-08 17:05:08,Gandhinagar,Gujarat,23.2156,72.6369,107,107,46,6.1,4.3,12.7,6.5,33.22,48,4.77,Clouds,scattered clouds
2026-08-08 17:05:08,Shimla,Himachal Pradesh,31.1048,77.1734,56,5,56,6.4,10.3,3.7,7.4,20.75,79,1.69,Rain,light rain
2026-08-08 17:05:08,Thiruvananthapuram,Kerala,8.5241,76.9366,32,32,,,,,,26.75,82,4.94,Clouds,overcast clouds
2026-08-08 17:05:08,Imphal,Manipur,24.817,93.9368,63,63,11,7.3,3.7,5.6,24.8,24.11,91,1.18,Clouds,broken clouds
2026-08-08 17:05:08,Shillong,Meghalaya,25.5788,91.8933,55,13,7,1.9,3.7,2.6,54.5,20.92,95,1.44,Rain,light rain
2026-08-08 17:05:08,Aizawl,Mizoram,23.7271,92.7176,17,13,17,0.6,0.5,5.8,2.3,23.18,99,1.11,Rain,moderate rain
2026-08-08 17:05:08,Kohima,Nagaland,25.6751,94.1086,63,63,11,7.3,3.7,5.6,24.8,20.94,96,0.36,Rain,light rain
2026-08-08 17:05:08,Gangtok,Sikkim,27.3389,88.6065,69,69,48,0.7,2.5,0.4,4.3,23.24,92,0.56,Rain,moderate rain
2026-08-08 17:05:08,Agartala,Tripura,23.8315,91.2868,114,114,68,3.5,6.3,2.9,5.8,28.15,85,3.96,Rain,moderate rain
2026-08-08 17:05:08,Dehradun,Uttarakhand,30.3165,78.0322,137,137,92,4.6,11.6,3.5,2.6,28.4,81,0.86,Rain,light rain
2026-08-08 17:05:08,Port Blair,Andaman and Nicobar Islands,11.6234,92.7265,28,28,,,2.9,1.1,,27.99,82,10.06,Clouds,overcast clouds
2026-08-08 17:05:08,Daman,Dadra and Nagar Haveli and Daman and Diu,20.3974,72.8328,107,107,46,6.1,4.3,12.7,6.5,27.95,80,6.14,Clouds,overcast clouds
2026-08-08 17:05:08,Srinagar,Jammu and Kashmir,34.0837,74.7973,68,68,48,3.7,1.9,2.1,61,24.16,71,2.15,Clouds,broken clouds
2026-08-08 17:05:08,Leh,Ladakh,34.1526,77.5771,36,13,6,1.9,1.4,3.1,35.8,22.14,34,4.76,Clouds,overcast clouds
2026-08-08 17:05:08,Kavaratti,Lakshadweep,10.5669,72.642,107,107,46,6.1,4.3,12.7,6.5,28.22,79,8.62,Clouds,broken clouds
2026-08-08 17:05:08,Puducherry,Puducherry,11.9416,79.8083,44,44,30,3.4,4.6,3.9,17.7,31.73,58,2.43,Clouds,overcast clouds
2026-08-08 18:33:07,Delhi,Delhi,28.6139,77.209,99,59,99,12.7,3.9,12.4,6.8,32.97,55,4.09,Clouds,overcast clouds
2026-08-08 18:33:07,Mumbai,Maharashtra,19.076,72.8777,76,76,31,5.5,4.6,12.6,5.4,28.66,75,7.12,Rain,light rain
2026-08-08 18:33:07,Bangalore,Karnataka,12.9716,77.5946,47,47,11,6.4,4.5,2.7,5.9,27.19,78,5.91,Rain,light rain
2026-08-08 18:33:07,Kolkata,West Bengal,22.5726,88.3639,172,172,,,,,,29.47,76,5.05,Clouds,overcast clouds
2026-08-08 18:33:07,Chennai,Tamil Nadu,13.0827,80.2707,46,46,,,,,,27.78,90,5.27,Clouds,overcast clouds
2026-08-08 18:33:07,Hyderabad,Telangana,17.385,78.4867,93,93,,,,,,26.64,72,4.06,Rain,light rain
2026-08-08 18:33:07,Pune,Maharashtra,18.5204,73.8567,76,76,31,5.5,4.6,12.6,5.4,24.6,42,5.05,Clouds,scattered clouds
2026-08-08 18:33:07,Lucknow,Uttar Pradesh,26.8467,80.9462,128,128,91,10.8,3,3.4,28.4,31.18,64,3.89,Clouds,overcast clouds
2026-08-08 18:33:07,Patna,Bihar,25.5941,85.1376,21,107,,1,0.5,0.6,20.9,33.25,53,5.13,Clouds,overcast clouds
2026-08-08 18:33:07,Ahmedabad,Gujarat,23.0225,72.5714,76,76,31,5.5,4.6,12.6,5.4,32.04,53,5.32,Clouds,scattered clouds
2026-08-08 18:33:07,Jaipur,Rajasthan,26.9124,75.7873,76,76,31,5.5,4.6,12.6,5.4,28.78,75,2.88,Rain,moderate rain
2026-08-08 18:33:07,Chandigarh,Chandigarh,30.7333,76.7794,82,82,56,6.4,10.3,3.6,14.7,29.7,75,2.65,Rain,light rain
2026-08-08 18:33:07,Bhopal,Madhya Pradesh,23.2599,77.4126,47,47,11,6.4,4.5,2.7,5.9,25.34,83,5.22,Clouds,overcast clouds
2026-08-08 18:33:07,Kanpur,Uttar Pradesh,26.4499,80.3319,150,150,86,6.3,9.9,0.4,5.4,30.77,69,3.15,Clouds,overcast clouds
2026-08-08 18:33:07,Guwahati,Assam,26.1445,91.7362,53,13,16,1.9,7.4,3.1,53.2,26.73,88,1.56,Rain,moderate rain
2026-08-08 18:33:07,Itanagar,Arunachal Pradesh,27.0844,93.6053,54,38,11,1.9,6.4,3.1,53.9,26.14,95,1.56,Rain,light rain
2026-08-08 18:33:07,Dispur,Assam,26.1433,91.7898,53,13,16,1.9,7.4,3.1,53.2,27.6,89,1.62,Rain,moderate rain
2026-08-08 18:33:07,Raipur,Chhattisgarh,21.2514,81.6296,113,113,90,3,3.4,0.5,16.8,26.22,87,5.48,Rain,heavy intensity rain
2026-08-08 18:33:07,Panaji,Goa,15.4909,73.8278,76,76,31,5.5,4.6,12.6,5.4,26.73,81,6.75,Rain,moderate rain
2026-08-08 18:33:07,Gandhinagar,Gujarat,23.2156,72.6369,76,76,31,5.5,4.6,12.6,5.4,31.38,55,5.61,Clouds,overcast clouds
2026-08-08 18:33:07,Shimla,Himachal Pradesh,31.1048,77.1734,82,82,56,6.4,10.3,3.6,14.7,19.8,93,1.46,Rain,light rain
2026-08-08 18:33:07,Thiruvananthapuram,Kerala,8.5241,76.9366,32,32,,,,,,24.78,89,3.54,Clouds,overcast clouds
2026-08-08 18:33:07,Imphal,Manipur,24.817,93.9368,76,76,11,7.3,4.6,5.6,21.6,22.85,93,0.07,Rain,moderate rain
2026-08-08 18:33:07,Shillong,Meghalaya,25.5788,91.8933,53,13,16,1.9,7.4,3.1,53.2,19.88,96,1.68,Rain,light rain
2026-08-08 18:33:07,Aizawl,Mizoram,23.7271,92.7176,17,13,17,0.6,0.5,5.8,2.3,20.25,98,0.92,Rain,moderate rain
2026-08-08 18:33:07,Kohima,Nagaland,25.6751,94.1086,76,76,11,7.3,4.6,5.6,21.6,19.07,98,1.68,Rain,moderate rain
2026-08-08 18:33:07,Gangtok,Sikkim,27.3389,88.6065,69,69,48,0.7,2.5,0.4,4.3,21.6,95,0.7,Rain,light rain
2026-08-08 18:33:07,Agartala,Tripura,23.8315,91.2868,114,114,68,3.5,6.3,2.9,5.8,27.2,87,2.9,Rain,light rain
2026-08-08 18:33:07,Dehradun,Uttarakhand,30.3165,78.0322,70,59,70,4.6,14.2,3.6,2.8,26.6,89,0.83,Rain,light rain
2026-08-08 18:33:07,Port Blair,Andaman and Nicobar Islands,11.6234,92.7265,28,28,,,2.9,1.1,,27.98,83,10.32,Clouds,overcast clouds
2026-08-08 18:33:07,Daman,Dadra and Nagar Haveli and Daman and Diu,20.3974,72.8328,76,76,31,5.5,4.6,12.6,5.4,27.79,81,5.92,Clouds,overcast clouds
2026-08-08 18:33:07,Srinagar,Jammu and Kashmir,34.0837,74.7973,66,59,44,3.7,1.9,1.6,66.2,21.14,83,0.51,Clear,clear sky
2026-08-08 18:33:07,Leh,Ladakh,34.1526,77.5771,36,13,6,1.9,1.4,3.1,36.2,23.16,30,3.84,Clouds,overcast clouds
2026-08-08 18:33:07,Kavaratti,Lakshadweep,10.5669,72.642,76,76,31,5.5,4.6,12.6,5.4,28.07,77,9.02,Clouds,few clouds
2026-08-08 18:33:07,Puducherry,Puducherry,11.9416,79.8083,44,44,30,3.4,4.6,3.9,17.7,34.07,64,1.36,Clouds,overcast clouds
2026-08-08 19:37:45,Delhi,Delhi,28.6139,77.209,27,59,27,15.6,13.6,11.4,3.5,32.42,60,3.53,Clouds,broken clouds
2026-08-08 19:37:45,Mumbai,Maharashtra,19.076,72.8777,74,74,33,6.4,6.6,12.8,6.1,28.47,75,6.81,Clouds,scattered clouds
2026-08-08 19:37:45,Bangalore,Karnataka,12.9716,77.5946,57,57,17,6.8,8.6,2.5,5.7,21.42,91,6.29,Rain,light rain
2026-08-08 19:37:45,Kolkata,West Bengal,22.5726,88.3639,172,172,,,,,,28.74,81,4.74,Clouds,overcast clouds
2026-08-08 19:37:45,Chennai,Tamil Nadu,13.0827,80.2707,46,46,,,,,,28.01,87,0.89,Clouds,overcast clouds
2026-08-08 19:37:45,Hyderabad,Telangana,17.385,78.4867,93,93,,,,,,26.18,73,4.14,Rain,light rain
2026-08-08 19:37:45,Pune,Maharashtra,18.5204,73.8567,74,74,33,6.4,6.6,12.8,6.1,24.07,41,3.83,Clouds,scattered clouds
2026-08-08 19:37:45,Lucknow,Uttar Pradesh,26.8467,80.9462,128,128,91,10.8,3,3.4,28.4,30.54,67,3.67,Clouds,broken clouds
2026-08-08 19:37:45,Patna,Bihar,25.5941,85.1376,21,107,,1,0.5,0.6,20.9,32.91,56,5.08,Clouds,overcast clouds
2026-08-08 19:37:45,Ahmedabad,Gujarat,23.0225,72.5714,74,74,33,6.4,6.6,12.8,6.1,31.26,56,4.75,Clouds,scattered clouds
2026-08-08 19:37:45,Jaipur,Rajasthan,26.9124,75.7873,74,74,33,6.4,6.6,12.8,6.1,27.59,80,2.62,Rain,heavy intensity rain
2026-08-08 19:37:45,Chandigarh,Chandigarh,30.7333,76.7794,21,21,56,6.9,7.9,3.3,13.7,28.39,78,2.77,Clouds,overcast clouds
2026-08-08 19:37:45,Bhopal,Madhya Pradesh,23.2599,77.4126,57,57,17,6.8,8.6,2.5,5.7,25,84,5,Clouds,overcast clouds
2026-08-08 19:37:45,Kanpur,Uttar Pradesh,26.4499,80.3319,150,150,86,6.3,9.9,0.4,5.4,30.1,71,2.79,Clouds,broken clouds
2026-08-08 19:37:45,Guwahati,Assam,26.1445,91.7362,53,25,29,1.9,6,3.1,53.2,26.25,89,1.69,Rain,moderate rain
2026-08-08 19:37:45,Itanagar,Arunachal Pradesh,27.0844,93.6053,58,38,13,1.9,4.6,3.1,57.8,25.46,97,1.82,Rain,light rain
2026-08-08 19:37:45,Dispur,Assam,26.1433,91.7898,53,25,29,1.9,6,3.1,53.2,27.02,91,1.65,Rain,moderate rain
2026-08-08 19:37:45,Raipur,Chhattisgarh,21.2514,81.6296,113,113,90,3,3.4,0.5,16.8,25.85,88,5.66,Rain,very heavy rain
2026-08-08 19:37:45,Panaji,Goa,15.4909,73.8278,74,74,33,6.4,6.6,12.8,6.1,26.53,83,6.58,Rain,moderate rain
2026-08-08 19:37:45,Gandhinagar,Gujarat,23.2156,72.6369,74,74,33,6.4,6.6,12.8,6.1,30.29,59,5.34,Clouds,overcast clouds
2026-08-08 19:37:45,Shimla,Himachal Pradesh,31.1048,77.1734,21,21,56,6.9,7.9,3.3,13.7,18.89,94,0.79,Rain,light rain
2026-08-08 19:37:45,Thiruvananthapuram,Kerala,8.5241,76.9366,62,62,,,,,,24.52,89,3.86,Rain,light rain
2026-08-08 19:37:45,Imphal,Manipur,24.817,93.9368,72,72,20,7.3,5.1,5.1,17.1,22.61,94,0.1,Clouds,overcast clouds
2026-08-08 19:37:45,Shillong,Meghalaya,25.5788,91.8933,53,25,29,1.9,6,3.1,53.2,19.48,97,1.94,Rain,light rain
2026-08-08 19:37:45,Aizawl,Mizoram,23.7271,92.7176,17,13,17,0.6,0.5,5.8,2.3,20,99,0.89,Rain,moderate rain
2026-08-08 19:37:45,Kohima,Nagaland,25.6751,94.1086,72,72,20,7.3,5.1,5.1,17.1,18.82,98,1.75,Rain,moderate rain
2026-08-08 19:37:45,Gangtok,Sikkim,27.3389,88.6065,69,69,48,0.7,2.5,0.4,4.3,21.36,93,0.88,Clouds,overcast clouds
2026-08-08 19:37:45,Agartala,Tripura,23.8315,91.2868,114,114,68,3.5,6.3,2.9,5.8,26.56,89,2.78,Clear,clear sky
2026-08-08 19:37:45,Dehradun,Uttarakhand,30.3165,78.0322,59,59,55,5,16.8,3.5,2.5,25.35,92,1.31,Clouds,overcast clouds
2026-08-08 19:37:45,Port Blair,Andaman and Nicobar Islands,11.6234,92.7265,28,28,,,2.9,1.1,,27.86,83,10.2,Rain,heavy intensity rain
2026-08-08 19:37:45,Daman,Dadra and Nagar Haveli and Daman and Diu,20.3974,72.8328,74,74,33,6.4,6.6,12.8,6.1,27.75,81,6.07,Clouds,overcast clouds
2026-08-08 19:37:45,Srinagar,Jammu and Kashmir,34.0837,74.7973,68,68,43,3.7,3.7,1.6,60.4,21.14,83,0.53,Clear,clear sky
2026-08-08 19:37:45,Leh,Ladakh,34.1526,77.5771,36,13,6,1.9,1.9,3.1,36.2,21.59,38,5.28,Clouds,overcast clouds
2026-08-08 19:37:45,Kavaratti,Lakshadweep,10.5669,72.642,74,74,33,6.4,6.6,12.8,6.1,28.05,77,8.72,Clouds,scattered clouds
2026-08-08 19:37:45,Puducherry,Puducherry,11.9416,79.8083,44,44,30,3.4,4.6,3.9,17.7,30.74,71,1.81,Rain,light rain
2026-08-08 20:29:52,Delhi,Delhi,28.6139,77.209,23,13,23,18.1,19.2,10.6,1.5,31.85,63,3.13,Clouds,broken clouds
2026-08-08 20:29:52,Mumbai,Maharashtra,19.076,72.8777,23,5,23,7.3,7.8,12.4,5,28.41,74,6.25,Rain,light rain
2026-08-08 20:29:52,Bangalore,Karnataka,12.9716,77.5946,97,97,23,11.6,15.2,2.1,5,21.94,89,6.27,Clouds,overcast clouds
2026-08-08 20:29:52,Kolkata,West Bengal,22.5726,88.3639,172,172,,,,,,28.35,84,4.23,Clouds,overcast clouds
2026-08-08 20:29:52,Chennai,Tamil Nadu,13.0827,80.2707,46,46,,,,,,28.01,88,1.34,Clouds,overcast clouds
2026-08-08 20:29:52,Hyderabad,Telangana,17.385,78.4867,93,93,,,,,,26,74,4.1,Clouds,overcast clouds
2026-08-08 20:29:52,Pune,Maharashtra,18.5204,73.8567,23,5,23,7.3,7.8,12.4,5,24.07,42,3.28,Clouds,scattered clouds
2026-08-08 20:29:52,Lucknow,Uttar Pradesh,26.8467,80.9462,128,128,91,10.8,3,3.4,28.4,30.23,68,3.76,Clouds,scattered clouds
2026-08-08 20:29:52,Patna,Bihar,25.5941,85.1376,21,107,,1,0.5,0.6,20.9,32.39,58,5.09,Clouds,overcast clouds
2026-08-08 20:29:52,Ahmedabad,Gujarat,23.0225,72.5714,23,5,23,7.3,7.8,12.4,5,31.16,56,3.42,Clouds,scattered clouds
2026-08-08 20:29:52,Jaipur,Rajasthan,26.9124,75.7873,23,5,23,7.3,7.8,12.4,5,28.16,77,2.42,Rain,moderate rain
2026-08-08 20:29:52,Chandigarh,Chandigarh,30.7333,76.7794,21,21,56,9.7,10.9,3.4,13,27.8,81,2.61,Clouds,broken clouds
2026-08-08 20:29:52,Bhopal,Madhya Pradesh,23.2599,77.4126,97,97,23,11.6,15.2,2.1,5,24.52,86,4.77,Clouds,overcast clouds
2026-08-08 20:29:52,Kanpur,Uttar Pradesh,26.4499,80.3319,150,150,86,6.3,9.9,0.4,5.4,29.77,72,3.23,Clouds,scattered clouds
2026-08-08 20:29:52,Guwahati,Assam,26.1445,91.7362,53,25,25,1.9,4.6,2.6,52.6,26,91,1.55,Rain,moderate rain
2026-08-08 20:29:52,Itanagar,Arunachal Pradesh,27.0844,93.6053,56,13,14,1.9,3.7,3.1,55.8,25.35,97,1.83,Rain,light rain
2026-08-08 20:29:52,Dispur,Assam,26.1433,91.7898,53,25,25,1.9,4.6,2.6,52.6,26.79,93,1.5,Rain,moderate rain
2026-08-08 20:29:52,Raipur,Chhattisgarh,21.2514,81.6296,113,113,90,3,3.4,0.5,16.8,25.7,89,5.65,Rain,heavy intensity rain
2026-08-08 20:29:52,Panaji,Goa,15.4909,73.8278,23,5,23,7.3,7.8,12.4,5,26.32,84,6.62,Rain,moderate rain
2026-08-08 20:29:52,Gandhinagar,Gujarat,23.2156,72.6369,23,5,23,7.3,7.8,12.4,5,29.89,62,4.33,Clouds,overcast clouds
2026-08-08 20:29:52,Shimla,Himachal Pradesh,31.1048,77.1734,21,21,56,9.7,10.9,3.4,13,18.49,94,0.63,Rain,light rain
2026-08-08 20:29:52,Thiruvananthapuram,Kerala,8.5241,76.9366,81,81,,,,,,24.91,87,3.83,Clouds,overcast clouds
2026-08-08 20:29:52,Imphal,Manipur,24.817,93.9368,76,76,22,7.3,6,5.6,13.9,22.33,95,0.14,Clouds,overcast clouds
2026-08-08 20:29:52,Shillong,Meghalaya,25.5788,91.8933,53,25,25,1.9,4.6,2.6,52.6,18.74,98,1.93,Rain,light rain
2026-08-08 20:29:52,Aizawl,Mizoram,23.7271,92.7176,17,13,17,0.6,0.5,5.8,2.3,19.81,99,0.76,Rain,light rain
2026-08-08 20:29:52,Kohima,Nagaland,25.6751,94.1086,76,76,22,7.3,6,5.6,13.9,18.66,97,1.66,Rain,moderate rain
2026-08-08 20:29:52,Gangtok,Sikkim,27.3389,88.6065,69,69,48,0.7,2.5,0.4,4.3,21.19,92,0.88,Clouds,overcast clouds
2026-08-08 20:29:52,Agartala,Tripura,23.8315,91.2868,114,114,68,3.5,6.3,2.9,5.8,26.12,91,2.74,Clear,clear sky
2026-08-08 20:29:52,Dehradun,Uttarakhand,30.3165,78.0322,21,21,56,9.7,10.9,3.4,13,24.89,93,1.63,Clouds,broken clouds
2026-08-08 20:29:52,Port Blair,Andaman and Nicobar Islands,11.6234,92.7265,28,28,,,2.9,1.1,,28.05,82,9.38,Rain,heavy intensity rain
2026-08-08 20:29:52,Daman,Dadra and Nagar Haveli and Daman and Diu,20.3974,72.8328,23,5,23,7.3,7.8,12.4,5,27.63,81,5.87,Clouds,overcast clouds
2026-08-08 20:29:52,Srinagar,Jammu and Kashmir,34.0837,74.7973,76,76,52,3.7,3.7,0.6,55.8,21.14,85,0.53,Clear,clear sky
2026-08-08 20:29:52,Leh,Ladakh,34.1526,77.5771,34,13,12,1.9,2.8,3.1,34.2,19.72,49,4.86,Rain,light rain
2026-08-08 20:29:52,Kavaratti,Lakshadweep,10.5669,72.642,23,5,23,7.3,7.8,12.4,5,28.11,78,8.27,Clouds,scattered clouds
2026-08-08 20:29:52,Puducherry,Puducherry,11.9416,79.8083,44,44,30,3.4,4.6,3.9,17.7,29.62,72,6.19,Rain,light rain
2026-08-08 21:09:19,Delhi,Delhi,28.6139,77.209,18,13,18,19.5,14.5,11.3,3,31.44,65,3.05,Clouds,broken clouds
2026-08-08 21:09:19,Mumbai,Maharashtra,19.076,72.8777,28,5,28,7.3,7.8,12.7,4.6,28.37,74,6.1,Rain,light rain
2026-08-08 21:09:19,Bangalore,Karnataka,12.9716,77.5946,97,97,36,10,11.5,2.7,5.1,21.94,88,6.08,Clouds,overcast clouds
2026-08-08 21:09:19,Kolkata,West Bengal,22.5726,88.3639,172,172,,,,,,28.34,85,3.63,Clouds,overcast clouds
2026-08-08 21:09:19,Chennai,Tamil Nadu,13.0827,80.2707,46,46,,,,,,27.99,87,1.34,Rain,light rain
2026-08-08 21:09:19,Hyderabad,Telangana,17.385,78.4867,93,93,,,,,,25.86,74,4.42,Clouds,overcast clouds
2026-08-08 21:09:19,Pune,Maharashtra,18.5204,73.8567,28,5,28,7.3,7.8,12.7,4.6,24.63,43,3.1,Clouds,scattered clouds
2026-08-08 21:09:19,Lucknow,Uttar Pradesh,26.8467,80.9462,128,128,91,10.8,3,3.4,28.4,30.33,68,3.33,Clouds,scattered clouds
2026-08-08 21:09:19,Patna,Bihar,25.5941,85.1376,21,107,,1,0.5,0.6,20.9,31.99,60,5.54,Clouds,overcast clouds
2026-08-08 21:09:19,Ahmedabad,Gujarat,23.0225,72.5714,28,5,28,7.3,7.8,12.7,4.6,30.63,59,3.81,Clouds,scattered clouds
2026-08-08 21:09:19,Jaipur,Rajasthan,26.9124,75.7873,28,5,28,7.3,7.8,12.7,4.6,28.11,77,2.41,Rain,light rain
2026-08-08 21:09:19,Chandigarh,Chandigarh,30.7333,76.7794,78,78,56,9.1,13,3.4,13,27.48,82,2.38,Clouds,broken clouds
2026-08-08 21:09:19,Bhopal,Madhya Pradesh,23.2599,77.4126,97,97,36,10,11.5,2.7,5.1,24.42,87,5.03,Clouds,overcast clouds
2026-08-08 21:09:19,Kanpur,Uttar Pradesh,26.4499,80.3319,150,150,86,6.3,9.9,0.4,5.4,29.44,73,3.72,Clouds,scattered clouds
2026-08-08 21:09:19,Guwahati,Assam,26.1445,91.7362,53,25,25,1.9,4.6,2.6,52.6,25.74,92,1.31,Rain,moderate rain
2026-08-08 21:09:19,Itanagar,Arunachal Pradesh,27.0844,93.6053,56,13,14,1.9,3.7,3.1,55.8,25.55,96,1.71,Clouds,broken clouds
2026-08-08 21:09:19,Dispur,Assam,26.1433,91.7898,53,25,25,1.9,4.6,2.6,52.6,26.65,94,1.34,Rain,moderate rain
2026-08-08 21:09:19,Raipur,Chhattisgarh,21.2514,81.6296,113,113,90,3,3.4,0.5,16.8,25.54,90,5.83,Rain,moderate rain
2026-08-08 21:09:19,Panaji,Goa,15.4909,73.8278,28,5,28,7.3,7.8,12.7,4.6,26.25,84,5.88,Rain,light rain
2026-08-08 21:09:19,Gandhinagar,Gujarat,23.2156,72.6369,28,5,28,7.3,7.8,12.7,4.6,29.31,65,3.73,Clouds,broken clouds
2026-08-08 21:09:19,Shimla,Himachal Pradesh,31.1048,77.1734,78,78,56,9.1,13,3.4,13,18.19,94,0.73,Rain,moderate rain
2026-08-08 21:09:19,Thiruvananthapuram,Kerala,8.5241,76.9366,95,95,,,,,,24.7,88,3.94,Clouds,overcast clouds
2026-08-08 21:09:19,Imphal,Manipur,24.817,93.9368,76,76,22,7.3,6,5.6,13.9,21.94,97,0.09,Rain,moderate rain
2026-08-08 21:09:19,Shillong,Meghalaya,25.5788,91.8933,53,25,25,1.9,4.6,2.6,52.6,18.64,98,2.2,Rain,light rain
2026-08-08 21:09:19,Aizawl,Mizoram,23.7271,92.7176,17,13,17,0.6,0.5,5.8,2.3,19.59,99,0.91,Clouds,overcast clouds
2026-08-08 21:09:19,Kohima,Nagaland,25.6751,94.1086,76,76,22,7.3,6,5.6,13.9,18.61,98,1.44,Rain,moderate rain
2026-08-08 21:09:19,Gangtok,Sikkim,27.3389,88.6065,69,69,48,0.7,2.5,0.4,4.3,21.15,92,0.72,Clouds,overcast clouds
2026-08-08 21:09:19,Agartala,Tripura,23.8315,91.2868,114,114,68,3.5,6.3,2.9,5.8,25.9,93,2.54,Clear,clear sky
2026-08-08 21:09:19,Dehradun,Uttarakhand,30.3165,78.0322,78,78,56,9.1,13,3.4,13,24.62,93,1.71,Rain,light rain
2026-08-08 21:09:19,Port Blair,Andaman and Nicobar Islands,11.6234,92.7265,28,28,,,2.9,1.1,,27.97,82,9.56,Rain,moderate rain
2026-08-08 21:09:19,Daman,Dadra and Nagar Haveli and Daman and Diu,20.3974,72.8328,28,5,28,7.3,7.8,12.7,4.6,27.55,82,6.43,Clouds,overcast clouds
2026-08-08 21:09:19,Srinagar,Jammu and Kashmir,34.0837,74.7973,76,76,52,3.7,3.7,0.6,55.8,20.59,86,1.04,Clouds,few clouds
2026-08-08 21:09:19,Leh,Ladakh,34.1526,77.5771,31,13,13,1.9,4.2,3.1,31.3,18.65,56,2.96,Rain,light rain
2026-08-08 21:09:19,Kavaratti,Lakshadweep,10.5669,72.642,28,5,28,7.3,7.8,12.7,4.6,28.15,77,7.61,Clouds,scattered clouds
2026-08-08 21:09:19,Puducherry,Puducherry,11.9416,79.8083,44,44,30,3.4,4.6,3.9,17.7,29.07,73,6.25,Clouds,overcast clouds
2026-08-08 22:12:18,Delhi,Delhi,28.6139,77.209,53,13,53,22,11.2,11.8,2.7,31.12,65,2.87,Clouds,broken clouds
2026-08-08 22:12:18,Mumbai,Maharashtra,19.076,72.8777,55,55,40,8.2,8.1,12.6,4.8,28.46,74,6.58,Rain,light rain
2026-08-08 22:12:18,Bangalore,Karnataka,12.9716,77.5946,35,9,35,10.9,13.3,2.4,5.3,21.94,87,5.8,Clouds,overcast clouds
2026-08-08 22:12:18,Kolkata,West Bengal,22.5726,88.3639,172,172,,,,,,28.19,86,3.72,Clouds,broken clouds
2026-08-08 22:12:18,Chennai,Tamil Nadu,13.0827,80.2707,46,46,,,,,,28.33,88,0.45,Clouds,overcast clouds
2026-08-08 22:12:18,Hyderabad,Telangana,17.385,78.4867,93,93,,,,,,25.64,74,4.46,Clouds,overcast clouds
2026-08-08 22:12:18,Pune,Maharashtra,18.5204,73.8567,55,55,40,8.2,8.1,12.6,4.8,24.07,43,3.2,Clouds,few clouds
2026-08-08 22:12:18,Lucknow,Uttar Pradesh,26.8467,80.9462,128,128,91,10.8,3,3.4,28.4,30.64,67,2.52,Clouds,broken clouds
2026-08-08 22:12:18,Patna,Bihar,25.5941,85.1376,21,107,,1,0.5,0.6,20.9,31.12,64,5.97,Clouds,overcast clouds
2026-08-08 22:12:18,Ahmedabad,Gujarat,23.0225,72.5714,55,55,40,8.2,8.1,12.6,4.8,29.79,65,4.76,Clouds,scattered clouds
2026-08-08 22:12:18,Jaipur,Rajasthan,26.9124,75.7873,55,55,40,8.2,8.1,12.6,4.8,28.13,78,1.53,Rain,light rain
2026-08-08 22:12:18,Chandigarh,Chandigarh,30.7333,76.7794,74,74,22,9.1,11.8,4,7,26.51,85,2.41,Rain,light rain
2026-08-08 22:12:18,Bhopal,Madhya Pradesh,23.2599,77.4126,35,9,35,10.9,13.3,2.4,5.3,24.35,86,5.1,Clouds,overcast clouds
2026-08-08 22:12:18,Kanpur,Uttar Pradesh,26.4499,80.3319,150,150,86,6.3,9.9,0.4,5.4,29.17,74,3.53,Clouds,scattered clouds
2026-08-08 22:12:18,Guwahati,Assam,26.1445,91.7362,48,25,15,1.9,5.1,3.1,48,25.41,94,1.79,Rain,moderate rain
2026-08-08 22:12:18,Itanagar,Arunachal Pradesh,27.0844,93.6053,49,38,10,1.9,5.1,3.6,49.2,25.2,96,1.6,Rain,light rain
2026-08-08 22:12:18,Dispur,Assam,26.1433,91.7898,48,25,15,1.9,5.1,3.1,48,26.29,95,1.91,Rain,moderate rain
2026-08-08 22:12:18,Raipur,Chhattisgarh,21.2514,81.6296,113,113,90,3,3.4,0.5,16.8,25.28,91,6.03,Clouds,overcast clouds
2026-08-08 22:12:18,Panaji,Goa,15.4909,73.8278,55,55,40,8.2,8.1,12.6,4.8,26.18,84,5.8,Rain,light rain
2026-08-08 22:12:18,Gandhinagar,Gujarat,23.2156,72.6369,55,55,40,8.2,8.1,12.6,4.8,28.61,69,3.52,Clouds,broken clouds
2026-08-08 22:12:18,Shimla,Himachal Pradesh,31.1048,77.1734,74,74,22,9.1,11.8,4,7,17.92,95,0.94,Clouds,broken clouds
2026-08-08 22:12:18,Thiruvananthapuram,Kerala,8.5241,76.9366,53,53,,,,,,24.38,90,4.24,Clouds,overcast clouds
2026-08-08 22:12:18,Imphal,Manipur,24.817,93.9368,70,70,27,7.3,6,6.1,13,21.49,98,0.96,Rain,heavy intensity rain
2026-08-08 22:12:18,Shillong,Meghalaya,25.5788,91.8933,48,25,15,1.9,5.1,3.1,48,18.6,98,2.49,Rain,light rain
2026-08-08 22:12:18,Aizawl,Mizoram,23.7271,92.7176,17,13,17,0.6,0.5,5.8,2.3,19.46,99,1.05,Rain,moderate rain
2026-08-08 22:12:18,Kohima,Nagaland,25.6751,94.1086,70,70,27,7.3,6,6.1,13,18.81,97,1.31,Rain,moderate rain
2026-08-08 22:12:18,Gangtok,Sikkim,27.3389,88.6065,69,69,48,0.7,2.5,0.4,4.3,20.88,94,0.82,Clouds,overcast clouds
2026-08-08 22:12:18,Agartala,Tripura,23.8315,91.2868,114,114,68,3.5,6.3,2.9,5.8,25.68,94,2.21,Clouds,few clouds
2026-08-08 22:12:18,Dehradun,Uttarakhand,30.3165,78.0322,82,82,73,6.4,14.4,3.8,1,24.09,93,1.73,Rain,light rain
2026-08-08 22:12:18,Port Blair,Andaman and Nicobar Islands,11.6234,92.7265,28,28,,,2.9,1.1,,28.01,83,9.57,Clouds,overcast clouds
2026-08-08 22:12:18,Daman,Dadra and Nagar Haveli and Daman and Diu,20.3974,72.8328,55,55,40,8.2,8.1,12.6,4.8,27.44,82,6.8,Clouds,overcast clouds
2026-08-08 22:12:18,Srinagar,Jammu and Kashmir,34.0837,74.7973,74,74,55,4.6,8.7,1.1,42.3,20.03,88,1.61,Clouds,scattered clouds
2026-08-08 22:12:18,Leh,Ladakh,34.1526,77.5771,32,13,10,1.9,3.7,3.1,32.1,18.58,56,2.33,Rain,light rain
2026-08-08 22:12:18,Kavaratti,Lakshadweep,10.5669,72.642,55,55,40,8.2,8.1,12.6,4.8,28.16,78,7.62,Clouds,scattered clouds
2026-08-08 22:12:18,Puducherry,Puducherry,11.9416,79.8083,44,44,30,3.4,4.6,3.9,17.7,26.85,73,5.71,Clouds,overcast clouds
2026-08-08 23:07:07,Delhi,Delhi,28.6139,77.209,53,13,53,22,11.2,11.8,2.7,30.78,66,2.93,Clouds,broken clouds
2026-08-08 23:07:07,Mumbai,Maharashtra,19.076,72.8777,65,65,45,10,11.8,13.1,3.4,28.31,76,7.27,Rain,light rain
2026-08-08 23:07:07,Bangalore,Karnataka,12.9716,77.5946,95,95,52,12.1,11.9,3.2,4.8,21.39,86,5.8,Rain,moderate rain
2026-08-08 23:07:07,Kolkata,West Bengal,22.5726,88.3639,172,172,,,,,,27.99,87,3.33,Clouds,broken clouds
2026-08-08 23:07:07,Chennai,Tamil Nadu,13.0827,80.2707,46,46,,,,,,27.78,87,0.45,Rain,light rain
2026-08-08 23:07:07,Hyderabad,Telangana,17.385,78.4867,93,93,,,,,,25.38,75,4.36,Clouds,overcast clouds
2026-08-08 23:07:07,Pune,Maharashtra,18.5204,73.8567,65,65,45,10,11.8,13.1,3.4,24.07,42,3.02,Clouds,few clouds
2026-08-08 23:07:07,Lucknow,Uttar Pradesh,26.8467,80.9462,128,128,91,10.8,3,3.4,28.4,30.43,67,2.6,Clouds,broken clouds
2026-08-08 23:07:07,Patna,Bihar,25.5941,85.1376,21,107,,1,0.5,0.6,20.9,30.27,67,5.57,Clouds,overcast clouds
2026-08-08 23:07:07,Ahmedabad,Gujarat,23.0225,72.5714,65,65,45,10,11.8,13.1,3.4,29.23,68,4.83,Clouds,scattered clouds
2026-08-08 23:07:07,Jaipur,Rajasthan,26.9124,75.7873,65,65,45,10,11.8,13.1,3.4,28.13,77,1.98,Clouds,overcast clouds
2026-08-08 23:07:07,Chandigarh,Chandigarh,30.7333,76.7794,122,122,75,8.5,14.8,4.2,6.1,26.6,84,2.44,Rain,light rain
2026-08-08 23:07:07,Bhopal,Madhya Pradesh,23.2599,77.4126,95,95,52,12.1,11.9,3.2,4.8,24.38,84,5.19,Clouds,overcast clouds
2026-08-08 23:07:07,Kanpur,Uttar Pradesh,26.4499,80.3319,150,150,86,6.3,9.9,0.4,5.4,29.07,75,3.06,Clouds,broken clouds
2026-08-08 23:07:07,Guwahati,Assam,26.1445,91.7362,40,25,10,1.9,11,3.6,40.3,24.86,95,1.32,Clouds,broken clouds
2026-08-08 23:07:07,Itanagar,Arunachal Pradesh,27.0844,93.6053,46,25,9,1.9,5.5,3.1,45.9,25.05,96,1.71,Rain,light rain
2026-08-08 23:07:07,Dispur,Assam,26.1433,91.7898,40,25,10,1.9,11,3.6,40.3,25.8,96,1.46,Rain,moderate rain
2026-08-08 23:07:07,Raipur,Chhattisgarh,21.2514,81.6296,113,113,90,3,3.4,0.5,16.8,25.05,92,5.95,Clouds,overcast clouds
2026-08-08 23:07:07,Panaji,Goa,15.4909,73.8278,65,65,45,10,11.8,13.1,3.4,26.11,84,5.06,Rain,light rain
2026-08-08 23:07:07,Gandhinagar,Gujarat,23.2156,72.6369,65,65,45,10,11.8,13.1,3.4,28.32,72,4.59,Clouds,broken clouds
2026-08-08 23:07:07,Shimla,Himachal Pradesh,31.1048,77.1734,122,122,75,8.5,14.8,4.2,6.1,17.75,95,1.13,Rain,light rain
2026-08-08 23:07:07,Thiruvananthapuram,Kerala,8.5241,76.9366,53,53,,,,,,24.4,90,4.09,Clouds,overcast clouds
2026-08-08 23:07:07,Imphal,Manipur,24.817,93.9368,65,65,18,6.4,4.2,5.6,13.9,21.43,99,1.18,Rain,moderate rain
2026-08-08 23:07:07,Shillong,Meghalaya,25.5788,91.8933,40,25,10,1.9,11,3.6,40.3,18.79,98,2.27,Rain,light rain
2026-08-08 23:07:07,Aizawl,Mizoram,23.7271,92.7176,17,13,17,0.6,0.5,5.8,2.3,19.32,99,0.97,Rain,moderate rain
2026-08-08 23:07:07,Kohima,Nagaland,25.6751,94.1086,65,65,18,6.4,4.2,5.6,13.9,18.95,97,1.4,Rain,moderate rain
2026-08-08 23:07:07,Gangtok,Sikkim,27.3389,88.6065,69,69,48,0.7,2.5,0.4,4.3,20.32,93,1.21,Clouds,overcast clouds
2026-08-08 23:07:07,Agartala,Tripura,23.8315,91.2868,114,114,68,3.5,6.3,2.9,5.8,25.44,96,2.06,Clouds,few clouds
2026-08-08 23:07:07,Dehradun,Uttarakhand,30.3165,78.0322,89,89,75,6.4,12.5,3.9,1.3,23.99,93,1.98,Rain,light rain
2026-08-08 23:07:07,Port Blair,Andaman and Nicobar Islands,11.6234,92.7265,28,28,,,2.9,1.1,,27.89,83,9.56,Rain,light rain
2026-08-08 23:07:07,Daman,Dadra and Nagar Haveli and Daman and Diu,20.3974,72.8328,65,65,45,10,11.8,13.1,3.4,27.27,82,6.1,Clouds,overcast clouds
2026-08-08 23:07:07,Srinagar,Jammu and Kashmir,34.0837,74.7973,68,68,53,3.7,2.8,1.1,48.8,20.03,89,1.2,Clouds,scattered clouds
2026-08-08 23:07:07,Leh,Ladakh,34.1526,77.5771,30,13,10,1.9,4.6,3.6,29.7,18.44,56,2.23,Rain,light rain
2026-08-08 23:07:07,Kavaratti,Lakshadweep,10.5669,72.642,65,65,45,10,11.8,13.1,3.4,28.13,77,7.79,Rain,light rain
2026-08-08 23:07:07,Puducherry,Puducherry,11.9416,79.8083,44,44,30,3.4,4.6,3.9,17.7,25.74,77,5.57,Clouds,overcast clouds
2026-08-09 00:19:14,Delhi,Delhi,28.6139,77.209,117,117,59,26.2,7.3,10.7,1.6,30.06,69,3.1,Rain,light rain
2026-08-09 00:19:14,Mumbai,Maharashtra,19.076,72.8777,134,134,54,14.1,13.6,12.7,5.5,28.06,77,7.14,Rain,light rain
2026-08-09 00:19:14,Bangalore,Karnataka,12.9716,77.5946,82,82,44,11.8,16.1,3,4.8,21.39,86,0.45,Clouds,overcast clouds
2026-08-09 00:19:14,Kolkata,West Bengal,22.5726,88.3639,172,172,,,,,,27.85,86,3.72,Clouds,overcast clouds
2026-08-09 00:19:14,Chennai,Tamil Nadu,13.0827,80.2707,46,46,,,,,,27.22,84,0.89,Clouds,overcast clouds
2026-08-09 00:19:14,Hyderabad,Telangana,17.385,78.4867,93,93,,,,,,25.4,77,4.49,Clouds,overcast clouds
2026-08-09 00:19:14,Pune,Maharashtra,18.5204,73.8567,134,134,54,14.1,13.6,12.7,5.5,24.07,44,3.27,Clouds,overcast clouds
2026-08-09 00:19:14,Lucknow,Uttar Pradesh,26.8467,80.9462,128,128,91,10.8,3,3.4,28.4,29.59,71,3.75,Clouds,overcast clouds
2026-08-09 00:19:14,Patna,Bihar,25.5941,85.1376,21,107,,1,0.5,0.6,20.9,29.49,72,5.4,Clouds,scattered clouds
2026-08-09 00:19:14,Ahmedabad,Gujarat,23.0225,72.5714,134,134,54,14.1,13.6,12.7,5.5,29.58,66,5.3,Clouds,overcast clouds
2026-08-09 00:19:14,Jaipur,Rajasthan,26.9124,75.7873,134,134,54,14.1,13.6,12.7,5.5,27.66,79,2.06,Rain,light rain
2026-08-09 00:19:14,Chandigarh,Chandigarh,30.7333,76.7794,107,107,77,10,10.1,4.3,5.5,26.56,83,2.36,Clear,clear sky
2026-08-09 00:19:14,Bhopal,Madhya Pradesh,23.2599,77.4126,82,82,44,11.8,16.1,3,4.8,23.87,87,3.89,Rain,light rain
2026-08-09 00:19:14,Kanpur,Uttar Pradesh,26.4499,80.3319,150,150,86,6.3,9.9,0.4,5.4,28.7,76,2.84,Clouds,broken clouds
2026-08-09 00:19:14,Guwahati,Assam,26.1445,91.7362,38,30,10,1.9,9.2,3.6,37.8,24.69,96,1.53,Rain,moderate rain
2026-08-09 00:19:14,Itanagar,Arunachal Pradesh,27.0844,93.6053,40,34,15,2.8,8.7,3.6,40.3,24.4,96,1.64,Rain,light rain
2026-08-09 00:19:14,Dispur,Assam,26.1433,91.7898,38,30,10,1.9,9.2,3.6,37.8,25.7,96,1.53,Rain,moderate rain
2026-08-09 00:19:14,Raipur,Chhattisgarh,21.2514,81.6296,113,113,90,3,3.4,0.5,16.8,25.53,88,6.28,Clouds,overcast clouds
2026-08-09 00:19:14,Panaji,Goa,15.4909,73.8278,134,134,54,14.1,13.6,12.7,5.5,26.35,83,4.58,Rain,light rain
2026-08-09 00:19:14,Gandhinagar,Gujarat,23.2156,72.6369,134,134,54,14.1,13.6,12.7,5.5,28.77,69,5.86,Clouds,overcast clouds
2026-08-09 00:19:14,Shimla,Himachal Pradesh,31.1048,77.1734,107,107,77,10,10.1,4.3,5.5,17.22,95,1.33,Clouds,scattered clouds
2026-08-09 00:19:14,Thiruvananthapuram,Kerala,8.5241,76.9366,53,53,,,,,,24.26,91,3.66,Rain,light rain
2026-08-09 00:19:14,Imphal,Manipur,24.817,93.9368,42,42,18,6.4,2.3,5.6,15.1,21.04,98,1.26,Rain,moderate rain
2026-08-09 00:19:14,Shillong,Meghalaya,25.5788,91.8933,38,30,10,1.9,9.2,3.6,37.8,17.94,97,2.19,Clouds,overcast clouds
2026-08-09 00:19:14,Aizawl,Mizoram,23.7271,92.7176,17,13,17,0.6,0.5,5.8,2.3,18.95,100,0.88,Rain,light rain
2026-08-09 00:19:14,Kohima,Nagaland,25.6751,94.1086,42,42,18,6.4,2.3,5.6,15.1,18.33,97,1.53,Rain,moderate rain
2026-08-09 00:19:14,Gangtok,Sikkim,27.3389,88.6065,69,69,48,0.7,2.5,0.4,4.3,20.4,93,1.07,Clouds,overcast clouds
2026-08-09 00:19:14,Agartala,Tripura,23.8315,91.2868,114,114,68,3.5,6.3,2.9,5.8,25.36,96,1.77,Rain,light rain
2026-08-09 00:19:14,Dehradun,Uttarakhand,30.3165,78.0322,90,90,82,6.1,13.2,3.9,2.5,24.12,90,1.73,Clouds,broken clouds
2026-08-09 00:19:14,Port Blair,Andaman and Nicobar Islands,11.6234,92.7265,40,40,,,2.4,0.6,,27.8,83,9.34,Rain,moderate rain
2026-08-09 00:19:14,Daman,Dadra and Nagar Haveli and Daman and Diu,20.3974,72.8328,134,134,54,14.1,13.6,12.7,5.5,27.34,83,6.36,Rain,light rain
2026-08-09 00:19:14,Srinagar,Jammu and Kashmir,34.0837,74.7973,70,70,42,5.5,11,1.1,32.5,20.03,88,0.8,Clouds,few clouds
2026-08-09 00:19:14,Leh,Ladakh,34.1526,77.5771,26,13,20,1.9,2.3,3.1,26.4,18.54,57,2.13,Rain,light rain
2026-08-09 00:19:14,Kavaratti,Lakshadweep,10.5669,72.642,134,134,54,14.1,13.6,12.7,5.5,28.15,76,7.68,Rain,light rain
2026-08-09 00:19:14,Puducherry,Puducherry,11.9416,79.8083,44,44,30,3.4,4.6,3.9,17.7,25.74,81,5.21,Rain,light rain
2026-08-09 01:05:46,Delhi,Delhi,28.6139,77.209,87,87,78,35,4.5,11.6,3.2,29.91,70,3.2,Rain,light rain
2026-08-09 01:05:46,Mumbai,Maharashtra,19.076,72.8777,134,134,54,14.1,13.6,12.7,5.5,28.08,76,7.38,Rain,light rain
2026-08-09 01:05:46,Bangalore,Karnataka,12.9716,77.5946,89,89,47,11.2,18.5,3,4,21.35,86,0.45,Rain,light rain
2026-08-09 01:05:46,Kolkata,West Bengal,22.5726,88.3639,172,172,,,,,,27.57,88,3.86,Clouds,overcast clouds
2026-08-09 01:05:46,Chennai,Tamil Nadu,13.0827,80.2707,46,46,,,,,,27.41,82,0.45,Clouds,overcast clouds
2026-08-09 01:05:46,Hyderabad,Telangana,17.385,78.4867,93,93,,,,,,25.38,76,5.68,Clouds,overcast clouds
2026-08-09 01:05:46,Pune,Maharashtra,18.5204,73.8567,134,134,54,14.1,13.6,12.7,5.5,24.04,43,3.27,Clouds,overcast clouds
2026-08-09 01:05:46,Lucknow,Uttar Pradesh,26.8467,80.9462,128,128,91,10.8,3,3.4,28.4,29.2,72,3.46,Clouds,overcast clouds
2026-08-09 01:05:46,Patna,Bihar,25.5941,85.1376,21,107,,1,0.5,0.6,20.9,29.07,74,4.97,Clouds,broken clouds
2026-08-09 01:05:46,Ahmedabad,Gujarat,23.0225,72.5714,137,137,56,17.2,14,13.7,5,29.29,66,5.39,Clouds,overcast clouds
2026-08-09 01:05:46,Jaipur,Rajasthan,26.9124,75.7873,137,137,56,17.2,14,13.7,5,27.5,80,2.22,Clouds,broken clouds
2026-08-09 01:05:46,Chandigarh,Chandigarh,30.7333,76.7794,130,130,80,10,10.8,4.1,7.3,26.48,82,2.64,Clear,clear sky
2026-08-09 01:05:46,Bhopal,Madhya Pradesh,23.2599,77.4126,89,89,47,11.2,18.5,3,4,23.78,86,4.14,Rain,light rain
2026-08-09 01:05:46,Kanpur,Uttar Pradesh,26.4499,80.3319,150,150,86,6.3,9.9,0.4,5.4,28.49,77,2.68,Clouds,broken clouds
2026-08-09 01:05:46,Guwahati,Assam,26.1445,91.7362,31,25,11,1.9,15.1,4.1,31.3,24.37,97,1.61,Rain,moderate rain
2026-08-09 01:05:46,Itanagar,Arunachal Pradesh,27.0844,93.6053,35,25,12,2.8,8.7,3.6,35.4,23.99,96,1.82,Rain,light rain
2026-08-09 01:05:46,Dispur,Assam,26.1433,91.7898,31,25,11,1.9,15.1,4.1,31.3,25.36,97,1.57,Rain,moderate rain
2026-08-09 01:05:46,Raipur,Chhattisgarh,21.2514,81.6296,113,113,90,3,3.4,0.5,16.8,24.88,93,5.31,Clouds,overcast clouds
2026-08-09 01:05:46,Panaji,Goa,15.4909,73.8278,137,137,56,17.2,14,13.7,5,26.39,83,4.58,Rain,light rain
2026-08-09 01:05:46,Gandhinagar,Gujarat,23.2156,72.6369,137,137,56,17.2,14,13.7,5,28.59,70,5.49,Clouds,overcast clouds
2026-08-09 01:05:46,Shimla,Himachal Pradesh,31.1048,77.1734,130,130,80,10,10.8,4.1,7.3,17.22,95,1.33,Clouds,scattered clouds
2026-08-09 01:05:46,Thiruvananthapuram,Kerala,8.5241,76.9366,60,60,,,,,,24.22,90,3.8,Clouds,overcast clouds
2026-08-09 01:05:46,Imphal,Manipur,24.817,93.9368,20,13,6,5.5,2.8,5.6,19.9,20.76,98,1.39,Clouds,overcast clouds
2026-08-09 01:05:46,Shillong,Meghalaya,25.5788,91.8933,31,25,11,1.9,15.1,4.1,31.3,18.11,98,2.05,Rain,light rain
2026-08-09 01:05:46,Aizawl,Mizoram,23.7271,92.7176,17,13,17,0.6,0.5,5.8,2.3,21.08,100,0.96,Clouds,overcast clouds
2026-08-09 01:05:46,Kohima,Nagaland,25.6751,94.1086,20,13,6,5.5,2.8,5.6,19.9,18.26,97,1.37,Rain,moderate rain
2026-08-09 01:05:46,Gangtok,Sikkim,27.3389,88.6065,69,69,48,0.7,2.5,0.4,4.3,20.44,93,0.97,Rain,light rain
2026-08-09 01:05:46,Agartala,Tripura,23.8315,91.2868,114,114,68,3.5,6.3,2.9,5.8,25.2,97,2.24,Rain,light rain
2026-08-09 01:05:46,Dehradun,Uttarakhand,30.3165,78.0322,151,151,94,5.2,15.8,2.9,1.9,24.05,90,1.68,Clouds,broken clouds
2026-08-09 01:05:46,Port Blair,Andaman and Nicobar Islands,11.6234,92.7265,40,40,,,2.4,0.6,,27.84,83,9.78,Rain,moderate rain
2026-08-09 01:05:46,Daman,Dadra and Nagar Haveli and Daman and Diu,20.3974,72.8328,137,137,56,17.2,14,13.7,5,27.39,82,6.68,Rain,light rain
2026-08-09 01:05:46,Srinagar,Jammu and Kashmir,34.0837,74.7973,78,78,51,5.5,7.4,1.1,36.2,20.03,89,0.3,Clouds,scattered clouds
2026-08-09 01:05:46,Leh,Ladakh,34.1526,77.5771,26,13,20,1.9,2.3,3.1,26.4,18.48,57,2.24,Rain,light rain
2026-08-09 01:05:46,Kavaratti,Lakshadweep,10.5669,72.642,137,137,56,17.2,14,13.7,5,28.15,76,7.71,Rain,light rain
2026-08-09 01:05:46,Puducherry,Puducherry,11.9416,79.8083,44,44,30,3.4,4.6,3.9,17.7,25.74,80,5.16,Clouds,overcast clouds
2026-08-09 02:08:09,Delhi,Delhi,28.6139,77.209,87,87,89,35.7,10.2,12.1,3.3,29.83,70,2.93,Clouds,overcast clouds
2026-08-09 02:08:09,Mumbai,Maharashtra,19.076,72.8777,122,122,63,15.6,14,14.7,2.6,27.99,75,7.81,Rain,light rain
2026-08-09 02:08:09,Bangalore,Karnataka,12.9716,77.5946,160,160,53,10,19.1,2.6,4.6,20.83,88,0.45,Clouds,overcast clouds
2026-08-09 02:08:09,Kolkata,West Bengal,22.5726,88.3639,172,172,,,,,,27.62,89,3.86,Clouds,overcast clouds
2026-08-09 02:08:09,Chennai,Tamil Nadu,13.0827,80.2707,46,46,,,,,,26.67,88,0.45,Rain,light rain
2026-08-09 02:08:09,Hyderabad,Telangana,17.385,78.4867,93,93,,,,,,24.66,78,5.9,Clouds,overcast clouds
2026-08-09 02:08:09,Pune,Maharashtra,18.5204,73.8567,122,122,63,15.6,14,14.7,2.6,24.07,43,3.08,Clouds,overcast clouds
2026-08-09 02:08:09,Lucknow,Uttar Pradesh,26.8467,80.9462,128,128,91,10.8,3,3.4,28.4,28.84,74,3.34,Clouds,overcast clouds
2026-08-09 02:08:09,Patna,Bihar,25.5941,85.1376,21,107,,1,0.5,0.6,20.9,28.83,75,5.08,Clouds,broken clouds
2026-08-09 02:08:09,Ahmedabad,Gujarat,23.0225,72.5714,122,122,63,15.6,14,14.7,2.6,28.94,67,5.41,Clouds,overcast clouds
2026-08-09 02:08:09,Jaipur,Rajasthan,26.9124,75.7873,122,122,63,15.6,14,14.7,2.6,27.28,81,2.74,Clouds,broken clouds
2026-08-09 02:08:09,Chandigarh,Chandigarh,30.7333,76.7794,132,132,63,6.6,9.7,4.3,12.9,26.37,81,2.5,Clear,clear sky
2026-08-09 02:08:09,Bhopal,Madhya Pradesh,23.2599,77.4126,160,160,53,10,19.1,2.6,4.6,23.32,88,4.61,Rain,light rain
2026-08-09 02:08:09,Kanpur,Uttar Pradesh,26.4499,80.3319,150,150,86,6.3,9.9,0.4,5.4,28.61,77,2.49,Clouds,broken clouds
2026-08-09 02:08:09,Guwahati,Assam,26.1445,91.7362,33,13,12,1.9,10.6,3.6,32.5,24.11,97,1.43,Rain,moderate rain
2026-08-09 02:08:09,Itanagar,Arunachal Pradesh,27.0844,93.6053,35,13,13,2.8,8.3,3.6,34.6,23.51,97,1.86,Rain,moderate rain
2026-08-09 02:08:09,Dispur,Assam,26.1433,91.7898,33,13,12,1.9,10.6,3.6,32.5,25.14,97,1.45,Rain,moderate rain
2026-08-09 02:08:09,Raipur,Chhattisgarh,21.2514,81.6296,113,113,90,3,3.4,0.5,16.8,24.57,93,4.83,Rain,moderate rain
2026-08-09 02:08:09,Panaji,Goa,15.4909,73.8278,122,122,63,15.6,14,14.7,2.6,26.42,83,4.23,Rain,light rain
2026-08-09 02:08:09,Gandhinagar,Gujarat,23.2156,72.6369,122,122,63,15.6,14,14.7,2.6,28.24,72,5.43,Clouds,overcast clouds
2026-08-09 02:08:09,Shimla,Himachal Pradesh,31.1048,77.1734,132,132,63,6.6,9.7,4.3,12.9,15.63,95,1.71,Clouds,broken clouds
2026-08-09 02:08:09,Thiruvananthapuram,Kerala,8.5241,76.9366,67,67,,,,,,24.32,90,3.97,Clouds,overcast clouds
2026-08-09 02:08:09,Imphal,Manipur,24.817,93.9368,20,13,6,5.5,2.8,5.6,19.9,20.8,98,0.76,Clouds,overcast clouds
2026-08-09 02:08:09,Shillong,Meghalaya,25.5788,91.8933,33,13,12,1.9,10.6,3.6,32.5,18.21,97,1.97,Rain,light rain
2026-08-09 02:08:09,Aizawl,Mizoram,23.7271,92.7176,17,13,17,0.6,0.5,5.8,2.3,18.95,100,0.91,Rain,moderate rain
2026-08-09 02:08:09,Kohima,Nagaland,25.6751,94.1086,20,13,6,5.5,2.8,5.6,19.9,18.35,97,0.97,Rain,light rain
2026-08-09 02:08:09,Gangtok,Sikkim,27.3389,88.6065,69,69,48,0.7,2.5,0.4,4.3,20.2,94,0.91,Rain,light rain
2026-08-09 02:08:09,Agartala,Tripura,23.8315,91.2868,114,114,68,3.5,6.3,2.9,5.8,25.21,97,2.13,Clouds,overcast clouds
2026-08-09 02:08:09,Dehradun,Uttarakhand,30.3165,78.0322,80,74,80,5.5,15.2,3,1.3,23.99,90,1.71,Clouds,scattered clouds
2026-08-09 02:08:09,Port Blair,Andaman and Nicobar Islands,11.6234,92.7265,40,40,,,2.4,0.6,,27.99,83,9.38,Rain,moderate rain
2026-08-09 02:08:09,Daman,Dadra and Nagar Haveli and Daman and Diu,20.3974,72.8328,122,122,63,15.6,14,14.7,2.6,27.39,81,6.46,Rain,light rain
2026-08-09 02:08:09,Srinagar,Jammu and Kashmir,34.0837,74.7973,68,68,52,4.6,3.7,1.1,39,20.03,90,0.06,Clouds,scattered clouds
2026-08-09 02:08:09,Leh,Ladakh,34.1526,77.5771,34,13,6,1.9,1.9,3.1,34.2,18.34,56,2.15,Rain,light rain
2026-08-09 02:08:09,Kavaratti,Lakshadweep,10.5669,72.642,122,122,63,15.6,14,14.7,2.6,28.05,76,8.57,Rain,light rain
2026-08-09 02:08:09,Puducherry,Puducherry,11.9416,79.8083,44,44,30,3.4,4.6,3.9,17.7,25.74,78,5.1,Rain,moderate rain
2026-08-09 03:07:07,Delhi,Delhi,28.6139,77.209,107,107,93,34.8,6.9,11.5,2.5,29.83,70,2.93,Clouds,overcast clouds
2026-08-09 03:07:07,Mumbai,Maharashtra,19.076,72.8777,85,85,56,11.8,11.4,15.4,4.8,28.22,75,7.28,Rain,light rain
2026-08-09 03:07:07,Bangalore,Karnataka,12.9716,77.5946,132,132,60,12.4,19,2.9,4.7,20.83,89,6.09,Clouds,broken clouds
2026-08-09 03:07:07,Kolkata,West Bengal,22.5726,88.3639,172,172,,,,,,27.2,90,2.79,Clouds,overcast clouds
2026-08-09 03:07:07,Chennai,Tamil Nadu,13.0827,80.2707,46,46,,,,,,26.67,88,0.89,Clouds,overcast clouds
2026-08-09 03:07:07,Hyderabad,Telangana,17.385,78.4867,93,93,,,,,,24.25,82,5.18,Clouds,overcast clouds
2026-08-09 03:07:07,Pune,Maharashtra,18.5204,73.8567,85,85,56,11.8,11.4,15.4,4.8,24.07,42,3.19,Clouds,broken clouds
2026-08-09 03:07:07,Lucknow,Uttar Pradesh,26.8467,80.9462,128,128,91,10.8,3,3.4,28.4,28.98,74,3.48,Rain,light rain
2026-08-09 03:07:07,Patna,Bihar,25.5941,85.1376,21,107,,1,0.5,0.6,20.9,28.53,76,5.1,Clouds,broken clouds
2026-08-09 03:07:07,Ahmedabad,Gujarat,23.0225,72.5714,85,85,56,11.8,11.4,15.4,4.8,28.68,68,5.18,Clouds,overcast clouds
2026-08-09 03:07:07,Jaipur,Rajasthan,26.9124,75.7873,85,85,56,11.8,11.4,15.4,4.8,27.28,81,2.74,Clouds,broken clouds
2026-08-09 03:07:07,Chandigarh,Chandigarh,30.7333,76.7794,67,61,67,6.1,10.5,4.3,13,26.18,80,2.49,Clear,clear sky
2026-08-09 03:07:07,Bhopal,Madhya Pradesh,23.2599,77.4126,132,132,60,12.4,19,2.9,4.7,22.98,90,4.52,Rain,light rain
2026-08-09 03:07:07,Kanpur,Uttar Pradesh,26.4499,80.3319,150,150,86,6.3,9.9,0.4,5.4,28.62,76,2.79,Clouds,broken clouds
2026-08-09 03:07:07,Guwahati,Assam,26.1445,91.7362,33,13,12,1.9,10.6,3.6,32.5,24.03,97,1.7,Rain,moderate rain
2026-08-09 03:07:07,Itanagar,Arunachal Pradesh,27.0844,93.6053,34,25,10,1.9,7.4,3.6,33.8,22.91,99,2.13,Rain,moderate rain
2026-08-09 03:07:07,Dispur,Assam,26.1433,91.7898,33,13,12,1.9,10.6,3.6,32.5,25.09,97,1.66,Rain,moderate rain
2026-08-09 03:07:07,Raipur,Chhattisgarh,21.2514,81.6296,113,113,90,3,3.4,0.5,16.8,24.52,93,5.18,Rain,moderate rain
2026-08-09 03:07:07,Panaji,Goa,15.4909,73.8278,85,85,56,11.8,11.4,15.4,4.8,26.19,83,3.81,Rain,light rain
2026-08-09 03:07:07,Gandhinagar,Gujarat,23.2156,72.6369,85,85,56,11.8,11.4,15.4,4.8,27.95,72,5.27,Clouds,overcast clouds
2026-08-09 03:07:07,Shimla,Himachal Pradesh,31.1048,77.1734,67,61,67,6.1,10.5,4.3,13,16.74,94,1.31,Clouds,scattered clouds
2026-08-09 03:07:07,Thiruvananthapuram,Kerala,8.5241,76.9366,72,72,,,,,,24.22,90,3.84,Rain,light rain
2026-08-09 03:07:07,Imphal,Manipur,24.817,93.9368,19,13,6,5.5,2.3,5.6,19.1,20.81,98,0.44,Rain,moderate rain
2026-08-09 03:07:07,Shillong,Meghalaya,25.5788,91.8933,33,13,12,1.9,10.6,3.6,32.5,18.31,97,1.9,Rain,light rain
2026-08-09 03:07:07,Aizawl,Mizoram,23.7271,92.7176,17,13,17,0.6,0.5,5.8,2.3,21.23,100,0.92,Rain,moderate rain
2026-08-09 03:07:07,Kohima,Nagaland,25.6751,94.1086,19,13,6,5.5,2.3,5.6,19.1,18.2,97,1.13,Rain,light rain
2026-08-09 03:07:07,Gangtok,Sikkim,27.3389,88.6065,69,69,48,0.7,2.5,0.4,4.3,20.26,93,0.98,Rain,light rain
2026-08-09 03:07:07,Agartala,Tripura,23.8315,91.2868,114,114,68,3.5,6.3,2.9,5.8,25.14,97,2.33,Clouds,overcast clouds
2026-08-09 03:07:07,Dehradun,Uttarakhand,30.3165,78.0322,83,74,83,4.1,23.5,3,1.2,23.89,90,1.85,Clouds,scattered clouds
2026-08-09 03:07:07,Port Blair,Andaman and Nicobar Islands,11.6234,92.7265,40,40,,,2.4,0.6,,28.16,82,9.74,Rain,moderate rain
2026-08-09 03:07:07,Daman,Dadra and Nagar Haveli and Daman and Diu,20.3974,72.8328,85,85,56,11.8,11.4,15.4,4.8,27.36,82,6.04,Clouds,overcast clouds
2026-08-09 03:07:07,Srinagar,Jammu and Kashmir,34.0837,74.7973,63,63,48,3.7,3.7,1.1,35,20.03,90,0.25,Clouds,scattered clouds
2026-08-09 03:07:07,Leh,Ladakh,34.1526,77.5771,31,13,9,1.9,2.3,3.1,30.9,18.23,56,1.84,Rain,light rain
2026-08-09 03:07:07,Kavaratti,Lakshadweep,10.5669,72.642,85,85,56,11.8,11.4,15.4,4.8,28.07,76,8.79,Rain,light rain
2026-08-09 03:07:07,Puducherry,Puducherry,11.9416,79.8083,44,44,30,3.4,4.6,3.9,17.7,25.74,76,5.44,Rain,light rain
2026-08-09 04:06:42,Delhi,Delhi,28.6139,77.209,150,150,85,25.8,7.6,10.8,2,29.34,72,3.14,Clouds,overcast clouds
2026-08-09 04:06:42,Mumbai,Maharashtra,19.076,72.8777,50,5,50,11.6,10.8,15.4,4.7,28.27,75,6.77,Rain,light rain
2026-08-09 04:06:42,Bangalore,Karnataka,12.9716,77.5946,124,124,56,10.9,17.2,2.9,4.6,20.28,89,0.45,Clouds,broken clouds
2026-08-09 04:06:42,Kolkata,West Bengal,22.5726,88.3639,172,172,,,,,,26.96,91,3.01,Clouds,overcast clouds
2026-08-09 04:06:42,Chennai,Tamil Nadu,13.0827,80.2707,46,46,,,,,,26.67,87,0.89,Clouds,overcast clouds
2026-08-09 04:06:42,Hyderabad,Telangana,17.385,78.4867,93,93,,,,,,24.04,85,5.22,Clouds,overcast clouds
2026-08-09 04:06:42,Pune,Maharashtra,18.5204,73.8567,50,5,50,11.6,10.8,15.4,4.7,24.07,42,3.45,Clouds,overcast clouds
2026-08-09 04:06:42,Lucknow,Uttar Pradesh,26.8467,80.9462,128,128,91,10.8,3,3.4,28.4,28.7,77,3.21,Clouds,overcast clouds
2026-08-09 04:06:42,Patna,Bihar,25.5941,85.1376,21,107,,1,0.5,0.6,20.9,28.28,78,5.05,Clouds,overcast clouds
2026-08-09 04:06:42,Ahmedabad,Gujarat,23.0225,72.5714,50,5,50,11.6,10.8,15.4,4.7,28.44,68,4.96,Clouds,overcast clouds
2026-08-09 04:06:42,Jaipur,Rajasthan,26.9124,75.7873,50,5,50,11.6,10.8,15.4,4.7,26.76,83,3.95,Rain,light rain
2026-08-09 04:06:42,Chandigarh,Chandigarh,30.7333,76.7794,97,97,74,4.9,9.7,4,13.2,26.18,80,2.49,Clear,clear sky
2026-08-09 04:06:42,Bhopal,Madhya Pradesh,23.2599,77.4126,124,124,56,10.9,17.2,2.9,4.6,22.99,91,4.76,Clouds,overcast clouds
2026-08-09 04:06:42,Kanpur,Uttar Pradesh,26.4499,80.3319,150,150,86,6.3,9.9,0.4,5.4,28.68,76,2.67,Clouds,overcast clouds
2026-08-09 04:06:42,Guwahati,Assam,26.1445,91.7362,35,13,9,1.9,5.5,3.1,34.6,23.83,97,1.01,Rain,heavy intensity rain
2026-08-09 04:06:42,Itanagar,Arunachal Pradesh,27.0844,93.6053,34,25,10,1.9,7.4,3.6,33.8,23.13,98,1.69,Rain,light rain
2026-08-09 04:06:42,Dispur,Assam,26.1433,91.7898,35,13,9,1.9,5.5,3.1,34.6,24.89,97,1.01,Rain,heavy intensity rain
2026-08-09 04:06:42,Raipur,Chhattisgarh,21.2514,81.6296,113,113,90,3,3.4,0.5,16.8,24.31,94,5.21,Clouds,overcast clouds
2026-08-09 04:06:42,Panaji,Goa,15.4909,73.8278,50,5,50,11.6,10.8,15.4,4.7,26.25,83,3.53,Rain,light rain
2026-08-09 04:06:42,Gandhinagar,Gujarat,23.2156,72.6369,50,5,50,11.6,10.8,15.4,4.7,27.78,73,5.16,Clouds,overcast clouds
2026-08-09 04:06:42,Shimla,Himachal Pradesh,31.1048,77.1734,97,97,74,4.9,9.7,4,13.2,16.56,94,1.27,Clouds,scattered clouds
2026-08-09 04:06:42,Thiruvananthapuram,Kerala,8.5241,76.9366,62,62,,,,,,24,91,3.53,Clouds,overcast clouds
2026-08-09 04:06:42,Imphal,Manipur,24.817,93.9368,20,13,6,5.5,1.9,5.6,19.9,20.88,99,0.5,Clouds,overcast clouds
2026-08-09 04:06:42,Shillong,Meghalaya,25.5788,91.8933,35,13,9,1.9,5.5,3.1,34.6,18.45,97,2.2,Clouds,overcast clouds
2026-08-09 04:06:42,Aizawl,Mizoram,23.7271,92.7176,17,13,17,0.6,0.5,5.8,2.3,19.09,100,0.77,Clouds,overcast clouds
2026-08-09 04:06:42,Kohima,Nagaland,25.6751,94.1086,20,13,6,5.5,1.9,5.6,19.9,18.16,98,0.98,Clouds,overcast clouds
2026-08-09 04:06:42,Gangtok,Sikkim,27.3389,88.6065,69,69,48,0.7,2.5,0.4,4.3,20.18,92,0.83,Rain,light rain
2026-08-09 04:06:42,Agartala,Tripura,23.8315,91.2868,114,114,68,3.5,6.3,2.9,5.8,25.02,97,2.09,Clouds,overcast clouds
2026-08-09 04:06:42,Dehradun,Uttarakhand,30.3165,78.0322,87,87,82,5.5,17.6,3.2,1,23.82,90,1.81,Clouds,scattered clouds
2026-08-09 04:06:42,Port Blair,Andaman and Nicobar Islands,11.6234,92.7265,40,40,,,2.4,0.6,,28.13,82,9.56,Rain,moderate rain
2026-08-09 04:06:42,Daman,Dadra and Nagar Haveli and Daman and Diu,20.3974,72.8328,50,5,50,11.6,10.8,15.4,4.7,27.27,83,5.32,Clouds,overcast clouds
2026-08-09 04:06:42,Srinagar,Jammu and Kashmir,34.0837,74.7973,63,63,48,3.7,3.7,1.1,35,19.47,90,0.18,Rain,moderate rain
2026-08-09 04:06:42,Leh,Ladakh,34.1526,77.5771,30,13,8,1.9,2.3,3.1,29.7,18.14,56,2,Rain,light rain
2026-08-09 04:06:42,Kavaratti,Lakshadweep,10.5669,72.642,50,5,50,11.6,10.8,15.4,4.7,28.04,76,8.81,Clouds,overcast clouds
2026-08-09 04:06:42,Puducherry,Puducherry,11.9416,79.8083,44,44,30,3.4,4.6,3.9,17.7,25.18,75,5.53,Clouds,overcast clouds
2026-08-09 05:05:29,Delhi,Delhi,28.6139,77.209,150,150,85,25.8,7.6,10.8,2,29.34,72,3.14,Clouds,overcast clouds
2026-08-09 05:05:29,Mumbai,Maharashtra,19.076,72.8777,50,5,50,11.6,10.8,15.4,4.7,28.22,76,7.23,Rain,light rain
2026-08-09 05:05:29,Bangalore,Karnataka,12.9716,77.5946,125,125,58,10.9,17,2.9,4.6,20.28,90,5.93,Clouds,broken clouds
2026-08-09 05:05:29,Kolkata,West Bengal,22.5726,88.3639,172,172,,,,,,26.92,91,3.01,Clouds,overcast clouds
2026-08-09 05:05:29,Chennai,Tamil Nadu,13.0827,80.2707,46,46,,,,,,26.44,86,0.45,Clouds,overcast clouds
2026-08-09 05:05:29,Hyderabad,Telangana,17.385,78.4867,93,93,,,,,,23.93,85,5.59,Clouds,overcast clouds
2026-08-09 05:05:29,Pune,Maharashtra,18.5204,73.8567,50,5,50,11.6,10.8,15.4,4.7,24.07,42,3.5,Clouds,overcast clouds
2026-08-09 05:05:29,Lucknow,Uttar Pradesh,26.8467,80.9462,128,128,91,10.8,3,3.4,28.4,28.5,78,4.09,Clouds,overcast clouds
2026-08-09 05:05:29,Patna,Bihar,25.5941,85.1376,21,107,,1,0.5,0.6,20.9,28.11,78,5.02,Clouds,overcast clouds
2026-08-09 05:05:29,Ahmedabad,Gujarat,23.0225,72.5714,50,5,50,11.6,10.8,15.4,4.7,28.28,68,4.96,Clouds,overcast clouds
2026-08-09 05:05:29,Jaipur,Rajasthan,26.9124,75.7873,50,5,50,11.6,10.8,15.4,4.7,26.57,83,3.73,Rain,light rain
2026-08-09 05:05:29,Chandigarh,Chandigarh,30.7333,76.7794,97,97,74,4.9,9.7,4,13.2,25.99,79,2.15,Clear,clear sky
2026-08-09 05:05:29,Bhopal,Madhya Pradesh,23.2599,77.4126,125,125,58,10.9,17,2.9,4.6,22.91,92,4.37,Rain,light rain
2026-08-09 05:05:29,Kanpur,Uttar Pradesh,26.4499,80.3319,150,150,86,6.3,9.9,0.4,5.4,28.48,77,2.86,Clouds,overcast clouds
2026-08-09 05:05:29,Guwahati,Assam,26.1445,91.7362,35,13,9,1.9,5.5,3.1,34.6,24.01,96,1.17,Rain,moderate rain
2026-08-09 05:05:29,Itanagar,Arunachal Pradesh,27.0844,93.6053,33,13,10,1.9,5.5,3.1,32.9,23.56,98,1.31,Rain,moderate rain
2026-08-09 05:05:29,Dispur,Assam,26.1433,91.7898,35,13,9,1.9,5.5,3.1,34.6,25,97,1.15,Rain,moderate rain
2026-08-09 05:05:29,Raipur,Chhattisgarh,21.2514,81.6296,113,113,90,3,3.4,0.5,16.8,24.22,95,4.62,Rain,light rain
2026-08-09 05:05:29,Panaji,Goa,15.4909,73.8278,50,5,50,11.6,10.8,15.4,4.7,26.06,84,3.52,Rain,light rain
2026-08-09 05:05:29,Gandhinagar,Gujarat,23.2156,72.6369,50,5,50,11.6,10.8,15.4,4.7,27.6,72,4.75,Clouds,overcast clouds
2026-08-09 05:05:29,Shimla,Himachal Pradesh,31.1048,77.1734,97,97,74,4.9,9.7,4,13.2,16.43,94,1.34,Clouds,scattered clouds
2026-08-09 05:05:29,Thiruvananthapuram,Kerala,8.5241,76.9366,64,64,,,,,,23.71,92,3.25,Rain,light rain
2026-08-09 05:05:29,Imphal,Manipur,24.817,93.9368,20,13,6,5.5,1.9,5.6,19.9,20.86,99,0.6,Rain,light rain
2026-08-09 05:05:29,Shillong,Meghalaya,25.5788,91.8933,35,13,9,1.9,5.5,3.1,34.6,18.86,97,2.03,Rain,moderate rain
2026-08-09 05:05:29,Aizawl,Mizoram,23.7271,92.7176,17,13,17,0.6,0.5,5.8,2.3,19.12,100,0.54,Clouds,overcast clouds
2026-08-09 05:05:29,Kohima,Nagaland,25.6751,94.1086,20,13,6,5.5,1.9,5.6,19.9,18.3,98,1.33,Rain,light rain
2026-08-09 05:05:29,Gangtok,Sikkim,27.3389,88.6065,69,69,48,0.7,2.5,0.4,4.3,20.32,92,0.98,Clouds,overcast clouds
2026-08-09 05:05:29,Agartala,Tripura,23.8315,91.2868,114,114,68,3.5,6.3,2.9,5.8,25.18,96,2.16,Clouds,overcast clouds
2026-08-09 05:05:29,Dehradun,Uttarakhand,30.3165,78.0322,87,87,82,5.5,17.6,3.2,1,23.65,89,1.59,Clouds,broken clouds
2026-08-09 05:05:29,Port Blair,Andaman and Nicobar Islands,11.6234,92.7265,40,40,,,2.4,0.6,,28.19,82,9.51,Rain,light rain
2026-08-09 05:05:29,Daman,Dadra and Nagar Haveli and Daman and Diu,20.3974,72.8328,45,25,45,11.6,10.1,15.5,4.4,27.25,83,5.72,Rain,light rain
2026-08-09 05:05:29,Srinagar,Jammu and Kashmir,34.0837,74.7973,59,59,40,4.6,6.9,1.1,28.1,19.47,92,0.06,Clouds,broken clouds
2026-08-09 05:05:29,Leh,Ladakh,34.1526,77.5771,30,13,8,1.9,2.3,3.1,29.7,17.99,56,2.12,Rain,light rain
2026-08-09 05:05:29,Kavaratti,Lakshadweep,10.5669,72.642,45,25,45,11.6,10.1,15.5,4.4,28.02,75,8.69,Clouds,broken clouds
2026-08-09 05:05:29,Puducherry,Puducherry,11.9416,79.8083,44,44,30,3.4,4.6,3.9,17.7,25.74,75,5.76,Clouds,overcast clouds
2026-08-09 07:46:16,Delhi,Delhi,28.6139,77.209,82,63,82,17.9,9,10.9,4,29.62,69,4.14,Clouds,broken clouds
2026-08-09 07:46:16,Mumbai,Maharashtra,19.076,72.8777,102,102,53,12.7,10.5,16,4.2,28.37,75,7.42,Rain,light rain
2026-08-09 07:46:16,Bangalore,Karnataka,12.9716,77.5946,74,74,56,8.4,10.8,2.7,4.9,20.83,89,0.45,Clouds,broken clouds
2026-08-09 07:46:16,Kolkata,West Bengal,22.5726,88.3639,172,172,,,,,,29.22,80,4.48,Clouds,overcast clouds
2026-08-09 07:46:16,Chennai,Tamil Nadu,13.0827,80.2707,46,46,,,,,,28.79,78,0.89,Clouds,overcast clouds
2026-08-09 07:46:16,Hyderabad,Telangana,17.385,78.4867,93,93,,,,,,24.03,83,5.79,Clouds,overcast clouds
2026-08-09 07:46:16,Pune,Maharashtra,18.5204,73.8567,102,102,53,12.7,10.5,16,4.2,24.63,40,3.18,Clouds,overcast clouds
2026-08-09 07:46:16,Lucknow,Uttar Pradesh,26.8467,80.9462,128,128,91,10.8,3,3.4,28.4,30.08,70,5.33,Rain,light rain
2026-08-09 07:46:16,Patna,Bihar,25.5941,85.1376,21,107,,1,0.5,0.6,20.9,29.43,72,5.2,Clouds,overcast clouds
2026-08-09 07:46:16,Ahmedabad,Gujarat,23.0225,72.5714,102,102,53,12.7,10.5,16,4.2,28.28,67,4.82,Clouds,overcast clouds
2026-08-09 07:46:16,Jaipur,Rajasthan,26.9124,75.7873,102,102,53,12.7,10.5,16,4.2,26.81,80,3.99,Clouds,overcast clouds
2026-08-09 07:46:16,Chandigarh,Chandigarh,30.7333,76.7794,117,117,78,4.1,7.8,3.8,6,28.1,73,1.58,Clouds,scattered clouds
2026-08-09 07:46:16,Bhopal,Madhya Pradesh,23.2599,77.4126,74,74,56,8.4,10.8,2.7,4.9,23.93,89,4.55,Rain,light rain
2026-08-09 07:46:16,Kanpur,Uttar Pradesh,26.4499,80.3319,150,150,86,6.3,9.9,0.4,5.4,30.1,70,2.44,Rain,light rain
2026-08-09 07:46:16,Guwahati,Assam,26.1445,91.7362,25,25,17,2.8,28.4,6.6,12.2,26.89,86,0.97,Rain,moderate rain
2026-08-09 07:46:16,Itanagar,Arunachal Pradesh,27.0844,93.6053,46,46,10,1.9,7.4,7.1,27.7,25.58,94,0.7,Clouds,broken clouds
2026-08-09 07:46:16,Dispur,Assam,26.1433,91.7898,25,25,17,2.8,28.4,6.6,12.2,27.87,87,0.84,Rain,moderate rain
2026-08-09 07:46:16,Raipur,Chhattisgarh,21.2514,81.6296,113,113,90,3,3.4,0.5,16.8,24.42,94,3.68,Clouds,overcast clouds
2026-08-09 07:46:16,Panaji,Goa,15.4909,73.8278,102,102,53,12.7,10.5,16,4.2,26.58,82,0.82,Rain,light rain
2026-08-09 07:46:16,Gandhinagar,Gujarat,23.2156,72.6369,102,102,53,12.7,10.5,16,4.2,27.49,73,4.51,Clouds,overcast clouds
2026-08-09 07:46:16,Shimla,Himachal Pradesh,31.1048,77.1734,117,117,78,4.1,7.8,3.8,6,18.66,88,0.85,Clouds,broken clouds
2026-08-09 07:46:16,Thiruvananthapuram,Kerala,8.5241,76.9366,60,60,,,,,,24.86,91,2.74,Clouds,overcast clouds
2026-08-09 07:46:16,Imphal,Manipur,24.817,93.9368,17,13,6,6.4,4.6,5.6,16.7,21.19,99,0.69,Rain,moderate rain
2026-08-09 07:46:16,Shillong,Meghalaya,25.5788,91.8933,25,25,17,2.8,28.4,6.6,12.2,20.68,92,1.22,Rain,light rain
2026-08-09 07:46:16,Aizawl,Mizoram,23.7271,92.7176,17,13,17,0.6,0.5,5.8,2.3,19.39,100,0.53,Clouds,overcast clouds
2026-08-09 07:46:16,Kohima,Nagaland,25.6751,94.1086,17,13,6,6.4,4.6,5.6,16.7,19.28,99,1.09,Rain,light rain
2026-08-09 07:46:16,Gangtok,Sikkim,27.3389,88.6065,69,69,48,0.7,2.5,0.4,4.3,22.6,88,0.91,Clouds,overcast clouds
2026-08-09 07:46:16,Agartala,Tripura,23.8315,91.2868,114,114,68,3.5,6.3,2.9,5.8,27.6,86,2.64,Clouds,overcast clouds
2026-08-09 07:46:16,Dehradun,Uttarakhand,30.3165,78.0322,105,105,85,5.3,11.8,3.5,1,26.19,84,0.74,Clouds,few clouds
2026-08-09 07:46:16,Port Blair,Andaman and Nicobar Islands,11.6234,92.7265,38,38,,,1.8,0.6,,28.66,80,9.4,Rain,light rain
2026-08-09 07:46:16,Daman,Dadra and Nagar Haveli and Daman and Diu,20.3974,72.8328,102,102,53,12.7,10.5,16,4.2,27.29,84,5.69,Clouds,overcast clouds
2026-08-09 07:46:16,Srinagar,Jammu and Kashmir,34.0837,74.7973,74,74,47,4.6,6.4,0.6,22.4,21.7,82,0.66,Clouds,broken clouds
2026-08-09 07:46:16,Leh,Ladakh,34.1526,77.5771,22,13,17,1.9,9.2,3.1,21.6,17.62,56,1.89,Clouds,broken clouds
2026-08-09 07:46:16,Kavaratti,Lakshadweep,10.5669,72.642,102,102,53,12.7,10.5,16,4.2,27.7,76,7.95,Rain,light rain
2026-08-09 07:46:16,Puducherry,Puducherry,11.9416,79.8083,44,44,30,3.4,4.6,3.9,17.7,27.96,76,5.44,Clouds,overcast clouds
2026-08-09 09:30:59,Delhi,Delhi,28.6139,77.209,129,129,73,15,8.5,11.4,3.3,32.18,59,4.08,Clouds,scattered clouds
2026-08-09 09:30:59,Mumbai,Maharashtra,19.076,72.8777,177,177,81,9.1,11.7,17,5.4,28.89,74,7.34,Clouds,overcast clouds
2026-08-09 09:30:59,Bangalore,Karnataka,12.9716,77.5946,73,73,37,6.1,4.4,2.4,6,24.59,80,0.45,Clouds,broken clouds
2026-08-09 09:30:59,Kolkata,West Bengal,22.5726,88.3639,172,172,,,,,,31.74,68,4.62,Rain,light rain
2026-08-09 09:30:59,Chennai,Tamil Nadu,13.0827,80.2707,46,46,,,,,,32.28,67,1.34,Clouds,overcast clouds
2026-08-09 09:30:59,Hyderabad,Telangana,17.385,78.4867,93,93,,,,,,26.1,71,7.02,Clouds,overcast clouds
2026-08-09 09:30:59,Pune,Maharashtra,18.5204,73.8567,177,177,81,9.1,11.7,17,5.4,26.3,38,5.49,Clouds,broken clouds
2026-08-09 09:30:59,Lucknow,Uttar Pradesh,26.8467,80.9462,128,128,91,10.8,3,3.4,28.4,32.24,61,5.44,Clouds,overcast clouds
2026-08-09 09:30:59,Patna,Bihar,25.5941,85.1376,21,107,,1,0.5,0.6,20.9,32.46,58,4.86,Rain,light rain
2026-08-09 09:30:59,Ahmedabad,Gujarat,23.0225,72.5714,177,177,81,9.1,11.7,17,5.4,30.19,58,5.49,Clouds,overcast clouds
2026-08-09 09:30:59,Jaipur,Rajasthan,26.9124,75.7873,177,177,81,9.1,11.7,17,5.4,28.7,69,4.78,Rain,light rain
2026-08-09 09:30:59,Chandigarh,Chandigarh,30.7333,76.7794,89,89,74,3,8.1,3.6,6.7,31.24,62,2.86,Clouds,few clouds
2026-08-09 09:30:59,Bhopal,Madhya Pradesh,23.2599,77.4126,73,73,37,6.1,4.4,2.4,6,26.55,78,5.66,Clouds,overcast clouds
2026-08-09 09:30:59,Kanpur,Uttar Pradesh,26.4499,80.3319,150,150,86,6.3,9.9,0.4,5.4,32.62,59,3.7,Clouds,broken clouds
2026-08-09 09:30:59,Guwahati,Assam,26.1445,91.7362,30,13,21,2.8,11.5,5.1,29.7,28.79,81,1.51,Rain,moderate rain
2026-08-09 09:30:59,Itanagar,Arunachal Pradesh,27.0844,93.6053,33,30,18,2.8,8.7,5.1,32.5,28.9,79,1.58,Rain,moderate rain
2026-08-09 09:30:59,Dispur,Assam,26.1433,91.7898,30,13,21,2.8,11.5,5.1,29.7,29.69,83,1.03,Rain,moderate rain
2026-08-09 09:30:59,Raipur,Chhattisgarh,21.2514,81.6296,113,113,90,3,3.4,0.5,16.8,25.19,89,4.51,Clouds,overcast clouds
2026-08-09 09:30:59,Panaji,Goa,15.4909,73.8278,177,177,81,9.1,11.7,17,5.4,27.88,76,4.58,Rain,light rain
2026-08-09 09:30:59,Gandhinagar,Gujarat,23.2156,72.6369,177,177,81,9.1,11.7,17,5.4,28.89,65,5.32,Clouds,overcast clouds
2026-08-09 09:30:59,Shimla,Himachal Pradesh,31.1048,77.1734,89,89,74,3,8.1,3.6,6.7,20.96,79,2.01,Clouds,scattered clouds
2026-08-09 09:30:59,Thiruvananthapuram,Kerala,8.5241,76.9366,80,80,,,,,,27.25,80,4,Clouds,overcast clouds
2026-08-09 09:30:59,Imphal,Manipur,24.817,93.9368,19,13,9,6.4,3.7,7.1,18.7,22.92,95,1.09,Rain,light rain
2026-08-09 09:30:59,Shillong,Meghalaya,25.5788,91.8933,30,13,21,2.8,11.5,5.1,29.7,21.98,87,1.25,Rain,light rain
2026-08-09 09:30:59,Aizawl,Mizoram,23.7271,92.7176,17,13,17,0.6,0.5,5.8,2.3,19.85,100,0.47,Rain,light rain
2026-08-09 09:30:59,Kohima,Nagaland,25.6751,94.1086,19,13,9,6.4,3.7,7.1,18.7,20.8,95,0.49,Rain,moderate rain
2026-08-09 09:30:59,Gangtok,Sikkim,27.3389,88.6065,69,69,48,0.7,2.5,0.4,4.3,24.93,84,2.07,Rain,light rain
2026-08-09 09:30:59,Agartala,Tripura,23.8315,91.2868,114,114,68,3.5,6.3,2.9,5.8,29.72,77,2.63,Rain,light rain
2026-08-09 09:30:59,Dehradun,Uttarakhand,30.3165,78.0322,100,100,92,4.7,12.7,3.2,3.1,28.27,77,0.95,Rain,light rain
2026-08-09 09:30:59,Port Blair,Andaman and Nicobar Islands,11.6234,92.7265,37,37,,,1.2,0.6,,28.91,79,9.78,Rain,light rain
2026-08-09 09:30:59,Daman,Dadra and Nagar Haveli and Daman and Diu,20.3974,72.8328,177,177,81,9.1,11.7,17,5.4,27.79,82,5.17,Rain,light rain
2026-08-09 09:30:59,Srinagar,Jammu and Kashmir,34.0837,74.7973,76,76,71,6.4,15.6,1.1,17.9,23.92,74,0.27,Clouds,scattered clouds
2026-08-09 09:30:59,Leh,Ladakh,34.1526,77.5771,29,13,9,1.9,3.2,3.1,29.3,19.24,48,2.7,Clouds,broken clouds
2026-08-09 09:30:59,Kavaratti,Lakshadweep,10.5669,72.642,177,177,81,9.1,11.7,17,5.4,27.83,75,7.96,Rain,light rain
2026-08-09 09:30:59,Puducherry,Puducherry,11.9416,79.8083,44,44,30,3.4,4.6,3.9,17.7,31.29,62,6.53,Clouds,overcast clouds
2026-08-09 11:00:10,Delhi,Delhi,28.6139,77.209,74,74,62,14.7,6.3,12,7.2,33.52,53,3.96,Clouds,scattered clouds
2026-08-09 11:00:10,Mumbai,Maharashtra,19.076,72.8777,99,99,58,5.7,5.4,17.1,4.9,29.24,72,6.29,Rain,light rain
2026-08-09 11:00:10,Bangalore,Karnataka,12.9716,77.5946,37,37,25,6.1,2.9,2.3,6.6,26.34,74,1.34,Clouds,broken clouds
2026-08-09 11:00:10,Kolkata,West Bengal,22.5726,88.3639,172,172,,,,,,32.96,64,4.69,Rain,light rain
2026-08-09 11:00:10,Chennai,Tamil Nadu,13.0827,80.2707,46,46,,,,,,32.85,63,1.34,Clouds,overcast clouds
2026-08-09 11:00:10,Hyderabad,Telangana,17.385,78.4867,93,93,,,,,,29.05,58,7.65,Clouds,overcast clouds
2026-08-09 11:00:10,Pune,Maharashtra,18.5204,73.8567,99,99,58,5.7,5.4,17.1,4.9,27.41,37,6.31,Clouds,broken clouds
2026-08-09 11:00:10,Lucknow,Uttar Pradesh,26.8467,80.9462,128,128,91,10.8,3,3.4,28.4,33.51,56,5.44,Clouds,overcast clouds
2026-08-09 11:00:10,Patna,Bihar,25.5941,85.1376,21,107,,1,0.5,0.6,20.9,35.05,48,5.19,Clouds,overcast clouds
2026-08-09 11:00:10,Ahmedabad,Gujarat,23.0225,72.5714,99,99,58,5.7,5.4,17.1,4.9,32.86,47,4.38,Clouds,overcast clouds
2026-08-09 11:00:10,Jaipur,Rajasthan,26.9124,75.7873,99,99,58,5.7,5.4,17.1,4.9,31.87,56,4.56,Clouds,broken clouds
2026-08-09 11:00:10,Chandigarh,Chandigarh,30.7333,76.7794,107,107,37,3.4,8.4,2.8,13.7,32.23,59,3.09,Clouds,few clouds
2026-08-09 11:00:10,Bhopal,Madhya Pradesh,23.2599,77.4126,37,37,25,6.1,2.9,2.3,6.6,28.75,70,5.71,Clouds,broken clouds
2026-08-09 11:00:10,Kanpur,Uttar Pradesh,26.4499,80.3319,150,150,86,6.3,9.9,0.4,5.4,34.68,52,4.05,Clouds,broken clouds
2026-08-09 11:00:10,Guwahati,Assam,26.1445,91.7362,43,13,20,1.9,5.5,3.1,43.1,29.29,79,1.09,Rain,moderate rain
2026-08-09 11:00:10,Itanagar,Arunachal Pradesh,27.0844,93.6053,41,25,13,1.9,6.4,4.1,41.1,31.01,67,2.41,Rain,light rain
2026-08-09 11:00:10,Dispur,Assam,26.1433,91.7898,43,13,20,1.9,5.5,3.1,43.1,28.59,88,0.45,Rain,moderate rain
2026-08-09 11:00:10,Raipur,Chhattisgarh,21.2514,81.6296,113,113,90,3,3.4,0.5,16.8,25.98,85,3.96,Clouds,overcast clouds
2026-08-09 11:00:10,Panaji,Goa,15.4909,73.8278,99,99,58,5.7,5.4,17.1,4.9,28.03,75,6.35,Rain,light rain
2026-08-09 11:00:10,Gandhinagar,Gujarat,23.2156,72.6369,99,99,58,5.7,5.4,17.1,4.9,32.29,52,4.81,Clouds,overcast clouds
2026-08-09 11:00:10,Shimla,Himachal Pradesh,31.1048,77.1734,107,107,37,3.4,8.4,2.8,13.7,22.16,76,2.48,Rain,light rain
2026-08-09 11:00:10,Thiruvananthapuram,Kerala,8.5241,76.9366,40,40,,,,,,28.61,71,4.97,Clouds,overcast clouds
2026-08-09 11:00:10,Imphal,Manipur,24.817,93.9368,38,38,9,6.4,2.8,6.6,23.6,24.42,88,1.67,Rain,light rain
2026-08-09 11:00:10,Shillong,Meghalaya,25.5788,91.8933,43,13,20,1.9,5.5,3.1,43.1,22.26,87,1.14,Rain,moderate rain
2026-08-09 11:00:10,Aizawl,Mizoram,23.7271,92.7176,17,13,17,0.6,0.5,5.8,2.3,20.6,98,0.29,Rain,moderate rain
2026-08-09 11:00:10,Kohima,Nagaland,25.6751,94.1086,38,38,9,6.4,2.8,6.6,23.6,21.21,94,1.19,Rain,moderate rain
2026-08-09 11:00:10,Gangtok,Sikkim,27.3389,88.6065,69,69,48,0.7,2.5,0.4,4.3,24.52,87,1.87,Rain,light rain
2026-08-09 11:00:10,Agartala,Tripura,23.8315,91.2868,114,114,68,3.5,6.3,2.9,5.8,30.6,75,2.63,Clouds,overcast clouds
2026-08-09 11:00:10,Dehradun,Uttarakhand,30.3165,78.0322,81,38,81,4.6,13.3,3.3,4,28.93,74,2.04,Rain,light rain
2026-08-09 11:00:10,Port Blair,Andaman and Nicobar Islands,11.6234,92.7265,26,26,,,1.2,0.6,,28.85,79,10.28,Clouds,overcast clouds
2026-08-09 11:00:10,Daman,Dadra and Nagar Haveli and Daman and Diu,20.3974,72.8328,99,99,58,5.7,5.4,17.1,4.9,28.79,76,6.4,Rain,light rain
2026-08-09 11:00:10,Srinagar,Jammu and Kashmir,34.0837,74.7973,91,91,79,6.4,15.1,1.6,26.9,26.7,63,0.86,Clouds,few clouds
2026-08-09 11:00:10,Leh,Ladakh,34.1526,77.5771,35,13,7,1.9,1.9,3.1,34.6,21.41,41,3.09,Clouds,broken clouds
2026-08-09 11:00:10,Kavaratti,Lakshadweep,10.5669,72.642,99,99,58,5.7,5.4,17.1,4.9,27.97,75,8.37,Clouds,broken clouds
2026-08-09 11:00:10,Puducherry,Puducherry,11.9416,79.8083,44,44,30,3.4,4.6,3.9,17.7,34.07,57,6.1,Clouds,overcast clouds
2026-08-09 11:55:18,Delhi,Delhi,28.6139,77.209,74,74,38,13,5.5,11.3,7,34.71,48,3.56,Clouds,few clouds
2026-08-09 11:55:18,Mumbai,Maharashtra,19.076,72.8777,72,72,50,5.5,4.4,16.8,6.6,29.25,75,7.15,Rain,light rain
2026-08-09 11:55:18,Bangalore,Karnataka,12.9716,77.5946,73,73,34,5.5,2.5,2.3,7.3,26.6,74,0.89,Clouds,overcast clouds
2026-08-09 11:55:18,Kolkata,West Bengal,22.5726,88.3639,172,172,,,,,,33.22,65,4.35,Rain,light rain
2026-08-09 11:55:18,Chennai,Tamil Nadu,13.0827,80.2707,46,46,,,,,,34.39,60,1.79,Clouds,overcast clouds
2026-08-09 11:55:18,Hyderabad,Telangana,17.385,78.4867,93,93,,,,,,29.05,58,7.79,Rain,light rain
2026-08-09 11:55:18,Pune,Maharashtra,18.5204,73.8567,72,72,50,5.5,4.4,16.8,6.6,27.96,36,6.77,Clouds,broken clouds
2026-08-09 11:55:18,Lucknow,Uttar Pradesh,26.8467,80.9462,128,128,91,10.8,3,3.4,28.4,34.39,53,5.7,Clouds,overcast clouds
2026-08-09 11:55:18,Patna,Bihar,25.5941,85.1376,21,107,,1,0.5,0.6,20.9,35.1,47,4.99,Clouds,overcast clouds
2026-08-09 11:55:18,Ahmedabad,Gujarat,23.0225,72.5714,72,72,50,5.5,4.4,16.8,6.6,32.08,51,3.9,Clouds,overcast clouds
2026-08-09 11:55:18,Jaipur,Rajasthan,26.9124,75.7873,72,72,50,5.5,4.4,16.8,6.6,31.19,60,0.26,Rain,moderate rain
2026-08-09 11:55:18,Chandigarh,Chandigarh,30.7333,76.7794,34,34,21,3.7,8.4,3.3,14.9,33.01,57,3.49,Clouds,scattered clouds
2026-08-09 11:55:18,Bhopal,Madhya Pradesh,23.2599,77.4126,73,73,34,5.5,2.5,2.3,7.3,29.02,69,6.46,Rain,light rain
2026-08-09 11:55:18,Kanpur,Uttar Pradesh,26.4499,80.3319,150,150,86,6.3,9.9,0.4,5.4,34.45,53,4.77,Clouds,broken clouds
2026-08-09 11:55:18,Guwahati,Assam,26.1445,91.7362,51,13,17,1.9,3.7,2.6,50.6,27.05,90,1.52,Rain,moderate rain
2026-08-09 11:55:18,Itanagar,Arunachal Pradesh,27.0844,93.6053,48,13,15,2.8,5.5,3.6,48.4,31,64,2.28,Clouds,overcast clouds
2026-08-09 11:55:18,Dispur,Assam,26.1433,91.7898,51,13,17,1.9,3.7,2.6,50.6,27.92,91,1.49,Rain,moderate rain
2026-08-09 11:55:18,Raipur,Chhattisgarh,21.2514,81.6296,113,113,90,3,3.4,0.5,16.8,25.98,85,5.46,Clouds,overcast clouds
2026-08-09 11:55:18,Panaji,Goa,15.4909,73.8278,72,72,50,5.5,4.4,16.8,6.6,27.92,76,6.49,Rain,light rain
2026-08-09 11:55:18,Gandhinagar,Gujarat,23.2156,72.6369,72,72,50,5.5,4.4,16.8,6.6,30.88,58,4.36,Clouds,overcast clouds
2026-08-09 11:55:18,Shimla,Himachal Pradesh,31.1048,77.1734,34,34,21,3.7,8.4,3.3,14.9,20.84,76,2.51,Rain,light rain
2026-08-09 11:55:18,Thiruvananthapuram,Kerala,8.5241,76.9366,40,40,,,,,,29.19,72,5.2,Clouds,overcast clouds
2026-08-09 11:55:18,Imphal,Manipur,24.817,93.9368,30,30,7,5.5,2.8,6.6,28.5,25.09,88,0.68,Rain,light rain
2026-08-09 11:55:18,Shillong,Meghalaya,25.5788,91.8933,51,13,17,1.9,3.7,2.6,50.6,22.52,88,0.41,Rain,moderate rain
2026-08-09 11:55:18,Aizawl,Mizoram,23.7271,92.7176,17,13,17,0.6,0.5,5.8,2.3,26.76,65,0.41,Clouds,overcast clouds
2026-08-09 11:55:18,Kohima,Nagaland,25.6751,94.1086,30,30,7,5.5,2.8,6.6,28.5,18.74,100,1.35,Rain,moderate rain
2026-08-09 11:55:18,Gangtok,Sikkim,27.3389,88.6065,69,69,48,0.7,2.5,0.4,4.3,23.95,91,1.56,Rain,light rain
2026-08-09 11:55:18,Agartala,Tripura,23.8315,91.2868,114,114,68,3.5,6.3,2.9,5.8,30.57,75,2.56,Clouds,overcast clouds
2026-08-09 11:55:18,Dehradun,Uttarakhand,30.3165,78.0322,101,101,84,3.7,13,3.2,4.1,29.72,68,2.06,Rain,light rain
2026-08-09 11:55:18,Port Blair,Andaman and Nicobar Islands,11.6234,92.7265,26,26,,,1.2,0.6,,28.93,79,10.11,Rain,moderate rain
2026-08-09 11:55:18,Daman,Dadra and Nagar Haveli and Daman and Diu,20.3974,72.8328,72,72,50,5.5,4.4,16.8,6.6,28.51,78,6.85,Rain,light rain
2026-08-09 11:55:18,Srinagar,Jammu and Kashmir,34.0837,74.7973,85,85,85,3.7,7.4,1.1,41.5,27.81,61,1.2,Clouds,few clouds
2026-08-09 11:55:18,Leh,Ladakh,34.1526,77.5771,37,13,6,1.9,1.9,3.1,37,21.3,42,2.9,Clouds,broken clouds
2026-08-09 11:55:18,Kavaratti,Lakshadweep,10.5669,72.642,72,72,50,5.5,4.4,16.8,6.6,28.06,75,8.45,Clouds,overcast clouds
2026-08-09 11:55:18,Puducherry,Puducherry,11.9416,79.8083,44,44,30,3.4,4.6,3.9,17.7,34.62,54,4.86,Clouds,overcast clouds
2026-08-09 13:05:57,Delhi,Delhi,28.6139,77.209,76,76,40,13.1,4.6,10.9,7.8,36.61,41,3.18,Clouds,scattered clouds
2026-08-09 13:05:57,Mumbai,Maharashtra,19.076,72.8777,49,13,49,4.8,5.1,15.8,5.2,29.4,74,7.88,Rain,light rain
2026-08-09 13:05:57,Bangalore,Karnataka,12.9716,77.5946,78,78,17,5.8,1.2,1.9,8.2,27.47,71,5.82,Clouds,overcast clouds
2026-08-09 13:05:57,Kolkata,West Bengal,22.5726,88.3639,172,172,,,,,,31.58,63,5.18,Rain,moderate rain
2026-08-09 13:05:57,Chennai,Tamil Nadu,13.0827,80.2707,46,46,,,,,,36.18,55,0.89,Clouds,overcast clouds
2026-08-09 13:05:57,Hyderabad,Telangana,17.385,78.4867,93,93,,,,,,30.21,54,7.49,Rain,light rain
2026-08-09 13:05:57,Pune,Maharashtra,18.5204,73.8567,49,13,49,4.8,5.1,15.8,5.2,27.96,37,6.64,Clouds,broken clouds
2026-08-09 13:05:57,Lucknow,Uttar Pradesh,26.8467,80.9462,128,128,91,10.8,3,3.4,28.4,33.79,55,6.43,Clouds,overcast clouds
2026-08-09 13:05:57,Patna,Bihar,25.5941,85.1376,21,107,,1,0.5,0.6,20.9,35.54,44,5.15,Clouds,overcast clouds
2026-08-09 13:05:57,Ahmedabad,Gujarat,23.0225,72.5714,49,13,49,4.8,5.1,15.8,5.2,34.5,43,4.77,Clouds,broken clouds
2026-08-09 13:05:57,Jaipur,Rajasthan,26.9124,75.7873,49,13,49,4.8,5.1,15.8,5.2,32.74,56,1.16,Clouds,scattered clouds
2026-08-09 13:05:57,Chandigarh,Chandigarh,30.7333,76.7794,78,78,55,3.7,8.6,3.2,15.7,34.42,51,3.74,Rain,light rain
2026-08-09 13:05:57,Bhopal,Madhya Pradesh,23.2599,77.4126,78,78,17,5.8,1.2,1.9,8.2,29.65,67,6.15,Rain,light rain
2026-08-09 13:05:57,Kanpur,Uttar Pradesh,26.4499,80.3319,150,150,86,6.3,9.9,0.4,5.4,33.74,55,3.9,Clouds,overcast clouds
2026-08-09 13:05:57,Guwahati,Assam,26.1445,91.7362,54,13,12,1.9,3.7,2.6,53.9,25.46,95,1.38,Rain,light rain
2026-08-09 13:05:57,Itanagar,Arunachal Pradesh,27.0844,93.6053,56,13,11,1.9,3.7,3.1,55.8,31.23,62,2.71,Clear,clear sky
2026-08-09 13:05:57,Dispur,Assam,26.1433,91.7898,54,13,12,1.9,3.7,2.6,53.9,26.46,95,1.05,Rain,light rain
2026-08-09 13:05:57,Raipur,Chhattisgarh,21.2514,81.6296,113,113,90,3,3.4,0.5,16.8,27.99,76,5.47,Rain,light rain
2026-08-09 13:05:57,Panaji,Goa,15.4909,73.8278,49,13,49,4.8,5.1,15.8,5.2,27.73,76,6.92,Rain,light rain
2026-08-09 13:05:57,Gandhinagar,Gujarat,23.2156,72.6369,49,13,49,4.8,5.1,15.8,5.2,34.06,46,4.15,Clouds,scattered clouds
2026-08-09 13:05:57,Shimla,Himachal Pradesh,31.1048,77.1734,78,78,55,3.7,8.6,3.2,15.7,21.34,82,2.27,Rain,moderate rain
2026-08-09 13:05:57,Thiruvananthapuram,Kerala,8.5241,76.9366,23,23,,,,,,29.47,68,6.26,Clouds,overcast clouds
2026-08-09 13:05:57,Imphal,Manipur,24.817,93.9368,38,38,7,5.5,2.3,7.1,30.5,24.3,90,1.18,Rain,moderate rain
2026-08-09 13:05:57,Shillong,Meghalaya,25.5788,91.8933,54,13,12,1.9,3.7,2.6,53.9,20.8,95,0.81,Clouds,overcast clouds
2026-08-09 13:05:57,Aizawl,Mizoram,23.7271,92.7176,17,13,17,0.6,0.5,5.8,2.3,25.18,77,1.2,Rain,light rain
2026-08-09 13:05:57,Kohima,Nagaland,25.6751,94.1086,38,38,7,5.5,2.3,7.1,30.5,21.53,85,0.99,Rain,light rain
2026-08-09 13:05:57,Gangtok,Sikkim,27.3389,88.6065,69,69,48,0.7,2.5,0.4,4.3,24.54,89,1.68,Rain,light rain
2026-08-09 13:05:57,Agartala,Tripura,23.8315,91.2868,114,114,68,3.5,6.3,2.9,5.8,31.17,74,2.83,Clouds,broken clouds
2026-08-09 13:05:57,Dehradun,Uttarakhand,30.3165,78.0322,77,65,77,3.2,14.1,3.4,5.6,29.61,73,1.39,Rain,moderate rain
2026-08-09 13:05:57,Port Blair,Andaman and Nicobar Islands,11.6234,92.7265,26,26,,,1.2,0.6,,28.61,79,9.78,Rain,moderate rain
2026-08-09 13:05:57,Daman,Dadra and Nagar Haveli and Daman and Diu,20.3974,72.8328,49,13,49,4.8,5.1,15.8,5.2,28.68,77,6.73,Rain,light rain
2026-08-09 13:05:57,Srinagar,Jammu and Kashmir,34.0837,74.7973,85,167,85,3.7,1.9,0.6,47.2,28.92,56,0.45,Clouds,few clouds
2026-08-09 13:05:57,Leh,Ladakh,34.1526,77.5771,36,13,7,1.9,5.5,3.1,35.8,23.02,34,2.14,Clouds,broken clouds
2026-08-09 13:05:57,Kavaratti,Lakshadweep,10.5669,72.642,49,13,49,4.8,5.1,15.8,5.2,28.07,74,8.54,Rain,light rain
2026-08-09 13:05:57,Puducherry,Puducherry,11.9416,79.8083,44,44,30,3.4,4.6,3.9,17.7,35.18,50,3.06,Clouds,overcast clouds
2026-08-09 14:23:01,Delhi,Delhi,28.6139,77.209,76,76,52,13.6,4.2,11.1,10.3,37.07,40,3.98,Clouds,scattered clouds
2026-08-09 14:23:01,Mumbai,Maharashtra,19.076,72.8777,76,76,50,4.6,5,15.5,5,29.34,73,7.56,Rain,light rain
2026-08-09 14:23:01,Bangalore,Karnataka,12.9716,77.5946,68,68,23,5.5,1.4,2.1,8.8,27.42,71,0.89,Clouds,overcast clouds
2026-08-09 14:23:01,Kolkata,West Bengal,22.5726,88.3639,172,172,,,,,,31.68,100,4.67,Rain,moderate rain
2026-08-09 14:23:01,Chennai,Tamil Nadu,13.0827,80.2707,46,46,,,,,,36.57,57,0.89,Clouds,overcast clouds
2026-08-09 14:23:01,Hyderabad,Telangana,17.385,78.4867,93,93,,,,,,30.1,55,7.01,Clouds,overcast clouds
2026-08-09 14:23:01,Pune,Maharashtra,18.5204,73.8567,76,76,50,4.6,5,15.5,5,27.96,34,6.42,Clouds,broken clouds
2026-08-09 14:23:01,Lucknow,Uttar Pradesh,26.8467,80.9462,128,128,91,10.8,3,3.4,28.4,33.3,56,5.25,Clouds,overcast clouds
2026-08-09 14:23:01,Patna,Bihar,25.5941,85.1376,21,107,,1,0.5,0.6,20.9,35.93,43,4.98,Clouds,overcast clouds
2026-08-09 14:23:01,Ahmedabad,Gujarat,23.0225,72.5714,76,76,50,4.6,5,15.5,5,33.19,49,5.99,Clouds,broken clouds
2026-08-09 14:23:01,Jaipur,Rajasthan,26.9124,75.7873,76,76,50,4.6,5,15.5,5,33.25,54,1.39,Rain,light rain
2026-08-09 14:23:01,Chandigarh,Chandigarh,30.7333,76.7794,61,61,50,3.4,6.5,3.5,9.5,34.65,50,3.72,Rain,light rain
2026-08-09 14:23:01,Bhopal,Madhya Pradesh,23.2599,77.4126,68,68,23,5.5,1.4,2.1,8.8,29.32,68,5.69,Clouds,overcast clouds
2026-08-09 14:23:01,Kanpur,Uttar Pradesh,26.4499,80.3319,150,150,86,6.3,9.9,0.4,5.4,33.69,55,3.79,Clouds,overcast clouds
2026-08-09 14:23:01,Guwahati,Assam,26.1445,91.7362,55,13,8,1.9,3.7,3.1,55.2,25.67,93,1.04,Clouds,overcast clouds
2026-08-09 14:23:01,Itanagar,Arunachal Pradesh,27.0844,93.6053,59,25,9,1.9,3.7,3.1,59.1,30.8,63,2.35,Clear,clear sky
2026-08-09 14:23:01,Dispur,Assam,26.1433,91.7898,55,13,8,1.9,3.7,3.1,55.2,26.87,92,0.97,Clouds,overcast clouds
2026-08-09 14:23:01,Raipur,Chhattisgarh,21.2514,81.6296,113,113,90,3,3.4,0.5,16.8,28.8,73,5.38,Rain,light rain
2026-08-09 14:23:01,Panaji,Goa,15.4909,73.8278,76,76,50,4.6,5,15.5,5,27.83,76,6.83,Rain,light rain
2026-08-09 14:23:01,Gandhinagar,Gujarat,23.2156,72.6369,76,76,50,4.6,5,15.5,5,33.6,49,6,Clouds,broken clouds
2026-08-09 14:23:01,Shimla,Himachal Pradesh,31.1048,77.1734,61,61,50,3.4,6.5,3.5,9.5,21.5,83,2.34,Rain,moderate rain
2026-08-09 14:23:01,Thiruvananthapuram,Kerala,8.5241,76.9366,45,45,,,,,,28.78,70,6.67,Clouds,overcast clouds
2026-08-09 14:23:01,Imphal,Manipur,24.817,93.9368,38,34,7,5.5,2.3,7.6,37.8,24.3,90,1.51,Rain,light rain
2026-08-09 14:23:01,Shillong,Meghalaya,25.5788,91.8933,55,13,8,1.9,3.7,3.1,55.2,20.44,97,1.49,Rain,moderate rain
2026-08-09 14:23:01,Aizawl,Mizoram,23.7271,92.7176,17,13,17,0.6,0.5,5.8,2.3,23.02,96,1.2,Rain,moderate rain
2026-08-09 14:23:01,Kohima,Nagaland,25.6751,94.1086,38,34,7,5.5,2.3,7.6,37.8,24.17,71,0.68,Clouds,overcast clouds
2026-08-09 14:23:01,Gangtok,Sikkim,27.3389,88.6065,69,69,48,0.7,2.5,0.4,4.3,24.16,90,1.65,Rain,moderate rain
2026-08-09 14:23:01,Agartala,Tripura,23.8315,91.2868,114,114,68,3.5,6.3,2.9,5.8,31.16,74,3.38,Rain,moderate rain
2026-08-09 14:23:01,Dehradun,Uttarakhand,30.3165,78.0322,82,82,81,3.7,11.7,3.5,5.6,29.6,74,0.98,Rain,light rain
2026-08-09 14:23:01,Port Blair,Andaman and Nicobar Islands,11.6234,92.7265,23,23,,,2.4,0.6,,28.46,80,9.76,Rain,light rain
2026-08-09 14:23:01,Daman,Dadra and Nagar Haveli and Daman and Diu,20.3974,72.8328,76,76,50,4.6,5,15.5,5,28.63,78,7.19,Rain,light rain
2026-08-09 14:23:01,Srinagar,Jammu and Kashmir,34.0837,74.7973,107,107,66,3.7,1.9,1.6,46.8,28.92,52,1.34,Clouds,few clouds
2026-08-09 14:23:01,Leh,Ladakh,34.1526,77.5771,41,13,6,1.9,2.8,3.1,40.7,23.66,32,1.59,Clouds,broken clouds
2026-08-09 14:23:01,Kavaratti,Lakshadweep,10.5669,72.642,76,76,50,4.6,5,15.5,5,27.79,76,8.48,Rain,light rain
2026-08-09 14:23:01,Puducherry,Puducherry,11.9416,79.8083,44,44,30,3.4,4.6,3.9,17.7,35.74,50,2.8,Clouds,overcast clouds
2026-08-09 15:18:32,Delhi,Delhi,28.6139,77.209,38,76,38,13,4.2,11.8,8.9,36.9,41,4.95,Clouds,scattered clouds
2026-08-09 15:18:32,Mumbai,Maharashtra,19.076,72.8777,65,65,46,4.6,5.1,15.4,7.3,29.47,72,7.09,Rain,light rain
2026-08-09 15:18:32,Bangalore,Karnataka,12.9716,77.5946,46,46,23,5.2,1.5,2.2,8.2,28.09,67,0.89,Clouds,overcast clouds
2026-08-09 15:18:32,Kolkata,West Bengal,22.5726,88.3639,172,172,,,,,,32.46,62,5.2,Rain,moderate rain
2026-08-09 15:18:32,Chennai,Tamil Nadu,13.0827,80.2707,46,46,,,,,,33.71,65,2.68,Clouds,overcast clouds
2026-08-09 15:18:32,Hyderabad,Telangana,17.385,78.4867,93,93,,,,,,29.89,55,6.7,Clouds,overcast clouds
2026-08-09 15:18:32,Pune,Maharashtra,18.5204,73.8567,65,65,46,4.6,5.1,15.4,7.3,28.52,33,6.49,Clouds,broken clouds
2026-08-09 15:18:32,Lucknow,Uttar Pradesh,26.8467,80.9462,128,128,91,10.8,3,3.4,28.4,33.97,54,4.56,Clouds,overcast clouds
2026-08-09 15:18:32,Patna,Bihar,25.5941,85.1376,21,107,,1,0.5,0.6,20.9,36.28,42,4.94,Clouds,overcast clouds
2026-08-09 15:18:32,Ahmedabad,Gujarat,23.0225,72.5714,65,65,46,4.6,5.1,15.4,7.3,32.75,52,5.2,Clouds,broken clouds
2026-08-09 15:18:32,Jaipur,Rajasthan,26.9124,75.7873,65,65,46,4.6,5.1,15.4,7.3,33.26,53,1.34,Rain,light rain
2026-08-09 15:18:32,Chandigarh,Chandigarh,30.7333,76.7794,78,78,46,2.8,9.6,3.6,7.6,34.62,50,3.59,Clouds,scattered clouds
2026-08-09 15:18:32,Bhopal,Madhya Pradesh,23.2599,77.4126,46,46,23,5.2,1.5,2.2,8.2,28.86,72,5.38,Rain,light rain
2026-08-09 15:18:32,Kanpur,Uttar Pradesh,26.4499,80.3319,150,150,86,6.3,9.9,0.4,5.4,33.22,58,4.12,Clouds,overcast clouds
2026-08-09 15:18:32,Guwahati,Assam,26.1445,91.7362,55,25,9,1.9,3.7,2.6,55.2,27.44,83,1.16,Clouds,overcast clouds
2026-08-09 15:18:32,Itanagar,Arunachal Pradesh,27.0844,93.6053,56,25,10,1.9,4.2,3.1,55.8,30.27,66,2.08,Clear,clear sky
2026-08-09 15:18:32,Dispur,Assam,26.1433,91.7898,55,25,9,1.9,3.7,2.6,55.2,28.64,82,1.13,Clouds,overcast clouds
2026-08-09 15:18:32,Raipur,Chhattisgarh,21.2514,81.6296,113,113,90,3,3.4,0.5,16.8,27.67,79,6.39,Clouds,overcast clouds
2026-08-09 15:18:32,Panaji,Goa,15.4909,73.8278,65,65,46,4.6,5.1,15.4,7.3,27.81,76,6.37,Rain,light rain
2026-08-09 15:18:32,Gandhinagar,Gujarat,23.2156,72.6369,65,65,46,4.6,5.1,15.4,7.3,32.21,55,6.26,Clouds,broken clouds
2026-08-09 15:18:32,Shimla,Himachal Pradesh,31.1048,77.1734,78,78,46,2.8,9.6,3.6,7.6,21.5,83,2.28,Rain,moderate rain
2026-08-09 15:18:32,Thiruvananthapuram,Kerala,8.5241,76.9366,42,42,,,,,,28.24,71,6.53,Rain,light rain
2026-08-09 15:18:32,Imphal,Manipur,24.817,93.9368,40,13,6,5.5,2.3,7.1,39.8,23.99,92,1.28,Clouds,overcast clouds
2026-08-09 15:18:32,Shillong,Meghalaya,25.5788,91.8933,55,25,9,1.9,3.7,2.6,55.2,20.82,95,1.81,Clouds,overcast clouds
2026-08-09 15:18:32,Aizawl,Mizoram,23.7271,92.7176,17,13,17,0.6,0.5,5.8,2.3,22.7,94,1.16,Rain,light rain
2026-08-09 15:18:32,Kohima,Nagaland,25.6751,94.1086,40,13,6,5.5,2.3,7.1,39.8,24.02,71,1.06,Clouds,overcast clouds
2026-08-09 15:18:32,Gangtok,Sikkim,27.3389,88.6065,69,69,48,0.7,2.5,0.4,4.3,23.42,91,1.18,Rain,moderate rain
2026-08-09 15:18:32,Agartala,Tripura,23.8315,91.2868,114,114,68,3.5,6.3,2.9,5.8,30.82,74,3.38,Rain,light rain
2026-08-09 15:18:32,Dehradun,Uttarakhand,30.3165,78.0322,89,76,89,3.7,10.9,3.5,6.2,29.63,73,0.95,Rain,light rain
2026-08-09 15:18:32,Port Blair,Andaman and Nicobar Islands,11.6234,92.7265,23,23,,,2.4,0.6,,28.5,81,9.81,Rain,moderate rain
2026-08-09 15:18:32,Daman,Dadra and Nagar Haveli and Daman and Diu,20.3974,72.8328,65,65,46,4.6,5.1,15.4,7.3,28.67,78,7.14,Clouds,broken clouds
2026-08-09 15:18:32,Srinagar,Jammu and Kashmir,34.0837,74.7973,112,112,63,3.7,1.4,1.6,48,30.59,50,0.89,Clouds,few clouds
2026-08-09 15:18:32,Leh,Ladakh,34.1526,77.5771,40,13,6,1.9,3.7,2.6,39.8,24.27,29,1.39,Clouds,broken clouds
2026-08-09 15:18:32,Kavaratti,Lakshadweep,10.5669,72.642,65,65,46,4.6,5.1,15.4,7.3,28.1,74,8.68,Rain,light rain
2026-08-09 15:18:32,Puducherry,Puducherry,11.9416,79.8083,44,44,30,3.4,4.6,3.9,17.7,37.4,53,3.53,Clouds,overcast clouds
2026-08-09 16:11:38,Delhi,Delhi,28.6139,77.209,39,76,39,13.1,4.3,11.5,9.6,35.89,44,4.69,Clouds,scattered clouds
2026-08-09 16:11:38,Mumbai,Maharashtra,19.076,72.8777,102,102,54,4.6,3.9,14.9,7.1,29.29,73,6.94,Rain,light rain
2026-08-09 16:11:38,Bangalore,Karnataka,12.9716,77.5946,68,68,31,4.3,1.6,2,9.4,27.88,68,0.45,Clouds,overcast clouds
2026-08-09 16:11:38,Kolkata,West Bengal,22.5726,88.3639,172,172,,,,,,31.32,68,5.01,Rain,moderate rain
2026-08-09 16:11:38,Chennai,Tamil Nadu,13.0827,80.2707,46,46,,,,,,31.82,76,4.17,Clouds,overcast clouds
2026-08-09 16:11:38,Hyderabad,Telangana,17.385,78.4867,93,93,,,,,,29.44,57,6.69,Clouds,overcast clouds
2026-08-09 16:11:38,Pune,Maharashtra,18.5204,73.8567,102,102,54,4.6,3.9,14.9,7.1,27.41,35,6.28,Clouds,broken clouds
2026-08-09 16:11:38,Lucknow,Uttar Pradesh,26.8467,80.9462,128,128,91,10.8,3,3.4,28.4,34.02,53,4.15,Clouds,overcast clouds
2026-08-09 16:11:38,Patna,Bihar,25.5941,85.1376,21,107,,1,0.5,0.6,20.9,36.02,42,4.31,Clouds,overcast clouds
2026-08-09 16:11:38,Ahmedabad,Gujarat,23.0225,72.5714,102,102,54,4.6,3.9,14.9,7.1,33.04,51,4.96,Clouds,broken clouds
2026-08-09 16:11:38,Jaipur,Rajasthan,26.9124,75.7873,102,102,54,4.6,3.9,14.9,7.1,33.14,53,1.37,Rain,light rain
2026-08-09 16:11:38,Chandigarh,Chandigarh,30.7333,76.7794,91,91,50,4.1,9.5,3.8,8,34.46,50,3.44,Rain,light rain
2026-08-09 16:11:38,Bhopal,Madhya Pradesh,23.2599,77.4126,68,68,31,4.3,1.6,2,9.4,28.1,76,5.57,Clouds,overcast clouds
2026-08-09 16:11:38,Kanpur,Uttar Pradesh,26.4499,80.3319,150,150,86,6.3,9.9,0.4,5.4,32.84,60,4.47,Clouds,overcast clouds
2026-08-09 16:11:38,Guwahati,Assam,26.1445,91.7362,57,25,8,1.9,3.2,2.6,56.5,28.03,79,0.38,Clouds,broken clouds
2026-08-09 16:11:38,Itanagar,Arunachal Pradesh,27.0844,93.6053,59,13,9,1.9,3.2,3.1,59.1,29.29,73,1.84,Clear,clear sky
2026-08-09 16:11:38,Dispur,Assam,26.1433,91.7898,57,25,8,1.9,3.2,2.6,56.5,29.22,78,0.43,Clouds,broken clouds
2026-08-09 16:11:38,Raipur,Chhattisgarh,21.2514,81.6296,113,113,90,3,3.4,0.5,16.8,26.98,83,6.23,Clouds,overcast clouds
2026-08-09 16:11:38,Panaji,Goa,15.4909,73.8278,102,102,54,4.6,3.9,14.9,7.1,27.65,76,6.07,Rain,light rain
2026-08-09 16:11:38,Gandhinagar,Gujarat,23.2156,72.6369,102,102,54,4.6,3.9,14.9,7.1,33.09,52,5.03,Clouds,broken clouds
2026-08-09 16:11:38,Shimla,Himachal Pradesh,31.1048,77.1734,91,91,50,4.1,9.5,3.8,8,21.35,83,2.16,Rain,moderate rain
2026-08-09 16:11:38,Thiruvananthapuram,Kerala,8.5241,76.9366,23,23,,,,,,27.67,74,5.81,Rain,light rain
2026-08-09 16:11:38,Imphal,Manipur,24.817,93.9368,50,50,6,5.5,1.9,6.1,34.2,23.45,95,0.96,Clouds,overcast clouds
2026-08-09 16:11:38,Shillong,Meghalaya,25.5788,91.8933,57,25,8,1.9,3.2,2.6,56.5,20.35,96,1.68,Rain,light rain
2026-08-09 16:11:38,Aizawl,Mizoram,23.7271,92.7176,17,13,17,0.6,0.5,5.8,2.3,23.01,89,0.58,Clouds,overcast clouds
2026-08-09 16:11:38,Kohima,Nagaland,25.6751,94.1086,50,50,6,5.5,1.9,6.1,34.2,22.55,84,0.89,Rain,light rain
2026-08-09 16:11:38,Gangtok,Sikkim,27.3389,88.6065,69,69,48,0.7,2.5,0.4,4.3,23.37,92,0.86,Rain,light rain
2026-08-09 16:11:38,Agartala,Tripura,23.8315,91.2868,114,114,68,3.5,6.3,2.9,5.8,30.27,79,3.18,Rain,light rain
2026-08-09 16:11:38,Dehradun,Uttarakhand,30.3165,78.0322,88,87,88,3.7,10.1,3.5,6.3,29.59,73,0.72,Rain,light rain
2026-08-09 16:11:38,Port Blair,Andaman and Nicobar Islands,11.6234,92.7265,25,25,,,1.8,1.6,,28.33,81,9.9,Rain,moderate rain
2026-08-09 16:11:38,Daman,Dadra and Nagar Haveli and Daman and Diu,20.3974,72.8328,102,102,54,4.6,3.9,14.9,7.1,28.55,79,7.18,Rain,light rain
2026-08-09 16:11:38,Srinagar,Jammu and Kashmir,34.0837,74.7973,112,112,54,2.8,1.4,1.6,48.4,29.47,53,1.43,Clouds,few clouds
2026-08-09 16:11:38,Leh,Ladakh,34.1526,77.5771,34,13,8,1.9,11.9,2.6,33.8,24.8,28,1.75,Clouds,broken clouds
2026-08-09 16:11:38,Kavaratti,Lakshadweep,10.5669,72.642,102,102,54,4.6,3.9,14.9,7.1,27.92,76,8.29,Clouds,overcast clouds
2026-08-09 16:11:38,Puducherry,Puducherry,11.9416,79.8083,44,44,30,3.4,4.6,3.9,17.7,37.4,58,3.76,Clouds,overcast clouds
